Build started 3/6/2026 3:28:27 PM.
Logging verbosity is set to: Detailed.     0>Process = "C:\Program Files\dotnet\dotnet.exe"
       MSBuild executable path = "C:\Program Files\dotnet\sdk\10.0.200-preview.0.26103.119\MSBuild.dll"
       Command line arguments = "C:\Program Files\dotnet\sdk\10.0.200-preview.0.26103.119\MSBuild.dll -maxcpucount --verbosity:m -tlp:default=auto --property:NuGetInteractive=true --restoreProperty:NuGetInteractive=true --restoreProperty:EnableDefaultCompileItems=false --restoreProperty:EnableDefaultEmbeddedResourceItems=false --restoreProperty:EnableDefaultNoneItems=false --nologo /fl /flp:logfile=msbuild.log -consoleloggerparameters:Summary -restore -distributedlogger:Microsoft.DotNet.Cli.Commands.MSBuild.MSBuildLogger,C:\Program Files\dotnet\sdk\10.0.200-preview.0.26103.119\dotnet.dll*Microsoft.DotNet.Cli.Commands.MSBuild.MSBuildForwardingLogger,C:\Program Files\dotnet\sdk\10.0.200-preview.0.26103.119\dotnet.dll"
       Current directory = "D:\ChatmeLast\windows\ChatmeWindows"
       MSBuild version = "18.3.0-release-26103-119+a2bfa4671"
       Based on the Windows registry key LongPathsEnabled, the LongPaths feature is disabled.
       Based on the Windows registry key VerifiedAndReputablePolicyState, SAC state = 0: turned off.
       D:\ChatmeLast\windows\ChatmeWindows\ChatmeWindows.slnx.metaproj : message : Property 'MSBuildExtensionsPath' with value 'C:\Program Files\dotnet\sdk\10.0.200-preview.0.26103.119\' expanded from the environment.
       Assembly loaded during Evaluation: System.Threading.Tasks.Parallel, Version=10.0.0.0, Culture=neutral, PublicKeyToken=b03f5f7f11d50a3a (location: C:\Program Files\dotnet\shared\Microsoft.NETCore.App\10.0.2\System.Threading.Tasks.Parallel.dll, MVID: c827d93a-622c-403f-b635-e7389c8accaa, AssemblyLoadContext: Default)
       Assembly loaded during Evaluation: System.Runtime.Intrinsics, Version=10.0.0.0, Culture=neutral, PublicKeyToken=cc7b13ffcd2ddd51 (location: C:\Program Files\dotnet\shared\Microsoft.NETCore.App\10.0.2\System.Runtime.Intrinsics.dll, MVID: 2189f921-fb16-40ae-aef5-908ef8283659, AssemblyLoadContext: Default)
       The "NuGetInteractive" property is a global property, and cannot be modified.
       C:\Program Files\dotnet\sdk\10.0.200-preview.0.26103.119\NuGet.targets(123,5): message : Property reassignment: $(_GenerateRestoreGraphProjectEntryInputProperties)="
       C:\Program Files\dotnet\sdk\10.0.200-preview.0.26103.119\NuGet.targets(123,5): message :       ExcludeRestorePackageImports=true;
       C:\Program Files\dotnet\sdk\10.0.200-preview.0.26103.119\NuGet.targets(123,5): message :       _RestoreSolutionFileUsed=true;
       C:\Program Files\dotnet\sdk\10.0.200-preview.0.26103.119\NuGet.targets(123,5): message :       SolutionDir=D:\ChatmeLast\windows\ChatmeWindows\;
       C:\Program Files\dotnet\sdk\10.0.200-preview.0.26103.119\NuGet.targets(123,5): message :       SolutionName=ChatmeWindows;
       C:\Program Files\dotnet\sdk\10.0.200-preview.0.26103.119\NuGet.targets(123,5): message :       SolutionFileName=ChatmeWindows.slnx;
       C:\Program Files\dotnet\sdk\10.0.200-preview.0.26103.119\NuGet.targets(123,5): message :       SolutionPath=D:\ChatmeLast\windows\ChatmeWindows\ChatmeWindows.slnx;
       C:\Program Files\dotnet\sdk\10.0.200-preview.0.26103.119\NuGet.targets(123,5): message :       SolutionExt=.slnx;
       C:\Program Files\dotnet\sdk\10.0.200-preview.0.26103.119\NuGet.targets(123,5): message :     " (previous value: "ExcludeRestorePackageImports=true") at C:\Program Files\dotnet\sdk\10.0.200-preview.0.26103.119\NuGet.targets (123,5)
       Assembly loaded during Evaluation: System.Security.Principal.Windows, Version=10.0.0.0, Culture=neutral, PublicKeyToken=b03f5f7f11d50a3a (location: C:\Program Files\dotnet\shared\Microsoft.NETCore.App\10.0.2\System.Security.Principal.Windows.dll, MVID: f5cdaa09-6ef8-4556-8762-278c26bba160, AssemblyLoadContext: Default)
       Assembly loaded during Evaluation: System.Security.Claims, Version=10.0.0.0, Culture=neutral, PublicKeyToken=b03f5f7f11d50a3a (location: C:\Program Files\dotnet\shared\Microsoft.NETCore.App\10.0.2\System.Security.Claims.dll, MVID: d5ae1ecc-620a-441a-91ec-5e7275c327a5, AssemblyLoadContext: Default)
       Assembly loaded during Evaluation: System.Threading.ThreadPool, Version=10.0.0.0, Culture=neutral, PublicKeyToken=b03f5f7f11d50a3a (location: C:\Program Files\dotnet\shared\Microsoft.NETCore.App\10.0.2\System.Threading.ThreadPool.dll, MVID: cf89d91e-2e3e-40ac-9fb6-b69fd96cf813, AssemblyLoadContext: Default)
       Assembly loaded during Evaluation: System.Numerics.Vectors, Version=10.0.0.0, Culture=neutral, PublicKeyToken=b03f5f7f11d50a3a (location: C:\Program Files\dotnet\shared\Microsoft.NETCore.App\10.0.2\System.Numerics.Vectors.dll, MVID: ad5a0660-e3fa-4620-95a4-277a989519de, AssemblyLoadContext: Default)
       Assembly loaded during Evaluation: System.Net.Sockets, Version=10.0.0.0, Culture=neutral, PublicKeyToken=b03f5f7f11d50a3a (location: C:\Program Files\dotnet\shared\Microsoft.NETCore.App\10.0.2\System.Net.Sockets.dll, MVID: a998f3e7-b6d3-4053-bc42-71b3465d447b, AssemblyLoadContext: Default)
       Overriding target "Restore" in project "D:\ChatmeLast\windows\ChatmeWindows\ChatmeWindows.slnx.metaproj" with target "Restore" from project "C:\Program Files\dotnet\sdk\10.0.200-preview.0.26103.119\NuGet.targets".
       The target "_MTPBuild" listed in a BeforeTargets attribute at "C:\Program Files\dotnet\sdk\10.0.200-preview.0.26103.119\Current\SolutionFile\ImportAfter\Microsoft.NET.Sdk.Solution.targets (24,11)" does not exist in the project, and will be ignored.
       The target "Store" listed in a BeforeTargets attribute at "C:\Program Files\dotnet\sdk\10.0.200-preview.0.26103.119\Current\SolutionFile\ImportAfter\Microsoft.NET.Sdk.Solution.targets (33,11)" does not exist in the project, and will be ignored.
       The target "VSTest" listed in a BeforeTargets attribute at "C:\Program Files\dotnet\sdk\10.0.200-preview.0.26103.119\Current\SolutionFile\ImportAfter\Microsoft.NET.Sdk.Solution.targets (33,11)" does not exist in the project, and will be ignored.
       The target "_MTPBuild" listed in a BeforeTargets attribute at "C:\Program Files\dotnet\sdk\10.0.200-preview.0.26103.119\Current\SolutionFile\ImportAfter\Microsoft.NET.Sdk.Solution.targets (33,11)" does not exist in the project, and will be ignored.
       The target "_CheckForInvalidConfigurationAndPlatform" listed in a BeforeTargets attribute at "C:\Program Files\dotnet\sdk\10.0.200-preview.0.26103.119\NuGet.targets (703,11)" does not exist in the project, and will be ignored.
     1>Project "D:\ChatmeLast\windows\ChatmeWindows\ChatmeWindows.slnx" on node 1 (Restore target(s)).
     1>Target "ValidateSolutionConfiguration" in file "D:\ChatmeLast\windows\ChatmeWindows\ChatmeWindows.slnx.metaproj" from project "D:\ChatmeLast\windows\ChatmeWindows\ChatmeWindows.slnx" (entry point):
     1>Using "Message" task from assembly "Microsoft.Build.Tasks.Core, Version=15.1.0.0, Culture=neutral, PublicKeyToken=b03f5f7f11d50a3a".
       Task "Message"
         Building solution configuration "Debug|Any CPU".
       Done executing task "Message".
     1>Done building target "ValidateSolutionConfiguration" in project "ChatmeWindows.slnx".
     1>Target "ValidateToolsVersions" in file "D:\ChatmeLast\windows\ChatmeWindows\ChatmeWindows.slnx.metaproj" from project "D:\ChatmeLast\windows\ChatmeWindows\ChatmeWindows.slnx" (entry point):
     1>Done building target "ValidateToolsVersions" in project "ChatmeWindows.slnx".
     1>Target "ValidateProjects" in file "D:\ChatmeLast\windows\ChatmeWindows\ChatmeWindows.slnx.metaproj" from project "D:\ChatmeLast\windows\ChatmeWindows\ChatmeWindows.slnx" (entry point):
     1>Done building target "ValidateProjects" in project "ChatmeWindows.slnx".
     1>Target "_LoadRestoreGraphEntryPoints" in file "C:\Program Files\dotnet\sdk\10.0.200-preview.0.26103.119\NuGet.targets" from project "D:\ChatmeLast\windows\ChatmeWindows\ChatmeWindows.slnx" (target "_FilterRestoreGraphProjectInputItems" depends on it):
       Assembly loaded during TaskRun: NuGet.Build.Tasks, Version=7.3.0.0, Culture=neutral, PublicKeyToken=31bf3856ad364e35 (location: C:\Program Files\dotnet\sdk\10.0.200-preview.0.26103.119\NuGet.Build.Tasks.dll, MVID: a381e003-9b56-4c39-97c0-1ce9c055b7b5, AssemblyLoadContext: MSBuild plugin C:\Program Files\dotnet\sdk\10.0.200-preview.0.26103.119\NuGet.Build.Tasks.dll)
       Assembly loaded during TaskRun: System.Reflection.Metadata, Version=10.0.0.0, Culture=neutral, PublicKeyToken=b03f5f7f11d50a3a (location: C:\Program Files\dotnet\shared\Microsoft.NETCore.App\10.0.2\System.Reflection.Metadata.dll, MVID: 68d9d628-f4a5-4465-b005-eacae216eec5, AssemblyLoadContext: Default)
       Assembly loaded during TaskRun: NuGet.Common, Version=7.3.0.0, Culture=neutral, PublicKeyToken=31bf3856ad364e35 (location: C:\Program Files\dotnet\sdk\10.0.200-preview.0.26103.119\NuGet.Common.dll, MVID: 3bc17f63-ea68-4d0b-8912-70a8afe877d8, AssemblyLoadContext: MSBuild plugin C:\Program Files\dotnet\sdk\10.0.200-preview.0.26103.119\NuGet.Build.Tasks.dll)
       Assembly loaded during TaskRun: NuGet.Commands, Version=7.3.0.0, Culture=neutral, PublicKeyToken=31bf3856ad364e35 (location: C:\Program Files\dotnet\sdk\10.0.200-preview.0.26103.119\NuGet.Commands.dll, MVID: 318676e9-0df6-452c-ab0f-8db17ecc11b5, AssemblyLoadContext: MSBuild plugin C:\Program Files\dotnet\sdk\10.0.200-preview.0.26103.119\NuGet.Build.Tasks.dll)
       Assembly loaded during TaskRun: NuGet.ProjectModel, Version=7.3.0.0, Culture=neutral, PublicKeyToken=31bf3856ad364e35 (location: C:\Program Files\dotnet\sdk\10.0.200-preview.0.26103.119\NuGet.ProjectModel.dll, MVID: 71e40183-a5bf-4d96-bfdc-ddf7b6d279e8, AssemblyLoadContext: MSBuild plugin C:\Program Files\dotnet\sdk\10.0.200-preview.0.26103.119\NuGet.Build.Tasks.dll)
       Using "GetRestoreSolutionProjectsTask" task from assembly "C:\Program Files\dotnet\sdk\10.0.200-preview.0.26103.119\NuGet.Build.Tasks.dll".
       Task "GetRestoreSolutionProjectsTask"
       Done executing task "GetRestoreSolutionProjectsTask".
     1>Done building target "_LoadRestoreGraphEntryPoints" in project "ChatmeWindows.slnx".
     1>Target "_FilterRestoreGraphProjectInputItems" in file "C:\Program Files\dotnet\sdk\10.0.200-preview.0.26103.119\NuGet.targets" from project "D:\ChatmeLast\windows\ChatmeWindows\ChatmeWindows.slnx" (target "_GenerateRestoreGraph" depends on it):
       Using "RemoveDuplicates" task from assembly "Microsoft.Build.Tasks.Core, Version=15.1.0.0, Culture=neutral, PublicKeyToken=b03f5f7f11d50a3a".
       Task "RemoveDuplicates"
       Done executing task "RemoveDuplicates".
       Using "MSBuild" task from assembly "Microsoft.Build.Tasks.Core, Version=15.1.0.0, Culture=neutral, PublicKeyToken=b03f5f7f11d50a3a".
       Task "MSBuild"
         Global Properties:
           ExcludeRestorePackageImports=true
           _RestoreSolutionFileUsed=true
           SolutionDir=D:\ChatmeLast\windows\ChatmeWindows\
           SolutionName=ChatmeWindows
           SolutionFileName=ChatmeWindows.slnx
           SolutionPath=D:\ChatmeLast\windows\ChatmeWindows\ChatmeWindows.slnx
           SolutionExt=.slnx
         Additional Properties for project "D:\ChatmeLast\windows\ChatmeWindows\ChatmeWindows.csproj":
           Configuration=Debug
           Platform=x64
     0>The SDK "Microsoft.NET.Sdk" was successfully resolved by the "DefaultSdkResolver" resolver to location "C:\Program Files\dotnet\sdk\10.0.200-preview.0.26103.119\Sdks\Microsoft.NET.Sdk\Sdk" and version "".
       C:\Program Files\dotnet\sdk\10.0.200-preview.0.26103.119\Sdks\Microsoft.NET.Sdk\Sdk\Sdk.props(49,11): message : Property 'MSBuildExtensionsPath' with value 'C:\Program Files\dotnet\sdk\10.0.200-preview.0.26103.119\' expanded from the environment.
       C:\Program Files\dotnet\sdk\10.0.200-preview.0.26103.119\Current\Microsoft.Common.props(60,5): message : Property reassignment: $(MSBuildProjectExtensionsPath)="D:\ChatmeLast\windows\ChatmeWindows\obj\" (previous value: "obj\") at C:\Program Files\dotnet\sdk\10.0.200-preview.0.26103.119\Current\Microsoft.Common.props (60,5)
       C:\Program Files\dotnet\sdk\10.0.200-preview.0.26103.119\Current\Microsoft.Common.props(84,119): message : Property 'MSBuildUserExtensionsPath' with value 'C:\Users\ShShohruz\AppData\Local\Microsoft\MSBuild' expanded from the environment.
       The "Configuration" property is a global property, and cannot be modified.
       The "Platform" property is a global property, and cannot be modified.
       The "Configuration" property is a global property, and cannot be modified.
       The "Platform" property is a global property, and cannot be modified.
       C:\Program Files\dotnet\sdk\10.0.200-preview.0.26103.119\Sdks\Microsoft.NET.Sdk\targets\Microsoft.NET.Sdk.props(90,5): message : Property reassignment: $(AssemblySearchPaths)="{CandidateAssemblyFiles};{HintPathFromItem}" (previous value: "{CandidateAssemblyFiles}") at C:\Program Files\dotnet\sdk\10.0.200-preview.0.26103.119\Sdks\Microsoft.NET.Sdk\targets\Microsoft.NET.Sdk.props (90,5)
       C:\Program Files\dotnet\sdk\10.0.200-preview.0.26103.119\Sdks\Microsoft.NET.Sdk\targets\Microsoft.NET.Sdk.props(91,5): message : Property reassignment: $(AssemblySearchPaths)="{CandidateAssemblyFiles};{HintPathFromItem};{TargetFrameworkDirectory}" (previous value: "{CandidateAssemblyFiles};{HintPathFromItem}") at C:\Program Files\dotnet\sdk\10.0.200-preview.0.26103.119\Sdks\Microsoft.NET.Sdk\targets\Microsoft.NET.Sdk.props (91,5)
       C:\Program Files\dotnet\sdk\10.0.200-preview.0.26103.119\Sdks\Microsoft.NET.Sdk\targets\Microsoft.NET.Sdk.props(92,5): message : Property reassignment: $(AssemblySearchPaths)="{CandidateAssemblyFiles};{HintPathFromItem};{TargetFrameworkDirectory};{RawFileName}" (previous value: "{CandidateAssemblyFiles};{HintPathFromItem};{TargetFrameworkDirectory}") at C:\Program Files\dotnet\sdk\10.0.200-preview.0.26103.119\Sdks\Microsoft.NET.Sdk\targets\Microsoft.NET.Sdk.props (92,5)
       The "DefaultSdkResolver" resolver attempted to resolve the SDK "Microsoft.NET.SDK.WorkloadAutoImportPropsLocator".
       Warnings: null
       Errors: MSB4276: The default SDK resolver failed to resolve SDK "Microsoft.NET.SDK.WorkloadAutoImportPropsLocator" because directory "C:\Program Files\dotnet\sdk\10.0.200-preview.0.26103.119\Sdks\Microsoft.NET.SDK.WorkloadAutoImportPropsLocator\Sdk" did not exist.
       Assembly loaded during Evaluation: Microsoft.Build.NuGetSdkResolver, Version=7.3.0.0, Culture=neutral, PublicKeyToken=31bf3856ad364e35 (location: C:\Program Files\dotnet\sdk\10.0.200-preview.0.26103.119\Microsoft.Build.NuGetSdkResolver.dll, MVID: c75afbd9-b807-4f30-91ef-54d995dd4581, AssemblyLoadContext: MSBuild plugin C:\Program Files\dotnet\sdk\10.0.200-preview.0.26103.119\Microsoft.Build.NuGetSdkResolver.dll)
       Assembly loaded during Evaluation: NuGet.Common, Version=7.3.0.0, Culture=neutral, PublicKeyToken=31bf3856ad364e35 (location: C:\Program Files\dotnet\sdk\10.0.200-preview.0.26103.119\NuGet.Common.dll, MVID: 3bc17f63-ea68-4d0b-8912-70a8afe877d8, AssemblyLoadContext: MSBuild plugin C:\Program Files\dotnet\sdk\10.0.200-preview.0.26103.119\Microsoft.Build.NuGetSdkResolver.dll)
       Assembly loaded during Evaluation: Microsoft.NET.Sdk.WorkloadMSBuildSdkResolver, Version=10.0.200.0, Culture=neutral, PublicKeyToken=31bf3856ad364e35 (location: C:\Program Files\dotnet\sdk\10.0.200-preview.0.26103.119\Microsoft.NET.Sdk.WorkloadMSBuildSdkResolver.dll, MVID: e84beebb-a2c9-47ab-8995-f8aa4fcc01c5, AssemblyLoadContext: MSBuild plugin C:\Program Files\dotnet\sdk\10.0.200-preview.0.26103.119\Microsoft.NET.Sdk.WorkloadMSBuildSdkResolver.dll)
       Assembly loaded during Evaluation: Microsoft.DotNet.Cli.Utils, Version=10.0.200.0, Culture=neutral, PublicKeyToken=adb9793829ddae60 (location: C:\Program Files\dotnet\sdk\10.0.200-preview.0.26103.119\Microsoft.DotNet.Cli.Utils.dll, MVID: 6b7a997d-4c1b-4010-9b3c-eac5aad57a16, AssemblyLoadContext: MSBuild plugin C:\Program Files\dotnet\sdk\10.0.200-preview.0.26103.119\Microsoft.NET.Sdk.WorkloadMSBuildSdkResolver.dll)
       Assembly loaded during Evaluation: Microsoft.NET.Sdk.WorkloadManifestReader, Version=10.0.200.0, Culture=neutral, PublicKeyToken=adb9793829ddae60 (location: C:\Program Files\dotnet\sdk\10.0.200-preview.0.26103.119\Microsoft.NET.Sdk.WorkloadManifestReader.dll, MVID: d472cbb3-285d-4314-a862-d339bdf85fe3, AssemblyLoadContext: MSBuild plugin C:\Program Files\dotnet\sdk\10.0.200-preview.0.26103.119\Microsoft.NET.Sdk.WorkloadMSBuildSdkResolver.dll)
       Assembly loaded during Evaluation: Microsoft.Deployment.DotNet.Releases, Version=2.0.0.0, Culture=neutral, PublicKeyToken=31bf3856ad364e35 (location: C:\Program Files\dotnet\sdk\10.0.200-preview.0.26103.119\Microsoft.Deployment.DotNet.Releases.dll, MVID: 80b7d375-dc3e-433d-9d6a-803f8910de16, AssemblyLoadContext: MSBuild plugin C:\Program Files\dotnet\sdk\10.0.200-preview.0.26103.119\Microsoft.NET.Sdk.WorkloadMSBuildSdkResolver.dll)
       Assembly loaded during Evaluation: System.Collections.NonGeneric, Version=10.0.0.0, Culture=neutral, PublicKeyToken=b03f5f7f11d50a3a (location: C:\Program Files\dotnet\shared\Microsoft.NETCore.App\10.0.2\System.Collections.NonGeneric.dll, MVID: 93f61b3b-397e-41d1-a23f-d3c8c69deefe, AssemblyLoadContext: Default)
       The SDK "Microsoft.NET.SDK.WorkloadAutoImportPropsLocator" was successfully resolved by the "Microsoft.DotNet.MSBuildWorkloadSdkResolver" resolver to location "C:\Program Files\dotnet\packs\Microsoft.Android.Sdk.Windows\36.1.30\Sdk" and version "null".
       D:\ChatmeLast\windows\ChatmeWindows\ChatmeWindows.csproj(6,9): message : Property reassignment: $(OutputType)="WinExe" (previous value: "Library") at D:\ChatmeLast\windows\ChatmeWindows\ChatmeWindows.csproj (6,9)
       D:\ChatmeLast\windows\ChatmeWindows\ChatmeWindows.csproj(21,9): message : Property reassignment: $(Platforms)="x86;x64;ARM64" (previous value: "AnyCPU") at D:\ChatmeLast\windows\ChatmeWindows\ChatmeWindows.csproj (21,9)
       Assembly loaded during Evaluation: NuGet.Frameworks, Version=7.3.0.0, Culture=neutral, PublicKeyToken=31bf3856ad364e35 (location: C:\Program Files\dotnet\sdk\10.0.200-preview.0.26103.119\NuGet.Frameworks.dll, MVID: c1641cc8-c077-4b73-ab8e-f1dfbd43c8d9, AssemblyLoadContext: Assembly.LoadFile(C:\Program Files\dotnet\sdk\10.0.200-preview.0.26103.119\NuGet.Frameworks.dll))
       The "Configuration" property is a global property, and cannot be modified.
       The "Platform" property is a global property, and cannot be modified.
       The "Platform" property is a global property, and cannot be modified.
       C:\Program Files\dotnet\sdk\10.0.200-preview.0.26103.119\Sdks\Microsoft.NET.Sdk\targets\Microsoft.NET.TargetFrameworkInference.targets(84,5): message : Property reassignment: $(TargetPlatformIdentifier)="Windows" (previous value: "windows") at C:\Program Files\dotnet\sdk\10.0.200-preview.0.26103.119\Sdks\Microsoft.NET.Sdk\targets\Microsoft.NET.TargetFrameworkInference.targets (84,5)
       C:\Program Files\dotnet\sdk\10.0.200-preview.0.26103.119\Sdks\Microsoft.NET.Sdk\targets\Microsoft.NET.DefaultOutputPaths.targets(127,5): message : Property reassignment: $(DefaultItemExcludes)=";bin\x64\Debug\/**;obj\x64\Debug\/**" (previous value: ";bin\x64\Debug\/**") at C:\Program Files\dotnet\sdk\10.0.200-preview.0.26103.119\Sdks\Microsoft.NET.Sdk\targets\Microsoft.NET.DefaultOutputPaths.targets (127,5)
       C:\Program Files\dotnet\sdk\10.0.200-preview.0.26103.119\Sdks\Microsoft.NET.Sdk\targets\Microsoft.NET.DefaultOutputPaths.targets(142,5): message : Property reassignment: $(OutputPath)="bin\x64\Debug\net10.0-windows10.0.19041.0\" (previous value: "bin\x64\Debug\") at C:\Program Files\dotnet\sdk\10.0.200-preview.0.26103.119\Sdks\Microsoft.NET.Sdk\targets\Microsoft.NET.DefaultOutputPaths.targets (142,5)
       C:\Program Files\dotnet\sdk\10.0.200-preview.0.26103.119\Sdks\Microsoft.NET.Sdk\targets\Microsoft.NET.DefaultOutputPaths.targets(147,5): message : Property reassignment: $(IntermediateOutputPath)="obj\x64\Debug\net10.0-windows10.0.19041.0\" (previous value: "obj\x64\Debug\") at C:\Program Files\dotnet\sdk\10.0.200-preview.0.26103.119\Sdks\Microsoft.NET.Sdk\targets\Microsoft.NET.DefaultOutputPaths.targets (147,5)
       The "DefaultSdkResolver" resolver attempted to resolve the SDK "Microsoft.NET.SDK.WorkloadManifestTargetsLocator".
       Warnings: null
       Errors: MSB4276: The default SDK resolver failed to resolve SDK "Microsoft.NET.SDK.WorkloadManifestTargetsLocator" because directory "C:\Program Files\dotnet\sdk\10.0.200-preview.0.26103.119\Sdks\Microsoft.NET.SDK.WorkloadManifestTargetsLocator\Sdk" did not exist.
       The SDK "Microsoft.NET.SDK.WorkloadManifestTargetsLocator" was successfully resolved by the "Microsoft.DotNet.MSBuildWorkloadSdkResolver" resolver to location "C:\Program Files\dotnet\sdk-manifests\10.0.100\microsoft.net.sdk.android\36.1.30" and version "null".
       C:\Program Files\dotnet\sdk\10.0.200-preview.0.26103.119\Sdks\Microsoft.NET.Sdk\targets\Microsoft.NET.RuntimeIdentifierInference.targets(401,5): message : Property reassignment: $(IntermediateOutputPath)="obj\x64\Debug\net10.0-windows10.0.19041.0\win-x64\" (previous value: "obj\x64\Debug\net10.0-windows10.0.19041.0\") at C:\Program Files\dotnet\sdk\10.0.200-preview.0.26103.119\Sdks\Microsoft.NET.Sdk\targets\Microsoft.NET.RuntimeIdentifierInference.targets (401,5)
       C:\Program Files\dotnet\sdk\10.0.200-preview.0.26103.119\Sdks\Microsoft.NET.Sdk\targets\Microsoft.NET.RuntimeIdentifierInference.targets(402,5): message : Property reassignment: $(OutputPath)="bin\x64\Debug\net10.0-windows10.0.19041.0\win-x64\" (previous value: "bin\x64\Debug\net10.0-windows10.0.19041.0\") at C:\Program Files\dotnet\sdk\10.0.200-preview.0.26103.119\Sdks\Microsoft.NET.Sdk\targets\Microsoft.NET.RuntimeIdentifierInference.targets (402,5)
       C:\Program Files\dotnet\sdk\10.0.200-preview.0.26103.119\Sdks\Microsoft.NET.Sdk\targets\Microsoft.NET.Sdk.BeforeCommon.targets(379,5): message : Property reassignment: $(RoslynTargetsPath)="C:\Program Files\dotnet\sdk\10.0.200-preview.0.26103.119\Sdks\Microsoft.NET.Sdk\targets\..\..\..\Roslyn" (previous value: "C:\Program Files\dotnet\sdk\10.0.200-preview.0.26103.119\Roslyn") at C:\Program Files\dotnet\sdk\10.0.200-preview.0.26103.119\Sdks\Microsoft.NET.Sdk\targets\Microsoft.NET.Sdk.BeforeCommon.targets (379,5)
       C:\Program Files\dotnet\sdk\10.0.200-preview.0.26103.119\Roslyn\Microsoft.Managed.Core.targets(6,5): message : Property reassignment: $(_BuildTasksDirectory)="C:\Program Files\dotnet\sdk\10.0.200-preview.0.26103.119\Sdks\Microsoft.NET.Sdk\targets\..\..\..\Roslyn\" (previous value: "C:\Program Files\dotnet\sdk\10.0.200-preview.0.26103.119\Roslyn\") at C:\Program Files\dotnet\sdk\10.0.200-preview.0.26103.119\Roslyn\Microsoft.Managed.Core.targets (6,5)
       C:\Program Files\dotnet\sdk\10.0.200-preview.0.26103.119\Roslyn\Microsoft.CSharp.Core.targets(205,5): message : Property reassignment: $(CommandLineArgsForDesignTimeEvaluation)="-langversion:latest -define:TRACE" (previous value: "-langversion:latest") at C:\Program Files\dotnet\sdk\10.0.200-preview.0.26103.119\Roslyn\Microsoft.CSharp.Core.targets (205,5)
       The "Platform" property is a global property, and cannot be modified.
       The "Configuration" property is a global property, and cannot be modified.
       C:\Program Files\dotnet\sdk\10.0.200-preview.0.26103.119\Microsoft.Common.CurrentVersion.targets(175,5): message : Property reassignment: $(_DebugSymbolsProduced)="true" (previous value: "false") at C:\Program Files\dotnet\sdk\10.0.200-preview.0.26103.119\Microsoft.Common.CurrentVersion.targets (175,5)
       C:\Program Files\dotnet\sdk\10.0.200-preview.0.26103.119\Microsoft.Common.CurrentVersion.targets(185,5): message : Property reassignment: $(_DocumentationFileProduced)="false" (previous value: "true") at C:\Program Files\dotnet\sdk\10.0.200-preview.0.26103.119\Microsoft.Common.CurrentVersion.targets (185,5)
       The "SolutionName" property is a global property, and cannot be modified.
       The "SolutionFileName" property is a global property, and cannot be modified.
       The "SolutionPath" property is a global property, and cannot be modified.
       The "SolutionDir" property is a global property, and cannot be modified.
       The "SolutionExt" property is a global property, and cannot be modified.
       C:\Program Files\dotnet\sdk\10.0.200-preview.0.26103.119\Microsoft.Common.CurrentVersion.targets(392,5): message : Property reassignment: $(MSBuildCopyMarkerName)="ChatmeWi.5BB63FB1" (previous value: "ChatmeWindows.csproj") at C:\Program Files\dotnet\sdk\10.0.200-preview.0.26103.119\Microsoft.Common.CurrentVersion.targets (392,5)
       C:\Program Files\dotnet\sdk\10.0.200-preview.0.26103.119\Microsoft.Common.CurrentVersion.targets(393,5): message : Property reassignment: $(MSBuildCopyMarkerName)="ChatmeWi.5BB63FB1.Up2Date" (previous value: "ChatmeWi.5BB63FB1") at C:\Program Files\dotnet\sdk\10.0.200-preview.0.26103.119\Microsoft.Common.CurrentVersion.targets (393,5)
       C:\Program Files\dotnet\sdk\10.0.200-preview.0.26103.119\Microsoft.Common.CurrentVersion.targets(528,5): message : Property reassignment: $(ProcessorArchitecture)="amd64" (previous value: "x64") at C:\Program Files\dotnet\sdk\10.0.200-preview.0.26103.119\Microsoft.Common.CurrentVersion.targets (528,5)
       C:\Program Files\dotnet\sdk\10.0.200-preview.0.26103.119\Microsoft.Common.CurrentVersion.targets(580,5): message : Property reassignment: $(DelaySign)="" (previous value: "false") at C:\Program Files\dotnet\sdk\10.0.200-preview.0.26103.119\Microsoft.Common.CurrentVersion.targets (580,5)
       C:\Program Files\dotnet\sdk\10.0.200-preview.0.26103.119\Microsoft.Common.CurrentVersion.targets(2620,5): message : Property 'LOCALAPPDATA' with value 'C:\Users\ShShohruz\AppData\Local' expanded from the environment.
       C:\Program Files\dotnet\sdk\10.0.200-preview.0.26103.119\Microsoft.Common.CurrentVersion.targets(3948,5): message : Property reassignment: $(_SGenGenerateSerializationAssembliesConfig)="Auto" (previous value: "") at C:\Program Files\dotnet\sdk\10.0.200-preview.0.26103.119\Microsoft.Common.CurrentVersion.targets (3948,5)
       C:\Program Files\dotnet\sdk\10.0.200-preview.0.26103.119\Microsoft.Common.CurrentVersion.targets(3949,5): message : Property reassignment: $(_SGenGenerateSerializationAssembliesConfig)="Off" (previous value: "Auto") at C:\Program Files\dotnet\sdk\10.0.200-preview.0.26103.119\Microsoft.Common.CurrentVersion.targets (3949,5)
       C:\Program Files\dotnet\sdk\10.0.200-preview.0.26103.119\Microsoft.Common.CurrentVersion.targets(5160,5): message : Property reassignment: $(_TargetsThatPrepareProjectReferences)="
       C:\Program Files\dotnet\sdk\10.0.200-preview.0.26103.119\Microsoft.Common.CurrentVersion.targets(5160,5): message :       AssignProjectConfiguration;
       C:\Program Files\dotnet\sdk\10.0.200-preview.0.26103.119\Microsoft.Common.CurrentVersion.targets(5160,5): message :       _SplitProjectReferencesByFileExistence
       C:\Program Files\dotnet\sdk\10.0.200-preview.0.26103.119\Microsoft.Common.CurrentVersion.targets(5160,5): message :     " (previous value: "_SplitProjectReferencesByFileExistence") at C:\Program Files\dotnet\sdk\10.0.200-preview.0.26103.119\Microsoft.Common.CurrentVersion.targets (5160,5)
       C:\Program Files\dotnet\sdk\10.0.200-preview.0.26103.119\Microsoft.Common.CurrentVersion.targets(6973,5): message : Property 'MSBuildExtensionsPath32' with value 'C:\Program Files\dotnet\sdk\10.0.200-preview.0.26103.119' expanded from the environment.
       The "_RestoreSolutionFileUsed" property is a global property, and cannot be modified.
       The "NuGetInteractive" property is a global property, and cannot be modified.
       C:\Program Files\dotnet\sdk\10.0.200-preview.0.26103.119\NuGet.targets(123,5): message : Property reassignment: $(_GenerateRestoreGraphProjectEntryInputProperties)="
       C:\Program Files\dotnet\sdk\10.0.200-preview.0.26103.119\NuGet.targets(123,5): message :       ExcludeRestorePackageImports=true;
       C:\Program Files\dotnet\sdk\10.0.200-preview.0.26103.119\NuGet.targets(123,5): message :       _RestoreSolutionFileUsed=true;
       C:\Program Files\dotnet\sdk\10.0.200-preview.0.26103.119\NuGet.targets(123,5): message :       SolutionDir=D:\ChatmeLast\windows\ChatmeWindows\;
       C:\Program Files\dotnet\sdk\10.0.200-preview.0.26103.119\NuGet.targets(123,5): message :       SolutionName=ChatmeWindows;
       C:\Program Files\dotnet\sdk\10.0.200-preview.0.26103.119\NuGet.targets(123,5): message :       SolutionFileName=ChatmeWindows.slnx;
       C:\Program Files\dotnet\sdk\10.0.200-preview.0.26103.119\NuGet.targets(123,5): message :       SolutionPath=D:\ChatmeLast\windows\ChatmeWindows\ChatmeWindows.slnx;
       C:\Program Files\dotnet\sdk\10.0.200-preview.0.26103.119\NuGet.targets(123,5): message :       SolutionExt=.slnx;
       C:\Program Files\dotnet\sdk\10.0.200-preview.0.26103.119\NuGet.targets(123,5): message :     " (previous value: "ExcludeRestorePackageImports=true") at C:\Program Files\dotnet\sdk\10.0.200-preview.0.26103.119\NuGet.targets (123,5)
       Assembly loaded during Evaluation: System.Diagnostics.StackTrace, Version=10.0.0.0, Culture=neutral, PublicKeyToken=b03f5f7f11d50a3a (location: C:\Program Files\dotnet\shared\Microsoft.NETCore.App\10.0.2\System.Diagnostics.StackTrace.dll, MVID: 216e00f5-cc4f-4018-9e77-710e077a3e43, AssemblyLoadContext: Default)
       C:\Program Files\dotnet\sdk\10.0.200-preview.0.26103.119\Sdks\Microsoft.NET.Sdk\targets\Microsoft.PackageDependencyResolution.targets(24,5): message : Property reassignment: $(ProjectAssetsFile)="D:\ChatmeLast\windows\ChatmeWindows\obj\project.assets.json" (previous value: "D:\ChatmeLast\windows\ChatmeWindows\obj\/project.assets.json") at C:\Program Files\dotnet\sdk\10.0.200-preview.0.26103.119\Sdks\Microsoft.NET.Sdk\targets\Microsoft.PackageDependencyResolution.targets (24,5)
       C:\Program Files\dotnet\sdk\10.0.200-preview.0.26103.119\Sdks\Microsoft.NET.Sdk\targets\Microsoft.PackageDependencyResolution.targets(29,5): message : Property reassignment: $(ProjectAssetsCacheFile)="D:\ChatmeLast\windows\ChatmeWindows\obj\x64\Debug\net10.0-windows10.0.19041.0\win-x64\ChatmeWindows.assets.cache" (previous value: "obj\x64\Debug\net10.0-windows10.0.19041.0\win-x64\ChatmeWindows.assets.cache") at C:\Program Files\dotnet\sdk\10.0.200-preview.0.26103.119\Sdks\Microsoft.NET.Sdk\targets\Microsoft.PackageDependencyResolution.targets (29,5)
       C:\Program Files\dotnet\sdk\10.0.200-preview.0.26103.119\Sdks\Microsoft.NET.Sdk\targets\Microsoft.PackageDependencyResolution.targets(80,5): message : Property reassignment: $(ResolveAssemblyReferencesDependsOn)="
       C:\Program Files\dotnet\sdk\10.0.200-preview.0.26103.119\Sdks\Microsoft.NET.Sdk\targets\Microsoft.PackageDependencyResolution.targets(80,5): message :       
       C:\Program Files\dotnet\sdk\10.0.200-preview.0.26103.119\Sdks\Microsoft.NET.Sdk\targets\Microsoft.PackageDependencyResolution.targets(80,5): message :       ResolveProjectReferences;
       C:\Program Files\dotnet\sdk\10.0.200-preview.0.26103.119\Sdks\Microsoft.NET.Sdk\targets\Microsoft.PackageDependencyResolution.targets(80,5): message :       FindInvalidProjectReferences;
       C:\Program Files\dotnet\sdk\10.0.200-preview.0.26103.119\Sdks\Microsoft.NET.Sdk\targets\Microsoft.PackageDependencyResolution.targets(80,5): message :       GetFrameworkPaths;
       C:\Program Files\dotnet\sdk\10.0.200-preview.0.26103.119\Sdks\Microsoft.NET.Sdk\targets\Microsoft.PackageDependencyResolution.targets(80,5): message :       GetReferenceAssemblyPaths;
       C:\Program Files\dotnet\sdk\10.0.200-preview.0.26103.119\Sdks\Microsoft.NET.Sdk\targets\Microsoft.PackageDependencyResolution.targets(80,5): message :       PrepareForBuild;
       C:\Program Files\dotnet\sdk\10.0.200-preview.0.26103.119\Sdks\Microsoft.NET.Sdk\targets\Microsoft.PackageDependencyResolution.targets(80,5): message :       ResolveSDKReferences;
       C:\Program Files\dotnet\sdk\10.0.200-preview.0.26103.119\Sdks\Microsoft.NET.Sdk\targets\Microsoft.PackageDependencyResolution.targets(80,5): message :       ExpandSDKReferences;
       C:\Program Files\dotnet\sdk\10.0.200-preview.0.26103.119\Sdks\Microsoft.NET.Sdk\targets\Microsoft.PackageDependencyResolution.targets(80,5): message :     ;
       C:\Program Files\dotnet\sdk\10.0.200-preview.0.26103.119\Sdks\Microsoft.NET.Sdk\targets\Microsoft.PackageDependencyResolution.targets(80,5): message :       ResolvePackageDependenciesForBuild;
       C:\Program Files\dotnet\sdk\10.0.200-preview.0.26103.119\Sdks\Microsoft.NET.Sdk\targets\Microsoft.PackageDependencyResolution.targets(80,5): message :       _HandlePackageFileConflicts;
       C:\Program Files\dotnet\sdk\10.0.200-preview.0.26103.119\Sdks\Microsoft.NET.Sdk\targets\Microsoft.PackageDependencyResolution.targets(80,5): message :     " (previous value: "
       C:\Program Files\dotnet\sdk\10.0.200-preview.0.26103.119\Sdks\Microsoft.NET.Sdk\targets\Microsoft.PackageDependencyResolution.targets(80,5): message :       ResolveProjectReferences;
       C:\Program Files\dotnet\sdk\10.0.200-preview.0.26103.119\Sdks\Microsoft.NET.Sdk\targets\Microsoft.PackageDependencyResolution.targets(80,5): message :       FindInvalidProjectReferences;
       C:\Program Files\dotnet\sdk\10.0.200-preview.0.26103.119\Sdks\Microsoft.NET.Sdk\targets\Microsoft.PackageDependencyResolution.targets(80,5): message :       GetFrameworkPaths;
       C:\Program Files\dotnet\sdk\10.0.200-preview.0.26103.119\Sdks\Microsoft.NET.Sdk\targets\Microsoft.PackageDependencyResolution.targets(80,5): message :       GetReferenceAssemblyPaths;
       C:\Program Files\dotnet\sdk\10.0.200-preview.0.26103.119\Sdks\Microsoft.NET.Sdk\targets\Microsoft.PackageDependencyResolution.targets(80,5): message :       PrepareForBuild;
       C:\Program Files\dotnet\sdk\10.0.200-preview.0.26103.119\Sdks\Microsoft.NET.Sdk\targets\Microsoft.PackageDependencyResolution.targets(80,5): message :       ResolveSDKReferences;
       C:\Program Files\dotnet\sdk\10.0.200-preview.0.26103.119\Sdks\Microsoft.NET.Sdk\targets\Microsoft.PackageDependencyResolution.targets(80,5): message :       ExpandSDKReferences;
       C:\Program Files\dotnet\sdk\10.0.200-preview.0.26103.119\Sdks\Microsoft.NET.Sdk\targets\Microsoft.PackageDependencyResolution.targets(80,5): message :     ") at C:\Program Files\dotnet\sdk\10.0.200-preview.0.26103.119\Sdks\Microsoft.NET.Sdk\targets\Microsoft.PackageDependencyResolution.targets (80,5)
       C:\Program Files\dotnet\sdk\10.0.200-preview.0.26103.119\Sdks\Microsoft.NET.Sdk\targets\Microsoft.PackageDependencyResolution.targets(86,5): message : Property reassignment: $(PrepareResourcesDependsOn)="
       C:\Program Files\dotnet\sdk\10.0.200-preview.0.26103.119\Sdks\Microsoft.NET.Sdk\targets\Microsoft.PackageDependencyResolution.targets(86,5): message :       ResolvePackageDependenciesForBuild;
       C:\Program Files\dotnet\sdk\10.0.200-preview.0.26103.119\Sdks\Microsoft.NET.Sdk\targets\Microsoft.PackageDependencyResolution.targets(86,5): message :       _HandlePackageFileConflicts;
       C:\Program Files\dotnet\sdk\10.0.200-preview.0.26103.119\Sdks\Microsoft.NET.Sdk\targets\Microsoft.PackageDependencyResolution.targets(86,5): message :       
       C:\Program Files\dotnet\sdk\10.0.200-preview.0.26103.119\Sdks\Microsoft.NET.Sdk\targets\Microsoft.PackageDependencyResolution.targets(86,5): message :       ;
       C:\Program Files\dotnet\sdk\10.0.200-preview.0.26103.119\Sdks\Microsoft.NET.Sdk\targets\Microsoft.PackageDependencyResolution.targets(86,5): message :       PrepareResourceNames;
       C:\Program Files\dotnet\sdk\10.0.200-preview.0.26103.119\Sdks\Microsoft.NET.Sdk\targets\Microsoft.PackageDependencyResolution.targets(86,5): message :       ResGen;
       C:\Program Files\dotnet\sdk\10.0.200-preview.0.26103.119\Sdks\Microsoft.NET.Sdk\targets\Microsoft.PackageDependencyResolution.targets(86,5): message :       CompileLicxFiles
       C:\Program Files\dotnet\sdk\10.0.200-preview.0.26103.119\Sdks\Microsoft.NET.Sdk\targets\Microsoft.PackageDependencyResolution.targets(86,5): message :     
       C:\Program Files\dotnet\sdk\10.0.200-preview.0.26103.119\Sdks\Microsoft.NET.Sdk\targets\Microsoft.PackageDependencyResolution.targets(86,5): message :     " (previous value: "
       C:\Program Files\dotnet\sdk\10.0.200-preview.0.26103.119\Sdks\Microsoft.NET.Sdk\targets\Microsoft.PackageDependencyResolution.targets(86,5): message :       ;
       C:\Program Files\dotnet\sdk\10.0.200-preview.0.26103.119\Sdks\Microsoft.NET.Sdk\targets\Microsoft.PackageDependencyResolution.targets(86,5): message :       PrepareResourceNames;
       C:\Program Files\dotnet\sdk\10.0.200-preview.0.26103.119\Sdks\Microsoft.NET.Sdk\targets\Microsoft.PackageDependencyResolution.targets(86,5): message :       ResGen;
       C:\Program Files\dotnet\sdk\10.0.200-preview.0.26103.119\Sdks\Microsoft.NET.Sdk\targets\Microsoft.PackageDependencyResolution.targets(86,5): message :       CompileLicxFiles
       C:\Program Files\dotnet\sdk\10.0.200-preview.0.26103.119\Sdks\Microsoft.NET.Sdk\targets\Microsoft.PackageDependencyResolution.targets(86,5): message :     ") at C:\Program Files\dotnet\sdk\10.0.200-preview.0.26103.119\Sdks\Microsoft.NET.Sdk\targets\Microsoft.PackageDependencyResolution.targets (86,5)
       The "EnableDefaultCompileItems" property is a global property, and cannot be modified.
       The "EnableDefaultEmbeddedResourceItems" property is a global property, and cannot be modified.
       The "EnableDefaultNoneItems" property is a global property, and cannot be modified.
       C:\Program Files\dotnet\sdk\10.0.200-preview.0.26103.119\Sdks\Microsoft.NET.Sdk\targets\Microsoft.NET.Sdk.DefaultItems.targets(35,5): message : Property reassignment: $(DefaultItemExcludes)=";bin\x64\Debug\/**;obj\x64\Debug\/**;bin\/**" (previous value: ";bin\x64\Debug\/**;obj\x64\Debug\/**") at C:\Program Files\dotnet\sdk\10.0.200-preview.0.26103.119\Sdks\Microsoft.NET.Sdk\targets\Microsoft.NET.Sdk.DefaultItems.targets (35,5)
       C:\Program Files\dotnet\sdk\10.0.200-preview.0.26103.119\Sdks\Microsoft.NET.Sdk\targets\Microsoft.NET.Sdk.DefaultItems.targets(37,5): message : Property reassignment: $(DefaultItemExcludes)=";bin\x64\Debug\/**;obj\x64\Debug\/**;bin\/**;obj\/**" (previous value: ";bin\x64\Debug\/**;obj\x64\Debug\/**;bin\/**") at C:\Program Files\dotnet\sdk\10.0.200-preview.0.26103.119\Sdks\Microsoft.NET.Sdk\targets\Microsoft.NET.Sdk.DefaultItems.targets (37,5)
       C:\Program Files\dotnet\sdk\10.0.200-preview.0.26103.119\Sdks\Microsoft.NET.Sdk\targets\Microsoft.NET.Sdk.DefaultItems.targets(41,5): message : Property reassignment: $(DefaultItemExcludes)=";bin\x64\Debug\/**;obj\x64\Debug\/**;bin\/**;obj\/**;bin\Debug\net10.0-windows10.0.19041.0\win-x64\publish\/**" (previous value: ";bin\x64\Debug\/**;obj\x64\Debug\/**;bin\/**;obj\/**") at C:\Program Files\dotnet\sdk\10.0.200-preview.0.26103.119\Sdks\Microsoft.NET.Sdk\targets\Microsoft.NET.Sdk.DefaultItems.targets (41,5)
       C:\Program Files\dotnet\sdk\10.0.200-preview.0.26103.119\Sdks\Microsoft.NET.Sdk\targets\Microsoft.NET.Sdk.DefaultItems.targets(44,5): message : Property reassignment: $(DefaultItemExcludes)=";bin\x64\Debug\/**;obj\x64\Debug\/**;bin\/**;obj\/**;bin\Debug\net10.0-windows10.0.19041.0\win-x64\publish\/**;**/*.user" (previous value: ";bin\x64\Debug\/**;obj\x64\Debug\/**;bin\/**;obj\/**;bin\Debug\net10.0-windows10.0.19041.0\win-x64\publish\/**") at C:\Program Files\dotnet\sdk\10.0.200-preview.0.26103.119\Sdks\Microsoft.NET.Sdk\targets\Microsoft.NET.Sdk.DefaultItems.targets (44,5)
       C:\Program Files\dotnet\sdk\10.0.200-preview.0.26103.119\Sdks\Microsoft.NET.Sdk\targets\Microsoft.NET.Sdk.DefaultItems.targets(45,5): message : Property reassignment: $(DefaultItemExcludes)=";bin\x64\Debug\/**;obj\x64\Debug\/**;bin\/**;obj\/**;bin\Debug\net10.0-windows10.0.19041.0\win-x64\publish\/**;**/*.user;**/*.*proj" (previous value: ";bin\x64\Debug\/**;obj\x64\Debug\/**;bin\/**;obj\/**;bin\Debug\net10.0-windows10.0.19041.0\win-x64\publish\/**;**/*.user") at C:\Program Files\dotnet\sdk\10.0.200-preview.0.26103.119\Sdks\Microsoft.NET.Sdk\targets\Microsoft.NET.Sdk.DefaultItems.targets (45,5)
       C:\Program Files\dotnet\sdk\10.0.200-preview.0.26103.119\Sdks\Microsoft.NET.Sdk\targets\Microsoft.NET.Sdk.DefaultItems.targets(46,5): message : Property reassignment: $(DefaultItemExcludes)=";bin\x64\Debug\/**;obj\x64\Debug\/**;bin\/**;obj\/**;bin\Debug\net10.0-windows10.0.19041.0\win-x64\publish\/**;**/*.user;**/*.*proj;**/*.sln" (previous value: ";bin\x64\Debug\/**;obj\x64\Debug\/**;bin\/**;obj\/**;bin\Debug\net10.0-windows10.0.19041.0\win-x64\publish\/**;**/*.user;**/*.*proj") at C:\Program Files\dotnet\sdk\10.0.200-preview.0.26103.119\Sdks\Microsoft.NET.Sdk\targets\Microsoft.NET.Sdk.DefaultItems.targets (46,5)
       C:\Program Files\dotnet\sdk\10.0.200-preview.0.26103.119\Sdks\Microsoft.NET.Sdk\targets\Microsoft.NET.Sdk.DefaultItems.targets(47,5): message : Property reassignment: $(DefaultItemExcludes)=";bin\x64\Debug\/**;obj\x64\Debug\/**;bin\/**;obj\/**;bin\Debug\net10.0-windows10.0.19041.0\win-x64\publish\/**;**/*.user;**/*.*proj;**/*.sln;**/*.slnx" (previous value: ";bin\x64\Debug\/**;obj\x64\Debug\/**;bin\/**;obj\/**;bin\Debug\net10.0-windows10.0.19041.0\win-x64\publish\/**;**/*.user;**/*.*proj;**/*.sln") at C:\Program Files\dotnet\sdk\10.0.200-preview.0.26103.119\Sdks\Microsoft.NET.Sdk\targets\Microsoft.NET.Sdk.DefaultItems.targets (47,5)
       C:\Program Files\dotnet\sdk\10.0.200-preview.0.26103.119\Sdks\Microsoft.NET.Sdk\targets\Microsoft.NET.Sdk.DefaultItems.targets(48,5): message : Property reassignment: $(DefaultItemExcludes)=";bin\x64\Debug\/**;obj\x64\Debug\/**;bin\/**;obj\/**;bin\Debug\net10.0-windows10.0.19041.0\win-x64\publish\/**;**/*.user;**/*.*proj;**/*.sln;**/*.slnx;**/*.vssscc" (previous value: ";bin\x64\Debug\/**;obj\x64\Debug\/**;bin\/**;obj\/**;bin\Debug\net10.0-windows10.0.19041.0\win-x64\publish\/**;**/*.user;**/*.*proj;**/*.sln;**/*.slnx") at C:\Program Files\dotnet\sdk\10.0.200-preview.0.26103.119\Sdks\Microsoft.NET.Sdk\targets\Microsoft.NET.Sdk.DefaultItems.targets (48,5)
       C:\Program Files\dotnet\sdk\10.0.200-preview.0.26103.119\Sdks\Microsoft.NET.Sdk\targets\Microsoft.NET.Sdk.DefaultItems.targets(49,5): message : Property reassignment: $(DefaultItemExcludes)=";bin\x64\Debug\/**;obj\x64\Debug\/**;bin\/**;obj\/**;bin\Debug\net10.0-windows10.0.19041.0\win-x64\publish\/**;**/*.user;**/*.*proj;**/*.sln;**/*.slnx;**/*.vssscc;**/.DS_Store" (previous value: ";bin\x64\Debug\/**;obj\x64\Debug\/**;bin\/**;obj\/**;bin\Debug\net10.0-windows10.0.19041.0\win-x64\publish\/**;**/*.user;**/*.*proj;**/*.sln;**/*.slnx;**/*.vssscc") at C:\Program Files\dotnet\sdk\10.0.200-preview.0.26103.119\Sdks\Microsoft.NET.Sdk\targets\Microsoft.NET.Sdk.DefaultItems.targets (49,5)
       C:\Program Files\dotnet\sdk\10.0.200-preview.0.26103.119\Sdks\Microsoft.NET.Sdk\targets\Microsoft.NET.Sdk.FrameworkReferenceResolution.targets(14,5): message : Property reassignment: $(ResolveAssemblyReferencesDependsOn)="
       C:\Program Files\dotnet\sdk\10.0.200-preview.0.26103.119\Sdks\Microsoft.NET.Sdk\targets\Microsoft.NET.Sdk.FrameworkReferenceResolution.targets(14,5): message :       
       C:\Program Files\dotnet\sdk\10.0.200-preview.0.26103.119\Sdks\Microsoft.NET.Sdk\targets\Microsoft.NET.Sdk.FrameworkReferenceResolution.targets(14,5): message :       
       C:\Program Files\dotnet\sdk\10.0.200-preview.0.26103.119\Sdks\Microsoft.NET.Sdk\targets\Microsoft.NET.Sdk.FrameworkReferenceResolution.targets(14,5): message :       ResolveProjectReferences;
       C:\Program Files\dotnet\sdk\10.0.200-preview.0.26103.119\Sdks\Microsoft.NET.Sdk\targets\Microsoft.NET.Sdk.FrameworkReferenceResolution.targets(14,5): message :       FindInvalidProjectReferences;
       C:\Program Files\dotnet\sdk\10.0.200-preview.0.26103.119\Sdks\Microsoft.NET.Sdk\targets\Microsoft.NET.Sdk.FrameworkReferenceResolution.targets(14,5): message :       GetFrameworkPaths;
       C:\Program Files\dotnet\sdk\10.0.200-preview.0.26103.119\Sdks\Microsoft.NET.Sdk\targets\Microsoft.NET.Sdk.FrameworkReferenceResolution.targets(14,5): message :       GetReferenceAssemblyPaths;
       C:\Program Files\dotnet\sdk\10.0.200-preview.0.26103.119\Sdks\Microsoft.NET.Sdk\targets\Microsoft.NET.Sdk.FrameworkReferenceResolution.targets(14,5): message :       PrepareForBuild;
       C:\Program Files\dotnet\sdk\10.0.200-preview.0.26103.119\Sdks\Microsoft.NET.Sdk\targets\Microsoft.NET.Sdk.FrameworkReferenceResolution.targets(14,5): message :       ResolveSDKReferences;
       C:\Program Files\dotnet\sdk\10.0.200-preview.0.26103.119\Sdks\Microsoft.NET.Sdk\targets\Microsoft.NET.Sdk.FrameworkReferenceResolution.targets(14,5): message :       ExpandSDKReferences;
       C:\Program Files\dotnet\sdk\10.0.200-preview.0.26103.119\Sdks\Microsoft.NET.Sdk\targets\Microsoft.NET.Sdk.FrameworkReferenceResolution.targets(14,5): message :     ;
       C:\Program Files\dotnet\sdk\10.0.200-preview.0.26103.119\Sdks\Microsoft.NET.Sdk\targets\Microsoft.NET.Sdk.FrameworkReferenceResolution.targets(14,5): message :       ResolvePackageDependenciesForBuild;
       C:\Program Files\dotnet\sdk\10.0.200-preview.0.26103.119\Sdks\Microsoft.NET.Sdk\targets\Microsoft.NET.Sdk.FrameworkReferenceResolution.targets(14,5): message :       _HandlePackageFileConflicts;
       C:\Program Files\dotnet\sdk\10.0.200-preview.0.26103.119\Sdks\Microsoft.NET.Sdk\targets\Microsoft.NET.Sdk.FrameworkReferenceResolution.targets(14,5): message :     ;
       C:\Program Files\dotnet\sdk\10.0.200-preview.0.26103.119\Sdks\Microsoft.NET.Sdk\targets\Microsoft.NET.Sdk.FrameworkReferenceResolution.targets(14,5): message :       ResolveTargetingPackAssets;
       C:\Program Files\dotnet\sdk\10.0.200-preview.0.26103.119\Sdks\Microsoft.NET.Sdk\targets\Microsoft.NET.Sdk.FrameworkReferenceResolution.targets(14,5): message :     " (previous value: "
       C:\Program Files\dotnet\sdk\10.0.200-preview.0.26103.119\Sdks\Microsoft.NET.Sdk\targets\Microsoft.NET.Sdk.FrameworkReferenceResolution.targets(14,5): message :       
       C:\Program Files\dotnet\sdk\10.0.200-preview.0.26103.119\Sdks\Microsoft.NET.Sdk\targets\Microsoft.NET.Sdk.FrameworkReferenceResolution.targets(14,5): message :       ResolveProjectReferences;
       C:\Program Files\dotnet\sdk\10.0.200-preview.0.26103.119\Sdks\Microsoft.NET.Sdk\targets\Microsoft.NET.Sdk.FrameworkReferenceResolution.targets(14,5): message :       FindInvalidProjectReferences;
       C:\Program Files\dotnet\sdk\10.0.200-preview.0.26103.119\Sdks\Microsoft.NET.Sdk\targets\Microsoft.NET.Sdk.FrameworkReferenceResolution.targets(14,5): message :       GetFrameworkPaths;
       C:\Program Files\dotnet\sdk\10.0.200-preview.0.26103.119\Sdks\Microsoft.NET.Sdk\targets\Microsoft.NET.Sdk.FrameworkReferenceResolution.targets(14,5): message :       GetReferenceAssemblyPaths;
       C:\Program Files\dotnet\sdk\10.0.200-preview.0.26103.119\Sdks\Microsoft.NET.Sdk\targets\Microsoft.NET.Sdk.FrameworkReferenceResolution.targets(14,5): message :       PrepareForBuild;
       C:\Program Files\dotnet\sdk\10.0.200-preview.0.26103.119\Sdks\Microsoft.NET.Sdk\targets\Microsoft.NET.Sdk.FrameworkReferenceResolution.targets(14,5): message :       ResolveSDKReferences;
       C:\Program Files\dotnet\sdk\10.0.200-preview.0.26103.119\Sdks\Microsoft.NET.Sdk\targets\Microsoft.NET.Sdk.FrameworkReferenceResolution.targets(14,5): message :       ExpandSDKReferences;
       C:\Program Files\dotnet\sdk\10.0.200-preview.0.26103.119\Sdks\Microsoft.NET.Sdk\targets\Microsoft.NET.Sdk.FrameworkReferenceResolution.targets(14,5): message :     ;
       C:\Program Files\dotnet\sdk\10.0.200-preview.0.26103.119\Sdks\Microsoft.NET.Sdk\targets\Microsoft.NET.Sdk.FrameworkReferenceResolution.targets(14,5): message :       ResolvePackageDependenciesForBuild;
       C:\Program Files\dotnet\sdk\10.0.200-preview.0.26103.119\Sdks\Microsoft.NET.Sdk\targets\Microsoft.NET.Sdk.FrameworkReferenceResolution.targets(14,5): message :       _HandlePackageFileConflicts;
       C:\Program Files\dotnet\sdk\10.0.200-preview.0.26103.119\Sdks\Microsoft.NET.Sdk\targets\Microsoft.NET.Sdk.FrameworkReferenceResolution.targets(14,5): message :     ") at C:\Program Files\dotnet\sdk\10.0.200-preview.0.26103.119\Sdks\Microsoft.NET.Sdk\targets\Microsoft.NET.Sdk.FrameworkReferenceResolution.targets (14,5)
       C:\Program Files\dotnet\sdk\10.0.200-preview.0.26103.119\Sdks\Microsoft.NET.Sdk\targets\Microsoft.NET.Sdk.targets(44,5): message : Property reassignment: $(_GenerateRuntimeConfigurationPropertyInputsCache)="D:\ChatmeLast\windows\ChatmeWindows\obj\x64\Debug\net10.0-windows10.0.19041.0\win-x64\ChatmeWindows.genruntimeconfig.cache" (previous value: "obj\x64\Debug\net10.0-windows10.0.19041.0\win-x64\ChatmeWindows.genruntimeconfig.cache") at C:\Program Files\dotnet\sdk\10.0.200-preview.0.26103.119\Sdks\Microsoft.NET.Sdk\targets\Microsoft.NET.Sdk.targets (44,5)
       C:\Program Files\dotnet\sdk\10.0.200-preview.0.26103.119\Sdks\Microsoft.NET.Sdk\targets\Microsoft.NET.Sdk.targets(46,5): message : Property reassignment: $(_GeneratePublishDependencyFilePropertyInputsCache)="D:\ChatmeLast\windows\ChatmeWindows\obj\x64\Debug\net10.0-windows10.0.19041.0\win-x64\ChatmeWindows.genpublishdeps.cache" (previous value: "obj\x64\Debug\net10.0-windows10.0.19041.0\win-x64\ChatmeWindows.genpublishdeps.cache") at C:\Program Files\dotnet\sdk\10.0.200-preview.0.26103.119\Sdks\Microsoft.NET.Sdk\targets\Microsoft.NET.Sdk.targets (46,5)
       C:\Program Files\dotnet\sdk\10.0.200-preview.0.26103.119\Sdks\Microsoft.NET.Sdk\targets\Microsoft.NET.Sdk.targets(48,5): message : Property reassignment: $(_GenerateSingleFileBundlePropertyInputsCache)="D:\ChatmeLast\windows\ChatmeWindows\obj\x64\Debug\net10.0-windows10.0.19041.0\win-x64\ChatmeWindows.genbundle.cache" (previous value: "obj\x64\Debug\net10.0-windows10.0.19041.0\win-x64\ChatmeWindows.genbundle.cache") at C:\Program Files\dotnet\sdk\10.0.200-preview.0.26103.119\Sdks\Microsoft.NET.Sdk\targets\Microsoft.NET.Sdk.targets (48,5)
       C:\Program Files\dotnet\sdk\10.0.200-preview.0.26103.119\Sdks\Microsoft.NET.Sdk\targets\Microsoft.NET.Sdk.targets(81,5): message : Property reassignment: $(GenerateRuntimeConfigDevFile)="false" (previous value: "true") at C:\Program Files\dotnet\sdk\10.0.200-preview.0.26103.119\Sdks\Microsoft.NET.Sdk\targets\Microsoft.NET.Sdk.targets (81,5)
       C:\Program Files\dotnet\sdk\10.0.200-preview.0.26103.119\Sdks\Microsoft.NET.Sdk\targets\Microsoft.NET.Sdk.targets(98,5): message : Property 'USERPROFILE' with value 'C:\Users\ShShohruz' expanded from the environment.
       C:\Program Files\dotnet\sdk\10.0.200-preview.0.26103.119\Sdks\Microsoft.NET.Sdk\targets\Microsoft.NET.Sdk.targets(98,5): message : Property reassignment: $(_DefaultUserProfileRuntimeStorePath)="C:\Users\ShShohruz" (previous value: "") at C:\Program Files\dotnet\sdk\10.0.200-preview.0.26103.119\Sdks\Microsoft.NET.Sdk\targets\Microsoft.NET.Sdk.targets (98,5)
       C:\Program Files\dotnet\sdk\10.0.200-preview.0.26103.119\Sdks\Microsoft.NET.Sdk\targets\Microsoft.NET.Sdk.targets(99,5): message : Property reassignment: $(_DefaultUserProfileRuntimeStorePath)="C:\Users\ShShohruz\.dotnet\store" (previous value: "C:\Users\ShShohruz") at C:\Program Files\dotnet\sdk\10.0.200-preview.0.26103.119\Sdks\Microsoft.NET.Sdk\targets\Microsoft.NET.Sdk.targets (99,5)
       C:\Program Files\dotnet\sdk\10.0.200-preview.0.26103.119\Sdks\Microsoft.NET.Sdk\targets\Microsoft.NET.Sdk.targets(144,5): message : Property reassignment: $(AvailablePlatforms)="Any CPU,x86,x64,ARM32" (previous value: "Any CPU,x86,x64") at C:\Program Files\dotnet\sdk\10.0.200-preview.0.26103.119\Sdks\Microsoft.NET.Sdk\targets\Microsoft.NET.Sdk.targets (144,5)
       C:\Program Files\dotnet\sdk\10.0.200-preview.0.26103.119\Sdks\Microsoft.NET.Sdk\targets\Microsoft.NET.Sdk.targets(148,5): message : Property reassignment: $(AvailablePlatforms)="Any CPU,x86,x64,ARM32,ARM64" (previous value: "Any CPU,x86,x64,ARM32") at C:\Program Files\dotnet\sdk\10.0.200-preview.0.26103.119\Sdks\Microsoft.NET.Sdk\targets\Microsoft.NET.Sdk.targets (148,5)
       C:\Program Files\dotnet\sdk\10.0.200-preview.0.26103.119\Sdks\Microsoft.NET.Sdk\targets\Microsoft.NET.Sdk.targets(204,5): message : Property reassignment: $(CoreBuildDependsOn)="
       C:\Program Files\dotnet\sdk\10.0.200-preview.0.26103.119\Sdks\Microsoft.NET.Sdk\targets\Microsoft.NET.Sdk.targets(204,5): message :       _CheckForBuildWithNoBuild;
       C:\Program Files\dotnet\sdk\10.0.200-preview.0.26103.119\Sdks\Microsoft.NET.Sdk\targets\Microsoft.NET.Sdk.targets(204,5): message :       
       C:\Program Files\dotnet\sdk\10.0.200-preview.0.26103.119\Sdks\Microsoft.NET.Sdk\targets\Microsoft.NET.Sdk.targets(204,5): message :       BuildOnlySettings;
       C:\Program Files\dotnet\sdk\10.0.200-preview.0.26103.119\Sdks\Microsoft.NET.Sdk\targets\Microsoft.NET.Sdk.targets(204,5): message :       PrepareForBuild;
       C:\Program Files\dotnet\sdk\10.0.200-preview.0.26103.119\Sdks\Microsoft.NET.Sdk\targets\Microsoft.NET.Sdk.targets(204,5): message :       PreBuildEvent;
       C:\Program Files\dotnet\sdk\10.0.200-preview.0.26103.119\Sdks\Microsoft.NET.Sdk\targets\Microsoft.NET.Sdk.targets(204,5): message :       ResolveReferences;
       C:\Program Files\dotnet\sdk\10.0.200-preview.0.26103.119\Sdks\Microsoft.NET.Sdk\targets\Microsoft.NET.Sdk.targets(204,5): message :       PrepareResources;
       C:\Program Files\dotnet\sdk\10.0.200-preview.0.26103.119\Sdks\Microsoft.NET.Sdk\targets\Microsoft.NET.Sdk.targets(204,5): message :       ResolveKeySource;
       C:\Program Files\dotnet\sdk\10.0.200-preview.0.26103.119\Sdks\Microsoft.NET.Sdk\targets\Microsoft.NET.Sdk.targets(204,5): message :       Compile;
       C:\Program Files\dotnet\sdk\10.0.200-preview.0.26103.119\Sdks\Microsoft.NET.Sdk\targets\Microsoft.NET.Sdk.targets(204,5): message :       ExportWindowsMDFile;
       C:\Program Files\dotnet\sdk\10.0.200-preview.0.26103.119\Sdks\Microsoft.NET.Sdk\targets\Microsoft.NET.Sdk.targets(204,5): message :       UnmanagedUnregistration;
       C:\Program Files\dotnet\sdk\10.0.200-preview.0.26103.119\Sdks\Microsoft.NET.Sdk\targets\Microsoft.NET.Sdk.targets(204,5): message :       GenerateSerializationAssemblies;
       C:\Program Files\dotnet\sdk\10.0.200-preview.0.26103.119\Sdks\Microsoft.NET.Sdk\targets\Microsoft.NET.Sdk.targets(204,5): message :       CreateSatelliteAssemblies;
       C:\Program Files\dotnet\sdk\10.0.200-preview.0.26103.119\Sdks\Microsoft.NET.Sdk\targets\Microsoft.NET.Sdk.targets(204,5): message :       GenerateManifests;
       C:\Program Files\dotnet\sdk\10.0.200-preview.0.26103.119\Sdks\Microsoft.NET.Sdk\targets\Microsoft.NET.Sdk.targets(204,5): message :       GetTargetPath;
       C:\Program Files\dotnet\sdk\10.0.200-preview.0.26103.119\Sdks\Microsoft.NET.Sdk\targets\Microsoft.NET.Sdk.targets(204,5): message :       PrepareForRun;
       C:\Program Files\dotnet\sdk\10.0.200-preview.0.26103.119\Sdks\Microsoft.NET.Sdk\targets\Microsoft.NET.Sdk.targets(204,5): message :       UnmanagedRegistration;
       C:\Program Files\dotnet\sdk\10.0.200-preview.0.26103.119\Sdks\Microsoft.NET.Sdk\targets\Microsoft.NET.Sdk.targets(204,5): message :       IncrementalClean;
       C:\Program Files\dotnet\sdk\10.0.200-preview.0.26103.119\Sdks\Microsoft.NET.Sdk\targets\Microsoft.NET.Sdk.targets(204,5): message :       PostBuildEvent
       C:\Program Files\dotnet\sdk\10.0.200-preview.0.26103.119\Sdks\Microsoft.NET.Sdk\targets\Microsoft.NET.Sdk.targets(204,5): message :     ;
       C:\Program Files\dotnet\sdk\10.0.200-preview.0.26103.119\Sdks\Microsoft.NET.Sdk\targets\Microsoft.NET.Sdk.targets(204,5): message :       GenerateBuildDependencyFile;
       C:\Program Files\dotnet\sdk\10.0.200-preview.0.26103.119\Sdks\Microsoft.NET.Sdk\targets\Microsoft.NET.Sdk.targets(204,5): message :       GenerateBuildRuntimeConfigurationFiles
       C:\Program Files\dotnet\sdk\10.0.200-preview.0.26103.119\Sdks\Microsoft.NET.Sdk\targets\Microsoft.NET.Sdk.targets(204,5): message :     " (previous value: "
       C:\Program Files\dotnet\sdk\10.0.200-preview.0.26103.119\Sdks\Microsoft.NET.Sdk\targets\Microsoft.NET.Sdk.targets(204,5): message :       BuildOnlySettings;
       C:\Program Files\dotnet\sdk\10.0.200-preview.0.26103.119\Sdks\Microsoft.NET.Sdk\targets\Microsoft.NET.Sdk.targets(204,5): message :       PrepareForBuild;
       C:\Program Files\dotnet\sdk\10.0.200-preview.0.26103.119\Sdks\Microsoft.NET.Sdk\targets\Microsoft.NET.Sdk.targets(204,5): message :       PreBuildEvent;
       C:\Program Files\dotnet\sdk\10.0.200-preview.0.26103.119\Sdks\Microsoft.NET.Sdk\targets\Microsoft.NET.Sdk.targets(204,5): message :       ResolveReferences;
       C:\Program Files\dotnet\sdk\10.0.200-preview.0.26103.119\Sdks\Microsoft.NET.Sdk\targets\Microsoft.NET.Sdk.targets(204,5): message :       PrepareResources;
       C:\Program Files\dotnet\sdk\10.0.200-preview.0.26103.119\Sdks\Microsoft.NET.Sdk\targets\Microsoft.NET.Sdk.targets(204,5): message :       ResolveKeySource;
       C:\Program Files\dotnet\sdk\10.0.200-preview.0.26103.119\Sdks\Microsoft.NET.Sdk\targets\Microsoft.NET.Sdk.targets(204,5): message :       Compile;
       C:\Program Files\dotnet\sdk\10.0.200-preview.0.26103.119\Sdks\Microsoft.NET.Sdk\targets\Microsoft.NET.Sdk.targets(204,5): message :       ExportWindowsMDFile;
       C:\Program Files\dotnet\sdk\10.0.200-preview.0.26103.119\Sdks\Microsoft.NET.Sdk\targets\Microsoft.NET.Sdk.targets(204,5): message :       UnmanagedUnregistration;
       C:\Program Files\dotnet\sdk\10.0.200-preview.0.26103.119\Sdks\Microsoft.NET.Sdk\targets\Microsoft.NET.Sdk.targets(204,5): message :       GenerateSerializationAssemblies;
       C:\Program Files\dotnet\sdk\10.0.200-preview.0.26103.119\Sdks\Microsoft.NET.Sdk\targets\Microsoft.NET.Sdk.targets(204,5): message :       CreateSatelliteAssemblies;
       C:\Program Files\dotnet\sdk\10.0.200-preview.0.26103.119\Sdks\Microsoft.NET.Sdk\targets\Microsoft.NET.Sdk.targets(204,5): message :       GenerateManifests;
       C:\Program Files\dotnet\sdk\10.0.200-preview.0.26103.119\Sdks\Microsoft.NET.Sdk\targets\Microsoft.NET.Sdk.targets(204,5): message :       GetTargetPath;
       C:\Program Files\dotnet\sdk\10.0.200-preview.0.26103.119\Sdks\Microsoft.NET.Sdk\targets\Microsoft.NET.Sdk.targets(204,5): message :       PrepareForRun;
       C:\Program Files\dotnet\sdk\10.0.200-preview.0.26103.119\Sdks\Microsoft.NET.Sdk\targets\Microsoft.NET.Sdk.targets(204,5): message :       UnmanagedRegistration;
       C:\Program Files\dotnet\sdk\10.0.200-preview.0.26103.119\Sdks\Microsoft.NET.Sdk\targets\Microsoft.NET.Sdk.targets(204,5): message :       IncrementalClean;
       C:\Program Files\dotnet\sdk\10.0.200-preview.0.26103.119\Sdks\Microsoft.NET.Sdk\targets\Microsoft.NET.Sdk.targets(204,5): message :       PostBuildEvent
       C:\Program Files\dotnet\sdk\10.0.200-preview.0.26103.119\Sdks\Microsoft.NET.Sdk\targets\Microsoft.NET.Sdk.targets(204,5): message :     ") at C:\Program Files\dotnet\sdk\10.0.200-preview.0.26103.119\Sdks\Microsoft.NET.Sdk\targets\Microsoft.NET.Sdk.targets (204,5)
       C:\Program Files\dotnet\sdk\10.0.200-preview.0.26103.119\Sdks\Microsoft.NET.Sdk\targets\Microsoft.NET.Sdk.targets(213,5): message : Property reassignment: $(CoreCleanDependsOn)="
       C:\Program Files\dotnet\sdk\10.0.200-preview.0.26103.119\Sdks\Microsoft.NET.Sdk\targets\Microsoft.NET.Sdk.targets(213,5): message :       _SdkBeforeClean;
       C:\Program Files\dotnet\sdk\10.0.200-preview.0.26103.119\Sdks\Microsoft.NET.Sdk\targets\Microsoft.NET.Sdk.targets(213,5): message :       
       C:\Program Files\dotnet\sdk\10.0.200-preview.0.26103.119\Sdks\Microsoft.NET.Sdk\targets\Microsoft.NET.Sdk.targets(213,5): message :     " (previous value: "") at C:\Program Files\dotnet\sdk\10.0.200-preview.0.26103.119\Sdks\Microsoft.NET.Sdk\targets\Microsoft.NET.Sdk.targets (213,5)
       C:\Program Files\dotnet\sdk\10.0.200-preview.0.26103.119\Sdks\Microsoft.NET.Sdk\targets\Microsoft.NET.Sdk.targets(220,5): message : Property reassignment: $(RebuildDependsOn)="
       C:\Program Files\dotnet\sdk\10.0.200-preview.0.26103.119\Sdks\Microsoft.NET.Sdk\targets\Microsoft.NET.Sdk.targets(220,5): message :       _SdkBeforeRebuild;
       C:\Program Files\dotnet\sdk\10.0.200-preview.0.26103.119\Sdks\Microsoft.NET.Sdk\targets\Microsoft.NET.Sdk.targets(220,5): message :       
       C:\Program Files\dotnet\sdk\10.0.200-preview.0.26103.119\Sdks\Microsoft.NET.Sdk\targets\Microsoft.NET.Sdk.targets(220,5): message :       BeforeRebuild;
       C:\Program Files\dotnet\sdk\10.0.200-preview.0.26103.119\Sdks\Microsoft.NET.Sdk\targets\Microsoft.NET.Sdk.targets(220,5): message :       Clean;
       C:\Program Files\dotnet\sdk\10.0.200-preview.0.26103.119\Sdks\Microsoft.NET.Sdk\targets\Microsoft.NET.Sdk.targets(220,5): message :       Build;
       C:\Program Files\dotnet\sdk\10.0.200-preview.0.26103.119\Sdks\Microsoft.NET.Sdk\targets\Microsoft.NET.Sdk.targets(220,5): message :       AfterRebuild;
       C:\Program Files\dotnet\sdk\10.0.200-preview.0.26103.119\Sdks\Microsoft.NET.Sdk\targets\Microsoft.NET.Sdk.targets(220,5): message :     
       C:\Program Files\dotnet\sdk\10.0.200-preview.0.26103.119\Sdks\Microsoft.NET.Sdk\targets\Microsoft.NET.Sdk.targets(220,5): message :     " (previous value: "
       C:\Program Files\dotnet\sdk\10.0.200-preview.0.26103.119\Sdks\Microsoft.NET.Sdk\targets\Microsoft.NET.Sdk.targets(220,5): message :       BeforeRebuild;
       C:\Program Files\dotnet\sdk\10.0.200-preview.0.26103.119\Sdks\Microsoft.NET.Sdk\targets\Microsoft.NET.Sdk.targets(220,5): message :       Clean;
       C:\Program Files\dotnet\sdk\10.0.200-preview.0.26103.119\Sdks\Microsoft.NET.Sdk\targets\Microsoft.NET.Sdk.targets(220,5): message :       Build;
       C:\Program Files\dotnet\sdk\10.0.200-preview.0.26103.119\Sdks\Microsoft.NET.Sdk\targets\Microsoft.NET.Sdk.targets(220,5): message :       AfterRebuild;
       C:\Program Files\dotnet\sdk\10.0.200-preview.0.26103.119\Sdks\Microsoft.NET.Sdk\targets\Microsoft.NET.Sdk.targets(220,5): message :     ") at C:\Program Files\dotnet\sdk\10.0.200-preview.0.26103.119\Sdks\Microsoft.NET.Sdk\targets\Microsoft.NET.Sdk.targets (220,5)
       C:\Program Files\dotnet\sdk\10.0.200-preview.0.26103.119\Sdks\Microsoft.NET.Sdk\targets\Microsoft.NET.Sdk.targets(799,5): message : Property reassignment: $(CompileDependsOn)="
       C:\Program Files\dotnet\sdk\10.0.200-preview.0.26103.119\Sdks\Microsoft.NET.Sdk\targets\Microsoft.NET.Sdk.targets(799,5): message :       
       C:\Program Files\dotnet\sdk\10.0.200-preview.0.26103.119\Sdks\Microsoft.NET.Sdk\targets\Microsoft.NET.Sdk.targets(799,5): message :       ResolveReferences;
       C:\Program Files\dotnet\sdk\10.0.200-preview.0.26103.119\Sdks\Microsoft.NET.Sdk\targets\Microsoft.NET.Sdk.targets(799,5): message :       ResolveKeySource;
       C:\Program Files\dotnet\sdk\10.0.200-preview.0.26103.119\Sdks\Microsoft.NET.Sdk\targets\Microsoft.NET.Sdk.targets(799,5): message :       SetWin32ManifestProperties;
       C:\Program Files\dotnet\sdk\10.0.200-preview.0.26103.119\Sdks\Microsoft.NET.Sdk\targets\Microsoft.NET.Sdk.targets(799,5): message :       _SetPreferNativeArm64Win32ManifestProperties;
       C:\Program Files\dotnet\sdk\10.0.200-preview.0.26103.119\Sdks\Microsoft.NET.Sdk\targets\Microsoft.NET.Sdk.targets(799,5): message :       FindReferenceAssembliesForReferences;
       C:\Program Files\dotnet\sdk\10.0.200-preview.0.26103.119\Sdks\Microsoft.NET.Sdk\targets\Microsoft.NET.Sdk.targets(799,5): message :       _GenerateCompileInputs;
       C:\Program Files\dotnet\sdk\10.0.200-preview.0.26103.119\Sdks\Microsoft.NET.Sdk\targets\Microsoft.NET.Sdk.targets(799,5): message :       BeforeCompile;
       C:\Program Files\dotnet\sdk\10.0.200-preview.0.26103.119\Sdks\Microsoft.NET.Sdk\targets\Microsoft.NET.Sdk.targets(799,5): message :       _TimeStampBeforeCompile;
       C:\Program Files\dotnet\sdk\10.0.200-preview.0.26103.119\Sdks\Microsoft.NET.Sdk\targets\Microsoft.NET.Sdk.targets(799,5): message :       _GenerateCompileDependencyCache;
       C:\Program Files\dotnet\sdk\10.0.200-preview.0.26103.119\Sdks\Microsoft.NET.Sdk\targets\Microsoft.NET.Sdk.targets(799,5): message :       CoreCompile;
       C:\Program Files\dotnet\sdk\10.0.200-preview.0.26103.119\Sdks\Microsoft.NET.Sdk\targets\Microsoft.NET.Sdk.targets(799,5): message :       _TimeStampAfterCompile;
       C:\Program Files\dotnet\sdk\10.0.200-preview.0.26103.119\Sdks\Microsoft.NET.Sdk\targets\Microsoft.NET.Sdk.targets(799,5): message :       AfterCompile;
       C:\Program Files\dotnet\sdk\10.0.200-preview.0.26103.119\Sdks\Microsoft.NET.Sdk\targets\Microsoft.NET.Sdk.targets(799,5): message :     ;
       C:\Program Files\dotnet\sdk\10.0.200-preview.0.26103.119\Sdks\Microsoft.NET.Sdk\targets\Microsoft.NET.Sdk.targets(799,5): message :       _CreateAppHost;
       C:\Program Files\dotnet\sdk\10.0.200-preview.0.26103.119\Sdks\Microsoft.NET.Sdk\targets\Microsoft.NET.Sdk.targets(799,5): message :       _CreateComHost;
       C:\Program Files\dotnet\sdk\10.0.200-preview.0.26103.119\Sdks\Microsoft.NET.Sdk\targets\Microsoft.NET.Sdk.targets(799,5): message :       _GetIjwHostPaths;
       C:\Program Files\dotnet\sdk\10.0.200-preview.0.26103.119\Sdks\Microsoft.NET.Sdk\targets\Microsoft.NET.Sdk.targets(799,5): message :     " (previous value: "
       C:\Program Files\dotnet\sdk\10.0.200-preview.0.26103.119\Sdks\Microsoft.NET.Sdk\targets\Microsoft.NET.Sdk.targets(799,5): message :       ResolveReferences;
       C:\Program Files\dotnet\sdk\10.0.200-preview.0.26103.119\Sdks\Microsoft.NET.Sdk\targets\Microsoft.NET.Sdk.targets(799,5): message :       ResolveKeySource;
       C:\Program Files\dotnet\sdk\10.0.200-preview.0.26103.119\Sdks\Microsoft.NET.Sdk\targets\Microsoft.NET.Sdk.targets(799,5): message :       SetWin32ManifestProperties;
       C:\Program Files\dotnet\sdk\10.0.200-preview.0.26103.119\Sdks\Microsoft.NET.Sdk\targets\Microsoft.NET.Sdk.targets(799,5): message :       _SetPreferNativeArm64Win32ManifestProperties;
       C:\Program Files\dotnet\sdk\10.0.200-preview.0.26103.119\Sdks\Microsoft.NET.Sdk\targets\Microsoft.NET.Sdk.targets(799,5): message :       FindReferenceAssembliesForReferences;
       C:\Program Files\dotnet\sdk\10.0.200-preview.0.26103.119\Sdks\Microsoft.NET.Sdk\targets\Microsoft.NET.Sdk.targets(799,5): message :       _GenerateCompileInputs;
       C:\Program Files\dotnet\sdk\10.0.200-preview.0.26103.119\Sdks\Microsoft.NET.Sdk\targets\Microsoft.NET.Sdk.targets(799,5): message :       BeforeCompile;
       C:\Program Files\dotnet\sdk\10.0.200-preview.0.26103.119\Sdks\Microsoft.NET.Sdk\targets\Microsoft.NET.Sdk.targets(799,5): message :       _TimeStampBeforeCompile;
       C:\Program Files\dotnet\sdk\10.0.200-preview.0.26103.119\Sdks\Microsoft.NET.Sdk\targets\Microsoft.NET.Sdk.targets(799,5): message :       _GenerateCompileDependencyCache;
       C:\Program Files\dotnet\sdk\10.0.200-preview.0.26103.119\Sdks\Microsoft.NET.Sdk\targets\Microsoft.NET.Sdk.targets(799,5): message :       CoreCompile;
       C:\Program Files\dotnet\sdk\10.0.200-preview.0.26103.119\Sdks\Microsoft.NET.Sdk\targets\Microsoft.NET.Sdk.targets(799,5): message :       _TimeStampAfterCompile;
       C:\Program Files\dotnet\sdk\10.0.200-preview.0.26103.119\Sdks\Microsoft.NET.Sdk\targets\Microsoft.NET.Sdk.targets(799,5): message :       AfterCompile;
       C:\Program Files\dotnet\sdk\10.0.200-preview.0.26103.119\Sdks\Microsoft.NET.Sdk\targets\Microsoft.NET.Sdk.targets(799,5): message :     ") at C:\Program Files\dotnet\sdk\10.0.200-preview.0.26103.119\Sdks\Microsoft.NET.Sdk\targets\Microsoft.NET.Sdk.targets (799,5)
       C:\Program Files\dotnet\sdk\10.0.200-preview.0.26103.119\Sdks\Microsoft.NET.Sdk\targets\Microsoft.NET.Sdk.targets(1131,5): message : Property reassignment: $(CreateSatelliteAssembliesDependsOn)="
       C:\Program Files\dotnet\sdk\10.0.200-preview.0.26103.119\Sdks\Microsoft.NET.Sdk\targets\Microsoft.NET.Sdk.targets(1131,5): message :       
       C:\Program Files\dotnet\sdk\10.0.200-preview.0.26103.119\Sdks\Microsoft.NET.Sdk\targets\Microsoft.NET.Sdk.targets(1131,5): message :       ;
       C:\Program Files\dotnet\sdk\10.0.200-preview.0.26103.119\Sdks\Microsoft.NET.Sdk\targets\Microsoft.NET.Sdk.targets(1131,5): message :       _GenerateSatelliteAssemblyInputs;
       C:\Program Files\dotnet\sdk\10.0.200-preview.0.26103.119\Sdks\Microsoft.NET.Sdk\targets\Microsoft.NET.Sdk.targets(1131,5): message :       ComputeIntermediateSatelliteAssemblies;
       C:\Program Files\dotnet\sdk\10.0.200-preview.0.26103.119\Sdks\Microsoft.NET.Sdk\targets\Microsoft.NET.Sdk.targets(1131,5): message :       GenerateSatelliteAssemblies
       C:\Program Files\dotnet\sdk\10.0.200-preview.0.26103.119\Sdks\Microsoft.NET.Sdk\targets\Microsoft.NET.Sdk.targets(1131,5): message :     ;
       C:\Program Files\dotnet\sdk\10.0.200-preview.0.26103.119\Sdks\Microsoft.NET.Sdk\targets\Microsoft.NET.Sdk.targets(1131,5): message :       CoreGenerateSatelliteAssemblies
       C:\Program Files\dotnet\sdk\10.0.200-preview.0.26103.119\Sdks\Microsoft.NET.Sdk\targets\Microsoft.NET.Sdk.targets(1131,5): message :     " (previous value: "
       C:\Program Files\dotnet\sdk\10.0.200-preview.0.26103.119\Sdks\Microsoft.NET.Sdk\targets\Microsoft.NET.Sdk.targets(1131,5): message :       ;
       C:\Program Files\dotnet\sdk\10.0.200-preview.0.26103.119\Sdks\Microsoft.NET.Sdk\targets\Microsoft.NET.Sdk.targets(1131,5): message :       _GenerateSatelliteAssemblyInputs;
       C:\Program Files\dotnet\sdk\10.0.200-preview.0.26103.119\Sdks\Microsoft.NET.Sdk\targets\Microsoft.NET.Sdk.targets(1131,5): message :       ComputeIntermediateSatelliteAssemblies;
       C:\Program Files\dotnet\sdk\10.0.200-preview.0.26103.119\Sdks\Microsoft.NET.Sdk\targets\Microsoft.NET.Sdk.targets(1131,5): message :       GenerateSatelliteAssemblies
       C:\Program Files\dotnet\sdk\10.0.200-preview.0.26103.119\Sdks\Microsoft.NET.Sdk\targets\Microsoft.NET.Sdk.targets(1131,5): message :     ") at C:\Program Files\dotnet\sdk\10.0.200-preview.0.26103.119\Sdks\Microsoft.NET.Sdk\targets\Microsoft.NET.Sdk.targets (1131,5)
       C:\Program Files\dotnet\sdk\10.0.200-preview.0.26103.119\Sdks\Microsoft.SourceLink.GitLab\build\Microsoft.SourceLink.GitLab.targets(12,5): message : Property reassignment: $(SourceLinkUrlInitializerTargets)=";_InitializeGitHubSourceLinkUrl;_InitializeGitLabSourceLinkUrl" (previous value: ";_InitializeGitHubSourceLinkUrl") at C:\Program Files\dotnet\sdk\10.0.200-preview.0.26103.119\Sdks\Microsoft.SourceLink.GitLab\build\Microsoft.SourceLink.GitLab.targets (12,5)
       C:\Program Files\dotnet\sdk\10.0.200-preview.0.26103.119\Sdks\Microsoft.SourceLink.GitLab\build\Microsoft.SourceLink.GitLab.targets(13,5): message : Property reassignment: $(SourceControlManagerUrlTranslationTargets)=";TranslateGitHubUrlsInSourceControlInformation;TranslateGitLabUrlsInSourceControlInformation" (previous value: ";TranslateGitHubUrlsInSourceControlInformation") at C:\Program Files\dotnet\sdk\10.0.200-preview.0.26103.119\Sdks\Microsoft.SourceLink.GitLab\build\Microsoft.SourceLink.GitLab.targets (13,5)
       C:\Program Files\dotnet\sdk\10.0.200-preview.0.26103.119\Sdks\Microsoft.SourceLink.AzureRepos.Git\build\Microsoft.SourceLink.AzureRepos.Git.targets(12,5): message : Property reassignment: $(SourceLinkUrlInitializerTargets)=";_InitializeGitHubSourceLinkUrl;_InitializeGitLabSourceLinkUrl;_InitializeAzureReposGitSourceLinkUrl" (previous value: ";_InitializeGitHubSourceLinkUrl;_InitializeGitLabSourceLinkUrl") at C:\Program Files\dotnet\sdk\10.0.200-preview.0.26103.119\Sdks\Microsoft.SourceLink.AzureRepos.Git\build\Microsoft.SourceLink.AzureRepos.Git.targets (12,5)
       C:\Program Files\dotnet\sdk\10.0.200-preview.0.26103.119\Sdks\Microsoft.SourceLink.AzureRepos.Git\build\Microsoft.SourceLink.AzureRepos.Git.targets(13,5): message : Property reassignment: $(SourceControlManagerUrlTranslationTargets)=";TranslateGitHubUrlsInSourceControlInformation;TranslateGitLabUrlsInSourceControlInformation;TranslateAzureReposGitUrlsInSourceControlInformation" (previous value: ";TranslateGitHubUrlsInSourceControlInformation;TranslateGitLabUrlsInSourceControlInformation") at C:\Program Files\dotnet\sdk\10.0.200-preview.0.26103.119\Sdks\Microsoft.SourceLink.AzureRepos.Git\build\Microsoft.SourceLink.AzureRepos.Git.targets (13,5)
       C:\Program Files\dotnet\sdk\10.0.200-preview.0.26103.119\Sdks\Microsoft.SourceLink.Bitbucket.Git\build\Microsoft.SourceLink.Bitbucket.Git.targets(12,5): message : Property reassignment: $(SourceLinkUrlInitializerTargets)=";_InitializeGitHubSourceLinkUrl;_InitializeGitLabSourceLinkUrl;_InitializeAzureReposGitSourceLinkUrl;_InitializeBitbucketGitSourceLinkUrl" (previous value: ";_InitializeGitHubSourceLinkUrl;_InitializeGitLabSourceLinkUrl;_InitializeAzureReposGitSourceLinkUrl") at C:\Program Files\dotnet\sdk\10.0.200-preview.0.26103.119\Sdks\Microsoft.SourceLink.Bitbucket.Git\build\Microsoft.SourceLink.Bitbucket.Git.targets (12,5)
       C:\Program Files\dotnet\sdk\10.0.200-preview.0.26103.119\Sdks\Microsoft.SourceLink.Bitbucket.Git\build\Microsoft.SourceLink.Bitbucket.Git.targets(13,5): message : Property reassignment: $(SourceControlManagerUrlTranslationTargets)=";TranslateGitHubUrlsInSourceControlInformation;TranslateGitLabUrlsInSourceControlInformation;TranslateAzureReposGitUrlsInSourceControlInformation;TranslateBitbucketGitUrlsInSourceControlInformation" (previous value: ";TranslateGitHubUrlsInSourceControlInformation;TranslateGitLabUrlsInSourceControlInformation;TranslateAzureReposGitUrlsInSourceControlInformation") at C:\Program Files\dotnet\sdk\10.0.200-preview.0.26103.119\Sdks\Microsoft.SourceLink.Bitbucket.Git\build\Microsoft.SourceLink.Bitbucket.Git.targets (13,5)
       C:\Program Files\dotnet\sdk\10.0.200-preview.0.26103.119\Sdks\Microsoft.NET.Sdk\targets\Microsoft.NET.DesignerSupport.targets(21,5): message : Property reassignment: $(DesignerRuntimeImplementationProjectOutputGroupDependsOn)="
       C:\Program Files\dotnet\sdk\10.0.200-preview.0.26103.119\Sdks\Microsoft.NET.Sdk\targets\Microsoft.NET.DesignerSupport.targets(21,5): message :       
       C:\Program Files\dotnet\sdk\10.0.200-preview.0.26103.119\Sdks\Microsoft.NET.Sdk\targets\Microsoft.NET.DesignerSupport.targets(21,5): message :       ;
       C:\Program Files\dotnet\sdk\10.0.200-preview.0.26103.119\Sdks\Microsoft.NET.Sdk\targets\Microsoft.NET.DesignerSupport.targets(21,5): message :       
       C:\Program Files\dotnet\sdk\10.0.200-preview.0.26103.119\Sdks\Microsoft.NET.Sdk\targets\Microsoft.NET.DesignerSupport.targets(21,5): message :       ;
       C:\Program Files\dotnet\sdk\10.0.200-preview.0.26103.119\Sdks\Microsoft.NET.Sdk\targets\Microsoft.NET.DesignerSupport.targets(21,5): message :       BuildOnlySettings;
       C:\Program Files\dotnet\sdk\10.0.200-preview.0.26103.119\Sdks\Microsoft.NET.Sdk\targets\Microsoft.NET.DesignerSupport.targets(21,5): message :       PrepareForBuild;
       C:\Program Files\dotnet\sdk\10.0.200-preview.0.26103.119\Sdks\Microsoft.NET.Sdk\targets\Microsoft.NET.DesignerSupport.targets(21,5): message :       AssignTargetPaths;
       C:\Program Files\dotnet\sdk\10.0.200-preview.0.26103.119\Sdks\Microsoft.NET.Sdk\targets\Microsoft.NET.DesignerSupport.targets(21,5): message :       ResolveReferences
       C:\Program Files\dotnet\sdk\10.0.200-preview.0.26103.119\Sdks\Microsoft.NET.Sdk\targets\Microsoft.NET.DesignerSupport.targets(21,5): message :     
       C:\Program Files\dotnet\sdk\10.0.200-preview.0.26103.119\Sdks\Microsoft.NET.Sdk\targets\Microsoft.NET.DesignerSupport.targets(21,5): message :     ;
       C:\Program Files\dotnet\sdk\10.0.200-preview.0.26103.119\Sdks\Microsoft.NET.Sdk\targets\Microsoft.NET.DesignerSupport.targets(21,5): message :       _GenerateDesignerDepsFile;
       C:\Program Files\dotnet\sdk\10.0.200-preview.0.26103.119\Sdks\Microsoft.NET.Sdk\targets\Microsoft.NET.DesignerSupport.targets(21,5): message :       _GenerateDesignerRuntimeConfigFile;
       C:\Program Files\dotnet\sdk\10.0.200-preview.0.26103.119\Sdks\Microsoft.NET.Sdk\targets\Microsoft.NET.DesignerSupport.targets(21,5): message :       GetCopyToOutputDirectoryItems;
       C:\Program Files\dotnet\sdk\10.0.200-preview.0.26103.119\Sdks\Microsoft.NET.Sdk\targets\Microsoft.NET.DesignerSupport.targets(21,5): message :       _GatherDesignerShadowCopyFiles;
       C:\Program Files\dotnet\sdk\10.0.200-preview.0.26103.119\Sdks\Microsoft.NET.Sdk\targets\Microsoft.NET.DesignerSupport.targets(21,5): message :     " (previous value: "
       C:\Program Files\dotnet\sdk\10.0.200-preview.0.26103.119\Sdks\Microsoft.NET.Sdk\targets\Microsoft.NET.DesignerSupport.targets(21,5): message :       ;
       C:\Program Files\dotnet\sdk\10.0.200-preview.0.26103.119\Sdks\Microsoft.NET.Sdk\targets\Microsoft.NET.DesignerSupport.targets(21,5): message :       
       C:\Program Files\dotnet\sdk\10.0.200-preview.0.26103.119\Sdks\Microsoft.NET.Sdk\targets\Microsoft.NET.DesignerSupport.targets(21,5): message :       ;
       C:\Program Files\dotnet\sdk\10.0.200-preview.0.26103.119\Sdks\Microsoft.NET.Sdk\targets\Microsoft.NET.DesignerSupport.targets(21,5): message :       BuildOnlySettings;
       C:\Program Files\dotnet\sdk\10.0.200-preview.0.26103.119\Sdks\Microsoft.NET.Sdk\targets\Microsoft.NET.DesignerSupport.targets(21,5): message :       PrepareForBuild;
       C:\Program Files\dotnet\sdk\10.0.200-preview.0.26103.119\Sdks\Microsoft.NET.Sdk\targets\Microsoft.NET.DesignerSupport.targets(21,5): message :       AssignTargetPaths;
       C:\Program Files\dotnet\sdk\10.0.200-preview.0.26103.119\Sdks\Microsoft.NET.Sdk\targets\Microsoft.NET.DesignerSupport.targets(21,5): message :       ResolveReferences
       C:\Program Files\dotnet\sdk\10.0.200-preview.0.26103.119\Sdks\Microsoft.NET.Sdk\targets\Microsoft.NET.DesignerSupport.targets(21,5): message :     
       C:\Program Files\dotnet\sdk\10.0.200-preview.0.26103.119\Sdks\Microsoft.NET.Sdk\targets\Microsoft.NET.DesignerSupport.targets(21,5): message :     ") at C:\Program Files\dotnet\sdk\10.0.200-preview.0.26103.119\Sdks\Microsoft.NET.Sdk\targets\Microsoft.NET.DesignerSupport.targets (21,5)
       C:\Program Files\dotnet\sdk\10.0.200-preview.0.26103.119\Sdks\Microsoft.NET.Sdk\targets\Microsoft.NET.Sdk.CSharp.targets(31,5): message : Property reassignment: $(DefineConstants)="TRACE;DEBUG" (previous value: "TRACE") at C:\Program Files\dotnet\sdk\10.0.200-preview.0.26103.119\Sdks\Microsoft.NET.Sdk\targets\Microsoft.NET.Sdk.CSharp.targets (31,5)
       C:\Program Files\dotnet\sdk\10.0.200-preview.0.26103.119\Sdks\Microsoft.NET.Sdk\targets\Microsoft.NET.Sdk.CSharp.targets(45,5): message : Property reassignment: $(WarningsAsErrors)=";NU1605;SYSLIB0011" (previous value: ";NU1605") at C:\Program Files\dotnet\sdk\10.0.200-preview.0.26103.119\Sdks\Microsoft.NET.Sdk\targets\Microsoft.NET.Sdk.CSharp.targets (45,5)
       C:\Program Files\dotnet\sdk\10.0.200-preview.0.26103.119\Sdks\Microsoft.NET.Sdk\targets\Microsoft.NET.Windows.targets(239,5): message : Property reassignment: $(_RunCsWinRTGeneratorPropertyInputsCachePath)="D:\ChatmeLast\windows\ChatmeWindows\obj\x64\Debug\net10.0-windows10.0.19041.0\win-x64\ChatmeWindows.cswinrtgen.cache" (previous value: "obj\x64\Debug\net10.0-windows10.0.19041.0\win-x64\ChatmeWindows.cswinrtgen.cache") at C:\Program Files\dotnet\sdk\10.0.200-preview.0.26103.119\Sdks\Microsoft.NET.Sdk\targets\Microsoft.NET.Windows.targets (239,5)
       C:\Program Files\dotnet\sdk\10.0.200-preview.0.26103.119\NuGet.Build.Tasks.Pack.targets(34,5): message : Property reassignment: $(PackageDescription)="Package Description" (previous value: "") at C:\Program Files\dotnet\sdk\10.0.200-preview.0.26103.119\NuGet.Build.Tasks.Pack.targets (34,5)
       C:\Program Files\dotnet\sdk\10.0.200-preview.0.26103.119\NuGet.Build.Tasks.Pack.targets(59,5): message : Property reassignment: $(GenerateNuspecDependsOn)="Build;_LoadPackInputItems; _GetTargetFrameworksOutput; _WalkEachTargetPerFramework; _GetPackageFiles; " (previous value: "_LoadPackInputItems; _GetTargetFrameworksOutput; _WalkEachTargetPerFramework; _GetPackageFiles; ") at C:\Program Files\dotnet\sdk\10.0.200-preview.0.26103.119\NuGet.Build.Tasks.Pack.targets (59,5)
       C:\Program Files\dotnet\sdk\10.0.200-preview.0.26103.119\Sdks\Microsoft.NET.Sdk\Sdk\Sdk.targets(59,5): message : Property reassignment: $(_IsNotSetContainersTargetsDir)="true" (previous value: "false") at C:\Program Files\dotnet\sdk\10.0.200-preview.0.26103.119\Sdks\Microsoft.NET.Sdk\Sdk\Sdk.targets (59,5)
       C:\Program Files\dotnet\sdk\10.0.200-preview.0.26103.119\Containers\build\Microsoft.NET.Build.Containers.targets(5,5): message : Property reassignment: $(_IsSDKContainerAllowedVersion)="true" (previous value: "false") at C:\Program Files\dotnet\sdk\10.0.200-preview.0.26103.119\Containers\build\Microsoft.NET.Build.Containers.targets (5,5)
       C:\Program Files\dotnet\sdk\10.0.200-preview.0.26103.119\Containers\build\Microsoft.NET.Build.Containers.targets(15,5): message : Property reassignment: $(_ContainerIsTargetingNet8TFM)="true" (previous value: "false") at C:\Program Files\dotnet\sdk\10.0.200-preview.0.26103.119\Containers\build\Microsoft.NET.Build.Containers.targets (15,5)
       C:\Program Files\dotnet\sdk\10.0.200-preview.0.26103.119\Containers\build\Microsoft.NET.Build.Containers.targets(17,5): message : Property reassignment: $(_ContainerIsSelfContained)="true" (previous value: "false") at C:\Program Files\dotnet\sdk\10.0.200-preview.0.26103.119\Containers\build\Microsoft.NET.Build.Containers.targets (17,5)
       Overriding target "ResolveFrameworkReferences" in project "C:\Program Files\dotnet\sdk\10.0.200-preview.0.26103.119\Microsoft.Common.CurrentVersion.targets" with target "ResolveFrameworkReferences" from project "C:\Program Files\dotnet\sdk\10.0.200-preview.0.26103.119\Sdks\Microsoft.NET.Sdk\targets\Microsoft.NET.Sdk.FrameworkReferenceResolution.targets".
       Overriding target "GenerateSupportedTargetFrameworkAlias" in project "C:\Program Files\dotnet\sdk\10.0.200-preview.0.26103.119\Microsoft.Common.CurrentVersion.targets" with target "GenerateSupportedTargetFrameworkAlias" from project "C:\Program Files\dotnet\sdk\10.0.200-preview.0.26103.119\Sdks\Microsoft.NET.Sdk\targets\Microsoft.NET.Sdk.targets".
       Overriding target "GetReferenceAssemblyPaths" in project "C:\Program Files\dotnet\sdk\10.0.200-preview.0.26103.119\Microsoft.Common.CurrentVersion.targets" with target "GetReferenceAssemblyPaths" from project "C:\Program Files\dotnet\sdk\10.0.200-preview.0.26103.119\Sdks\Microsoft.NET.Sdk\targets\Microsoft.NET.DisableStandardFrameworkResolution.targets".
       Overriding target "GetFrameworkPaths" in project "C:\Program Files\dotnet\sdk\10.0.200-preview.0.26103.119\Microsoft.Common.CurrentVersion.targets" with target "GetFrameworkPaths" from project "C:\Program Files\dotnet\sdk\10.0.200-preview.0.26103.119\Sdks\Microsoft.NET.Sdk\targets\Microsoft.NET.DisableStandardFrameworkResolution.targets".
       Overriding target "DesignerRuntimeImplementationProjectOutputGroup" in project "C:\Program Files\dotnet\sdk\10.0.200-preview.0.26103.119\Microsoft.Common.CurrentVersion.targets" with target "DesignerRuntimeImplementationProjectOutputGroup" from project "C:\Program Files\dotnet\sdk\10.0.200-preview.0.26103.119\Sdks\Microsoft.NET.Sdk\targets\Microsoft.NET.DesignerSupport.targets".
       Overriding target "Publish" in project "C:\Program Files\dotnet\sdk\10.0.200-preview.0.26103.119\Microsoft.Common.CurrentVersion.targets" with target "Publish" from project "C:\Program Files\dotnet\sdk\10.0.200-preview.0.26103.119\Sdks\Microsoft.NET.Sdk\targets\Microsoft.NET.Publish.targets".
       Overriding target "ResolveReadyToRunCompilers" in project "C:\Program Files\dotnet\sdk\10.0.200-preview.0.26103.119\Sdks\Microsoft.NET.Sdk\targets\Microsoft.NET.CrossGen.targets" with target "ResolveReadyToRunCompilers" from project "C:\Program Files\dotnet\sdk\10.0.200-preview.0.26103.119\Sdks\Microsoft.NET.Sdk\targets\Microsoft.NET.Publish.targets".
       Overriding target "GetCopyToPublishDirectoryItems" in project "C:\Program Files\dotnet\sdk\10.0.200-preview.0.26103.119\Microsoft.Common.CurrentVersion.targets" with target "GetCopyToPublishDirectoryItems" from project "C:\Program Files\dotnet\sdk\10.0.200-preview.0.26103.119\Sdks\Microsoft.NET.Sdk\targets\Microsoft.NET.Publish.targets".
       Overriding target "Run" in project "C:\Program Files\dotnet\sdk\10.0.200-preview.0.26103.119\Microsoft.Common.CurrentVersion.targets" with target "Run" from project "C:\Program Files\dotnet\sdk\10.0.200-preview.0.26103.119\Sdks\Microsoft.NET.Sdk\targets\Microsoft.NET.Sdk.targets".
     1>Project "D:\ChatmeLast\windows\ChatmeWindows\ChatmeWindows.slnx" (1) is building "D:\ChatmeLast\windows\ChatmeWindows\ChatmeWindows.csproj" (2) on node 1 (_IsProjectRestoreSupported target(s)).
     2>Target "_IsProjectRestoreSupported" in file "C:\Program Files\dotnet\sdk\10.0.200-preview.0.26103.119\NuGet.targets" from project "D:\ChatmeLast\windows\ChatmeWindows\ChatmeWindows.csproj" (entry point):
     2>Done building target "_IsProjectRestoreSupported" in project "ChatmeWindows.csproj".
     2>Done Building Project "D:\ChatmeLast\windows\ChatmeWindows\ChatmeWindows.csproj" (_IsProjectRestoreSupported target(s)).
     1>Done executing task "MSBuild".
       Using "WarnForInvalidProjectsTask" task from assembly "C:\Program Files\dotnet\sdk\10.0.200-preview.0.26103.119\NuGet.Build.Tasks.dll".
       Task "WarnForInvalidProjectsTask"
       Done executing task "WarnForInvalidProjectsTask".
     1>Done building target "_FilterRestoreGraphProjectInputItems" in project "ChatmeWindows.slnx".
       Target "_FilterRestoreGraphProjectInputItems" skipped. Previously built successfully.
     1>Target "_GetAllRestoreProjectPathItems" in file "C:\Program Files\dotnet\sdk\10.0.200-preview.0.26103.119\NuGet.targets" from project "D:\ChatmeLast\windows\ChatmeWindows\ChatmeWindows.slnx" (target "_GenerateRestoreGraph" depends on it):
       Using "NuGetMessageTask" task from assembly "C:\Program Files\dotnet\sdk\10.0.200-preview.0.26103.119\NuGet.Build.Tasks.dll".
       Task "NuGetMessageTask"
         Determining projects to restore...
       Done executing task "NuGetMessageTask".
       Task "MSBuild"
         Global Properties:
           ExcludeRestorePackageImports=true
           _RestoreSolutionFileUsed=true
           SolutionDir=D:\ChatmeLast\windows\ChatmeWindows\
           SolutionName=ChatmeWindows
           SolutionFileName=ChatmeWindows.slnx
           SolutionPath=D:\ChatmeLast\windows\ChatmeWindows\ChatmeWindows.slnx
           SolutionExt=.slnx
         Additional Properties for project "D:\ChatmeLast\windows\ChatmeWindows\ChatmeWindows.csproj":
           Configuration=Debug
           Platform=x64
     1>Project "D:\ChatmeLast\windows\ChatmeWindows\ChatmeWindows.slnx" (1) is building "D:\ChatmeLast\windows\ChatmeWindows\ChatmeWindows.csproj" (2:2) on node 1 (_GenerateRestoreProjectPathWalk target(s)).
   2:2>Target "_GenerateRestoreProjectPathItemsPerFramework" in file "C:\Program Files\dotnet\sdk\10.0.200-preview.0.26103.119\NuGet.targets" from project "D:\ChatmeLast\windows\ChatmeWindows\ChatmeWindows.csproj" (target "_GenerateRestoreProjectPathItemsCurrentProject" depends on it):
   2:2>Using "ConvertToAbsolutePath" task from assembly "Microsoft.Build.Tasks.Core, Version=15.1.0.0, Culture=neutral, PublicKeyToken=b03f5f7f11d50a3a".
       Task "ConvertToAbsolutePath"
       Done executing task "ConvertToAbsolutePath".
   2:2>Done building target "_GenerateRestoreProjectPathItemsPerFramework" in project "ChatmeWindows.csproj".
   2:2>Target "_GenerateRestoreProjectPathItemsCurrentProject" in file "C:\Program Files\dotnet\sdk\10.0.200-preview.0.26103.119\NuGet.targets" from project "D:\ChatmeLast\windows\ChatmeWindows\ChatmeWindows.csproj" (target "_GenerateRestoreProjectPathItems" depends on it):
   2:2>Done building target "_GenerateRestoreProjectPathItemsCurrentProject" in project "ChatmeWindows.csproj".
   2:2>Target "_GenerateRestoreProjectPathItems" in file "C:\Program Files\dotnet\sdk\10.0.200-preview.0.26103.119\NuGet.targets" from project "D:\ChatmeLast\windows\ChatmeWindows\ChatmeWindows.csproj" (target "_GenerateRestoreProjectPathWalk" depends on it):
       Using "RemoveDuplicates" task from assembly "Microsoft.Build.Tasks.Core, Version=15.1.0.0, Culture=neutral, PublicKeyToken=b03f5f7f11d50a3a".
       Task "RemoveDuplicates"
       Done executing task "RemoveDuplicates".
   2:2>Done building target "_GenerateRestoreProjectPathItems" in project "ChatmeWindows.csproj".
   2:2>Target "_GenerateRestoreProjectPathWalk" in file "C:\Program Files\dotnet\sdk\10.0.200-preview.0.26103.119\NuGet.targets" from project "D:\ChatmeLast\windows\ChatmeWindows\ChatmeWindows.csproj" (entry point):
       Using "MSBuild" task from assembly "Microsoft.Build.Tasks.Core, Version=15.1.0.0, Culture=neutral, PublicKeyToken=b03f5f7f11d50a3a".
       Task "MSBuild"
       Done executing task "MSBuild".
       Task "RemoveDuplicates"
       Done executing task "RemoveDuplicates".
   2:2>Done building target "_GenerateRestoreProjectPathWalk" in project "ChatmeWindows.csproj".
   2:2>Done Building Project "D:\ChatmeLast\windows\ChatmeWindows\ChatmeWindows.csproj" (_GenerateRestoreProjectPathWalk target(s)).
     1>Done executing task "MSBuild".
       Task "RemoveDuplicates"
       Done executing task "RemoveDuplicates".
       Task "MSBuild"
         Global Properties:
           ExcludeRestorePackageImports=true
           _RestoreSolutionFileUsed=true
           SolutionDir=D:\ChatmeLast\windows\ChatmeWindows\
           SolutionName=ChatmeWindows
           SolutionFileName=ChatmeWindows.slnx
           SolutionPath=D:\ChatmeLast\windows\ChatmeWindows\ChatmeWindows.slnx
           SolutionExt=.slnx
         Additional Properties for project "D:\ChatmeLast\windows\ChatmeWindows\ChatmeWindows.csproj":
           Configuration=Debug
           Platform=x64
     1>Project "D:\ChatmeLast\windows\ChatmeWindows\ChatmeWindows.slnx" (1) is building "D:\ChatmeLast\windows\ChatmeWindows\ChatmeWindows.csproj" (2:3) on node 1 (_IsProjectRestoreSupported target(s)).
   2:3>Target "_IsProjectRestoreSupported" skipped. Previously built successfully.
   2:3>Done Building Project "D:\ChatmeLast\windows\ChatmeWindows\ChatmeWindows.csproj" (_IsProjectRestoreSupported target(s)).
     1>Done executing task "MSBuild".
     1>Done building target "_GetAllRestoreProjectPathItems" in project "ChatmeWindows.slnx".
     1>Target "_GenerateRestoreGraph" in file "C:\Program Files\dotnet\sdk\10.0.200-preview.0.26103.119\NuGet.targets" from project "D:\ChatmeLast\windows\ChatmeWindows\ChatmeWindows.slnx" (target "Restore" depends on it):
       Task "Message"
         Generating dg file
       Done executing task "Message".
       Task "Message"
         D:\ChatmeLast\windows\ChatmeWindows\ChatmeWindows.csproj
       Done executing task "Message".
       Task "MSBuild"
         Global Properties:
           ExcludeRestorePackageImports=true
           _RestoreSolutionFileUsed=true
           SolutionDir=D:\ChatmeLast\windows\ChatmeWindows\
           SolutionName=ChatmeWindows
           SolutionFileName=ChatmeWindows.slnx
           SolutionPath=D:\ChatmeLast\windows\ChatmeWindows\ChatmeWindows.slnx
           SolutionExt=.slnx
         Additional Properties for project "D:\ChatmeLast\windows\ChatmeWindows\ChatmeWindows.csproj":
           Configuration=Debug
           Platform=x64
     1>Project "D:\ChatmeLast\windows\ChatmeWindows\ChatmeWindows.slnx" (1) is building "D:\ChatmeLast\windows\ChatmeWindows\ChatmeWindows.csproj" (2:4) on node 1 (_GenerateRestoreGraphProjectEntry target(s)).
   2:4>Target "_CheckForUnsupportedTargetPlatformIdentifier" in file "C:\Program Files\dotnet\sdk\10.0.200-preview.0.26103.119\Sdks\Microsoft.NET.Sdk\targets\Microsoft.NET.TargetFrameworkInference.targets" from project "D:\ChatmeLast\windows\ChatmeWindows\ChatmeWindows.csproj" (target "CollectPackageReferences" depends on it):
   2:4>Done building target "_CheckForUnsupportedTargetPlatformIdentifier" in project "ChatmeWindows.csproj".
   2:4>Target "_CheckForUnsupportedNETCoreVersion" in file "C:\Program Files\dotnet\sdk\10.0.200-preview.0.26103.119\Sdks\Microsoft.NET.Sdk\targets\Microsoft.NET.TargetFrameworkInference.targets" from project "D:\ChatmeLast\windows\ChatmeWindows\ChatmeWindows.csproj" (target "CollectPackageReferences" depends on it):
   2:4>Done building target "_CheckForUnsupportedNETCoreVersion" in project "ChatmeWindows.csproj".
   2:4>Target "_CheckForUnsupportedCppNETCoreVersion" in file "C:\Program Files\dotnet\sdk\10.0.200-preview.0.26103.119\Sdks\Microsoft.NET.Sdk\targets\Microsoft.NET.TargetFrameworkInference.targets" from project "D:\ChatmeLast\windows\ChatmeWindows\ChatmeWindows.csproj" (target "CollectPackageReferences" depends on it):
   2:4>Done building target "_CheckForUnsupportedCppNETCoreVersion" in project "ChatmeWindows.csproj".
   2:4>Target "UpdateAspNetToFrameworkReference" in file "C:\Program Files\dotnet\sdk\10.0.200-preview.0.26103.119\Sdks\Microsoft.NET.Sdk\targets\Microsoft.NET.Sdk.DefaultItems.Shared.targets" from project "D:\ChatmeLast\windows\ChatmeWindows\ChatmeWindows.csproj" (target "ApplyImplicitVersions" depends on it):
       Using "CheckIfPackageReferenceShouldBeFrameworkReference" task from assembly "C:\Program Files\dotnet\sdk\10.0.200-preview.0.26103.119\Sdks\Microsoft.NET.Sdk\targets\..\tools\net10.0\Microsoft.NET.Build.Tasks.dll".
       Task "CheckIfPackageReferenceShouldBeFrameworkReference"
       Done executing task "CheckIfPackageReferenceShouldBeFrameworkReference".
       Task "CheckIfPackageReferenceShouldBeFrameworkReference"
       Done executing task "CheckIfPackageReferenceShouldBeFrameworkReference".
   2:4>Done building target "UpdateAspNetToFrameworkReference" in project "ChatmeWindows.csproj".
   2:4>Target "CheckForImplicitPackageReferenceOverrides" in file "C:\Program Files\dotnet\sdk\10.0.200-preview.0.26103.119\Sdks\Microsoft.NET.Sdk\targets\Microsoft.NET.Sdk.DefaultItems.Shared.targets" from project "D:\ChatmeLast\windows\ChatmeWindows\ChatmeWindows.csproj" (target "ApplyImplicitVersions" depends on it):
       Using "CheckForImplicitPackageReferenceOverrides" task from assembly "C:\Program Files\dotnet\sdk\10.0.200-preview.0.26103.119\Sdks\Microsoft.NET.Sdk\targets\..\tools\net10.0\Microsoft.NET.Build.Tasks.dll".
       Task "CheckForImplicitPackageReferenceOverrides"
       Done executing task "CheckForImplicitPackageReferenceOverrides".
   2:4>Done building target "CheckForImplicitPackageReferenceOverrides" in project "ChatmeWindows.csproj".
   2:4>Target "ApplyImplicitVersions" in file "C:\Program Files\dotnet\sdk\10.0.200-preview.0.26103.119\Sdks\Microsoft.NET.Sdk\targets\Microsoft.NET.Sdk.DefaultItems.Shared.targets" from project "D:\ChatmeLast\windows\ChatmeWindows\ChatmeWindows.csproj" (target "CollectPackageReferences" depends on it):
       Using "ApplyImplicitVersions" task from assembly "C:\Program Files\dotnet\sdk\10.0.200-preview.0.26103.119\Sdks\Microsoft.NET.Sdk\targets\..\tools\net10.0\Microsoft.NET.Build.Tasks.dll".
       Task "ApplyImplicitVersions"
       Done executing task "ApplyImplicitVersions".
   2:4>Done building target "ApplyImplicitVersions" in project "ChatmeWindows.csproj".
       Target "CheckForImplicitPackageReferenceOverrides" skipped. Previously built successfully.
   2:4>Target "AddWindowsSdkKnownFrameworkReferences" in file "C:\Program Files\dotnet\sdk\10.0.200-preview.0.26103.119\Sdks\Microsoft.NET.Sdk\targets\Microsoft.NET.Sdk.FrameworkReferenceResolution.targets" from project "D:\ChatmeLast\windows\ChatmeWindows\ChatmeWindows.csproj" (target "ProcessFrameworkReferences" depends on it):
       Using "CreateWindowsSdkKnownFrameworkReferences" task from assembly "C:\Program Files\dotnet\sdk\10.0.200-preview.0.26103.119\Sdks\Microsoft.NET.Sdk\targets\..\tools\net10.0\Microsoft.NET.Build.Tasks.dll".
       Task "CreateWindowsSdkKnownFrameworkReferences"
       Done executing task "CreateWindowsSdkKnownFrameworkReferences".
   2:4>Done building target "AddWindowsSdkKnownFrameworkReferences" in project "ChatmeWindows.csproj".
   2:4>Target "_NormalizeTargetPlatformVersion" in file "C:\Program Files\dotnet\sdk\10.0.200-preview.0.26103.119\Sdks\Microsoft.NET.Sdk\targets\Microsoft.NET.TargetFrameworkInference.targets" from project "D:\ChatmeLast\windows\ChatmeWindows\ChatmeWindows.csproj" (target "ProcessFrameworkReferences" depends on it):
   2:4>Done building target "_NormalizeTargetPlatformVersion" in project "ChatmeWindows.csproj".
   2:4>Target "_CheckForLanguageAndFeatureCombinationSupport" in file "C:\Program Files\dotnet\sdk\10.0.200-preview.0.26103.119\Sdks\Microsoft.NET.Sdk\targets\Microsoft.NET.RuntimeIdentifierInference.targets" from project "D:\ChatmeLast\windows\ChatmeWindows\ChatmeWindows.csproj" (target "ProcessFrameworkReferences" depends on it):
   2:4>Done building target "_CheckForLanguageAndFeatureCombinationSupport" in project "ChatmeWindows.csproj".
   2:4>Target "_ComputeToolPackInputsToProcessFrameworkReferences" in file "C:\Program Files\dotnet\sdk\10.0.200-preview.0.26103.119\Sdks\Microsoft.NET.Sdk\targets\Microsoft.NET.Publish.targets" from project "D:\ChatmeLast\windows\ChatmeWindows\ChatmeWindows.csproj" (target "ProcessFrameworkReferences" depends on it):
   2:4>Done building target "_ComputeToolPackInputsToProcessFrameworkReferences" in project "ChatmeWindows.csproj".
   2:4>Target "ProcessFrameworkReferences" in file "C:\Program Files\dotnet\sdk\10.0.200-preview.0.26103.119\Sdks\Microsoft.NET.Sdk\targets\Microsoft.NET.Sdk.FrameworkReferenceResolution.targets" from project "D:\ChatmeLast\windows\ChatmeWindows\ChatmeWindows.csproj" (target "CollectPackageReferences" depends on it):
       Using "CheckForDuplicateFrameworkReferences" task from assembly "C:\Program Files\dotnet\sdk\10.0.200-preview.0.26103.119\Sdks\Microsoft.NET.Sdk\targets\..\tools\net10.0\Microsoft.NET.Build.Tasks.dll".
       Task "CheckForDuplicateFrameworkReferences"
       Done executing task "CheckForDuplicateFrameworkReferences".
       Using "ProcessFrameworkReferences" task from assembly "C:\Program Files\dotnet\sdk\10.0.200-preview.0.26103.119\Sdks\Microsoft.NET.Sdk\targets\..\tools\net10.0\Microsoft.NET.Build.Tasks.dll".
       Task "ProcessFrameworkReferences"
         Found 2 known framework references for target framework .NETCoreApp
         Found 6 known runtime packs for target framework .NETCoreApp
         Selected Microsoft.NETCore.App with RIDs 'linux-arm;linux-arm64;linux-musl-arm64;linux-musl-x64;linux-x64;osx-x64;tizen.4.0.0-armel;tizen.5.0.0-armel;win-arm64;win-x64;win-x86;linux-musl-arm;osx-arm64;linux-s390x;linux-loongarch64;linux-bionic-arm;linux-bionic-arm64;linux-bionic-x64;linux-bionic-x86;linux-ppc64le;freebsd-x64;freebsd-arm64;linux-riscv64;linux-musl-riscv64;linux-musl-loongarch64;android-arm64;android-x64'
         Selected targeting pack 'Microsoft.NETCore.App@10.0.2'
         Finding best RID match for pack Microsoft.NETCore.App@10.0.2 for target RID 'win-x64' from 'linux-arm;linux-arm64;linux-musl-arm64;linux-musl-x64;linux-x64;osx-x64;tizen.4.0.0-armel;tizen.5.0.0-armel;win-arm64;win-x64;win-x86;linux-musl-arm;osx-arm64;linux-s390x;linux-loongarch64;linux-bionic-arm;linux-bionic-arm64;linux-bionic-x64;linux-bionic-x86;linux-ppc64le;freebsd-x64;freebsd-arm64;linux-riscv64;linux-musl-riscv64;linux-musl-loongarch64;android-arm64;android-x64' excluding ''
         Finding best RID match for pack Microsoft.NETCore.App@10.0.2 for target RID 'win-x86' from 'linux-arm;linux-arm64;linux-musl-arm64;linux-musl-x64;linux-x64;osx-x64;tizen.4.0.0-armel;tizen.5.0.0-armel;win-arm64;win-x64;win-x86;linux-musl-arm;osx-arm64;linux-s390x;linux-loongarch64;linux-bionic-arm;linux-bionic-arm64;linux-bionic-x64;linux-bionic-x86;linux-ppc64le;freebsd-x64;freebsd-arm64;linux-riscv64;linux-musl-riscv64;linux-musl-loongarch64;android-arm64;android-x64' excluding ''
         Finding best RID match for pack Microsoft.NETCore.App@10.0.2 for target RID 'win-arm64' from 'linux-arm;linux-arm64;linux-musl-arm64;linux-musl-x64;linux-x64;osx-x64;tizen.4.0.0-armel;tizen.5.0.0-armel;win-arm64;win-x64;win-x86;linux-musl-arm;osx-arm64;linux-s390x;linux-loongarch64;linux-bionic-arm;linux-bionic-arm64;linux-bionic-x64;linux-bionic-x86;linux-ppc64le;freebsd-x64;freebsd-arm64;linux-riscv64;linux-musl-riscv64;linux-musl-loongarch64;android-arm64;android-x64' excluding ''
         Added runtime framework 'Microsoft.NETCore.App@10.0.2'
         Selected Microsoft.WindowsDesktop.App with RIDs 'win-x64;win-x86;win-arm64'
         Selected targeting pack 'Microsoft.WindowsDesktop.App@10.0.2'
         Finding best RID match for pack Microsoft.WindowsDesktop.App@10.0.2 for target RID 'win-x64' from 'win-x64;win-x86;win-arm64' excluding ''
         Finding best RID match for pack Microsoft.WindowsDesktop.App@10.0.2 for target RID 'win-x86' from 'win-x64;win-x86;win-arm64' excluding ''
         Finding best RID match for pack Microsoft.WindowsDesktop.App@10.0.2 for target RID 'win-arm64' from 'win-x64;win-x86;win-arm64' excluding ''
         Added runtime framework 'Microsoft.WindowsDesktop.App@10.0.2'
         Selected Microsoft.WindowsDesktop.App with RIDs 'win-x64;win-x86;win-arm64'
         Selected targeting pack 'Microsoft.WindowsDesktop.App.WPF@10.0.2'
         Finding best RID match for pack Microsoft.WindowsDesktop.App.WPF@10.0.2 for target RID 'win-x64' from 'win-x64;win-x86;win-arm64' excluding ''
         Finding best RID match for pack Microsoft.WindowsDesktop.App.WPF@10.0.2 for target RID 'win-x86' from 'win-x64;win-x86;win-arm64' excluding ''
         Finding best RID match for pack Microsoft.WindowsDesktop.App.WPF@10.0.2 for target RID 'win-arm64' from 'win-x64;win-x86;win-arm64' excluding ''
         Added runtime framework 'Microsoft.WindowsDesktop.App@10.0.2'
         Selected Microsoft.WindowsDesktop.App with RIDs 'win-x64;win-x86;win-arm64'
         Selected targeting pack 'Microsoft.WindowsDesktop.App.WindowsForms@10.0.2'
         Finding best RID match for pack Microsoft.WindowsDesktop.App.WindowsForms@10.0.2 for target RID 'win-x64' from 'win-x64;win-x86;win-arm64' excluding ''
         Finding best RID match for pack Microsoft.WindowsDesktop.App.WindowsForms@10.0.2 for target RID 'win-x86' from 'win-x64;win-x86;win-arm64' excluding ''
         Finding best RID match for pack Microsoft.WindowsDesktop.App.WindowsForms@10.0.2 for target RID 'win-arm64' from 'win-x64;win-x86;win-arm64' excluding ''
         Added runtime framework 'Microsoft.WindowsDesktop.App@10.0.2'
         Selected Microsoft.AspNetCore.App with RIDs 'win-x64;win-x86;osx-x64;linux-musl-x64;linux-musl-arm64;linux-x64;linux-arm;linux-arm64;linux-musl-arm;win-arm64;osx-arm64;linux-s390x;linux-loongarch64;linux-ppc64le;freebsd-x64;freebsd-arm64;linux-riscv64;linux-musl-riscv64;linux-loongarch64;linux-musl-loongarch64'
         Selected targeting pack 'Microsoft.AspNetCore.App@10.0.2'
         Finding best RID match for pack Microsoft.AspNetCore.App@10.0.2 for target RID 'win-x64' from 'win-x64;win-x86;osx-x64;linux-musl-x64;linux-musl-arm64;linux-x64;linux-arm;linux-arm64;linux-musl-arm;win-arm64;osx-arm64;linux-s390x;linux-loongarch64;linux-ppc64le;freebsd-x64;freebsd-arm64;linux-riscv64;linux-musl-riscv64;linux-loongarch64;linux-musl-loongarch64' excluding 'android;linux-bionic'
         Finding best RID match for pack Microsoft.AspNetCore.App@10.0.2 for target RID 'win-x86' from 'win-x64;win-x86;osx-x64;linux-musl-x64;linux-musl-arm64;linux-x64;linux-arm;linux-arm64;linux-musl-arm;win-arm64;osx-arm64;linux-s390x;linux-loongarch64;linux-ppc64le;freebsd-x64;freebsd-arm64;linux-riscv64;linux-musl-riscv64;linux-loongarch64;linux-musl-loongarch64' excluding 'android;linux-bionic'
         Finding best RID match for pack Microsoft.AspNetCore.App@10.0.2 for target RID 'win-arm64' from 'win-x64;win-x86;osx-x64;linux-musl-x64;linux-musl-arm64;linux-x64;linux-arm;linux-arm64;linux-musl-arm;win-arm64;osx-arm64;linux-s390x;linux-loongarch64;linux-ppc64le;freebsd-x64;freebsd-arm64;linux-riscv64;linux-musl-riscv64;linux-loongarch64;linux-musl-loongarch64' excluding 'android;linux-bionic'
         Added runtime framework 'Microsoft.AspNetCore.App@10.0.2'
         Selected Microsoft.Windows.SDK.NET.Ref with RIDs 'any'
         Selected targeting pack 'Microsoft.Windows.SDK.NET.Ref@10.0.19041.57'
         Finding best RID match for pack Microsoft.Windows.SDK.NET.Ref@10.0.19041.57 for target RID 'win-x64' from 'any' excluding ''
         Finding best RID match for pack Microsoft.Windows.SDK.NET.Ref@10.0.19041.57 for target RID 'win-x86' from 'any' excluding ''
         Finding best RID match for pack Microsoft.Windows.SDK.NET.Ref@10.0.19041.57 for target RID 'win-arm64' from 'any' excluding ''
         Selected Microsoft.Windows.SDK.NET.Ref with RIDs 'any'
         Selected targeting pack 'Microsoft.Windows.SDK.NET.Ref.Windows@10.0.19041.57'
         Finding best RID match for pack Microsoft.Windows.SDK.NET.Ref.Windows@10.0.19041.57 for target RID 'win-x64' from 'any' excluding ''
         Finding best RID match for pack Microsoft.Windows.SDK.NET.Ref.Windows@10.0.19041.57 for target RID 'win-x86' from 'any' excluding ''
         Finding best RID match for pack Microsoft.Windows.SDK.NET.Ref.Windows@10.0.19041.57 for target RID 'win-arm64' from 'any' excluding ''
         Selected Microsoft.Windows.SDK.NET.Ref with RIDs 'any'
         Selected targeting pack 'Microsoft.Windows.SDK.NET.Ref.Xaml@10.0.19041.57'
         Finding best RID match for pack Microsoft.Windows.SDK.NET.Ref.Xaml@10.0.19041.57 for target RID 'win-x64' from 'any' excluding ''
         Finding best RID match for pack Microsoft.Windows.SDK.NET.Ref.Xaml@10.0.19041.57 for target RID 'win-x86' from 'any' excluding ''
         Finding best RID match for pack Microsoft.Windows.SDK.NET.Ref.Xaml@10.0.19041.57 for target RID 'win-arm64' from 'any' excluding ''
         Selected Microsoft.Windows.SDK.NET.Ref with RIDs 'any'
         Selected targeting pack 'Microsoft.Windows.SDK.NET.Ref.CsWinRT3.Windows@10.0.19041.57'
         Finding best RID match for pack Microsoft.Windows.SDK.NET.Ref.CsWinRT3.Windows@10.0.19041.57 for target RID 'win-x64' from 'any' excluding ''
         Finding best RID match for pack Microsoft.Windows.SDK.NET.Ref.CsWinRT3.Windows@10.0.19041.57 for target RID 'win-x86' from 'any' excluding ''
         Finding best RID match for pack Microsoft.Windows.SDK.NET.Ref.CsWinRT3.Windows@10.0.19041.57 for target RID 'win-arm64' from 'any' excluding ''
         Selected Microsoft.Windows.SDK.NET.Ref with RIDs 'any'
         Selected targeting pack 'Microsoft.Windows.SDK.NET.Ref.CsWinRT3.Xaml@10.0.19041.57'
         Finding best RID match for pack Microsoft.Windows.SDK.NET.Ref.CsWinRT3.Xaml@10.0.19041.57 for target RID 'win-x64' from 'any' excluding ''
         Finding best RID match for pack Microsoft.Windows.SDK.NET.Ref.CsWinRT3.Xaml@10.0.19041.57 for target RID 'win-x86' from 'any' excluding ''
         Finding best RID match for pack Microsoft.Windows.SDK.NET.Ref.CsWinRT3.Xaml@10.0.19041.57 for target RID 'win-arm64' from 'any' excluding ''
       Done executing task "ProcessFrameworkReferences".
       Using "ResolveAppHosts" task from assembly "C:\Program Files\dotnet\sdk\10.0.200-preview.0.26103.119\Sdks\Microsoft.NET.Sdk\targets\..\tools\net10.0\Microsoft.NET.Build.Tasks.dll".
       Task "ResolveAppHosts"
       Done executing task "ResolveAppHosts".
   2:4>Done building target "ProcessFrameworkReferences" in project "ChatmeWindows.csproj".
   2:4>Target "_CheckForObsoleteDotNetCliToolReferences" in file "C:\Program Files\dotnet\sdk\10.0.200-preview.0.26103.119\Sdks\Microsoft.NET.Sdk\targets\Microsoft.NET.ObsoleteReferences.targets" from project "D:\ChatmeLast\windows\ChatmeWindows\ChatmeWindows.csproj" (target "CollectPackageReferences" depends on it):
   2:4>Done building target "_CheckForObsoleteDotNetCliToolReferences" in project "ChatmeWindows.csproj".
   2:4>Target "CollectPackageReferences" in file "C:\Program Files\dotnet\sdk\10.0.200-preview.0.26103.119\NuGet.targets" from project "D:\ChatmeLast\windows\ChatmeWindows\ChatmeWindows.csproj" (target "_GetRestoreProjectStyle" depends on it):
       Using "CheckForDuplicateNuGetItemsTask" task from assembly "C:\Program Files\dotnet\sdk\10.0.200-preview.0.26103.119\NuGet.Build.Tasks.dll".
       Task "CheckForDuplicateNuGetItemsTask"
       Done executing task "CheckForDuplicateNuGetItemsTask".
   2:4>Done building target "CollectPackageReferences" in project "ChatmeWindows.csproj".
   2:4>Target "_GetRestoreProjectStyle" in file "C:\Program Files\dotnet\sdk\10.0.200-preview.0.26103.119\NuGet.targets" from project "D:\ChatmeLast\windows\ChatmeWindows\ChatmeWindows.csproj" (target "_GenerateRestoreSpecs" depends on it):
       Using "GetRestoreProjectStyleTask" task from assembly "C:\Program Files\dotnet\sdk\10.0.200-preview.0.26103.119\NuGet.Build.Tasks.dll".
       Task "GetRestoreProjectStyleTask"
       Done executing task "GetRestoreProjectStyleTask".
   2:4>Done building target "_GetRestoreProjectStyle" in project "ChatmeWindows.csproj".
   2:4>Target "_GenerateRestoreSpecs" in file "C:\Program Files\dotnet\sdk\10.0.200-preview.0.26103.119\NuGet.targets" from project "D:\ChatmeLast\windows\ChatmeWindows\ChatmeWindows.csproj" (target "_GenerateRestoreGraphProjectEntry" depends on it):
       Using "Message" task from assembly "Microsoft.Build.Tasks.Core, Version=15.1.0.0, Culture=neutral, PublicKeyToken=b03f5f7f11d50a3a".
       Task "Message"
         Restore entry point D:\ChatmeLast\windows\ChatmeWindows\ChatmeWindows.csproj
       Done executing task "Message".
   2:4>Done building target "_GenerateRestoreSpecs" in project "ChatmeWindows.csproj".
   2:4>Target "_GetRestoreSettingsOverrides" in file "C:\Program Files\dotnet\sdk\10.0.200-preview.0.26103.119\NuGet.targets" from project "D:\ChatmeLast\windows\ChatmeWindows\ChatmeWindows.csproj" (target "_GetRestoreSettings" depends on it):
   2:4>Done building target "_GetRestoreSettingsOverrides" in project "ChatmeWindows.csproj".
   2:4>Target "_GetRestoreSettingsPerFramework" in file "C:\Program Files\dotnet\sdk\10.0.200-preview.0.26103.119\NuGet.targets" from project "D:\ChatmeLast\windows\ChatmeWindows\ChatmeWindows.csproj" (target "_GetRestoreSettingsCurrentProject" depends on it):
   2:4>Done building target "_GetRestoreSettingsPerFramework" in project "ChatmeWindows.csproj".
   2:4>Target "_GetRestoreSettingsCurrentProject" in file "C:\Program Files\dotnet\sdk\10.0.200-preview.0.26103.119\NuGet.targets" from project "D:\ChatmeLast\windows\ChatmeWindows\ChatmeWindows.csproj" (target "_GetRestoreSettings" depends on it):
   2:4>Done building target "_GetRestoreSettingsCurrentProject" in project "ChatmeWindows.csproj".
   2:4>Target "_GetRestoreSettings" in file "C:\Program Files\dotnet\sdk\10.0.200-preview.0.26103.119\NuGet.targets" from project "D:\ChatmeLast\windows\ChatmeWindows\ChatmeWindows.csproj" (target "_GenerateDotnetCliToolReferenceSpecs" depends on it):
       Using "GetRestoreSettingsTask" task from assembly "C:\Program Files\dotnet\sdk\10.0.200-preview.0.26103.119\NuGet.Build.Tasks.dll".
       Task "GetRestoreSettingsTask"
         Assembly loaded during TaskRun (NuGet.Build.Tasks.GetRestoreSettingsTask): NuGet.Configuration, Version=7.3.0.0, Culture=neutral, PublicKeyToken=31bf3856ad364e35 (location: C:\Program Files\dotnet\sdk\10.0.200-preview.0.26103.119\NuGet.Configuration.dll, MVID: ac4b87a1-1747-4a6b-bebb-592d9de62c4a, AssemblyLoadContext: MSBuild plugin C:\Program Files\dotnet\sdk\10.0.200-preview.0.26103.119\NuGet.Build.Tasks.dll)
       Done executing task "GetRestoreSettingsTask".
   2:4>Done building target "_GetRestoreSettings" in project "ChatmeWindows.csproj".
   2:4>Target "_GenerateDotnetCliToolReferenceSpecs" in file "C:\Program Files\dotnet\sdk\10.0.200-preview.0.26103.119\NuGet.targets" from project "D:\ChatmeLast\windows\ChatmeWindows\ChatmeWindows.csproj" (target "_GenerateRestoreGraphProjectEntry" depends on it):
       Using "GetRestoreDotnetCliToolsTask" task from assembly "C:\Program Files\dotnet\sdk\10.0.200-preview.0.26103.119\NuGet.Build.Tasks.dll".
       Task "GetRestoreDotnetCliToolsTask"
       Done executing task "GetRestoreDotnetCliToolsTask".
   2:4>Done building target "_GenerateDotnetCliToolReferenceSpecs" in project "ChatmeWindows.csproj".
   2:4>Target "_GenerateRestoreGraphProjectEntry" in file "C:\Program Files\dotnet\sdk\10.0.200-preview.0.26103.119\NuGet.targets" from project "D:\ChatmeLast\windows\ChatmeWindows\ChatmeWindows.csproj" (entry point):
   2:4>Done building target "_GenerateRestoreGraphProjectEntry" in project "ChatmeWindows.csproj".
   2:4>Done Building Project "D:\ChatmeLast\windows\ChatmeWindows\ChatmeWindows.csproj" (_GenerateRestoreGraphProjectEntry target(s)).
     1>Done executing task "MSBuild".
       Task "MSBuild"
         Global Properties:
           ExcludeRestorePackageImports=true
           _RestoreSolutionFileUsed=true
           SolutionDir=D:\ChatmeLast\windows\ChatmeWindows\
           SolutionName=ChatmeWindows
           SolutionFileName=ChatmeWindows.slnx
           SolutionPath=D:\ChatmeLast\windows\ChatmeWindows\ChatmeWindows.slnx
           SolutionExt=.slnx
         Additional Properties for project "D:\ChatmeLast\windows\ChatmeWindows\ChatmeWindows.csproj":
           Configuration=Debug
           Platform=x64
     1>Project "D:\ChatmeLast\windows\ChatmeWindows\ChatmeWindows.slnx" (1) is building "D:\ChatmeLast\windows\ChatmeWindows\ChatmeWindows.csproj" (2:5) on node 1 (_GenerateProjectRestoreGraph target(s)).
   2:5>Target "_GetRestoreProjectStyle" skipped. Previously built successfully.
       Target "_GetRestoreProjectStyle" skipped. Previously built successfully.
       Target "_GetRestoreProjectStyle" skipped. Previously built successfully.
   2:5>Target "_GetRestoreTargetFrameworkOverride" in file "C:\Program Files\dotnet\sdk\10.0.200-preview.0.26103.119\NuGet.targets" from project "D:\ChatmeLast\windows\ChatmeWindows\ChatmeWindows.csproj" (target "_GetRestoreTargetFrameworksOutput" depends on it):
   2:5>Done building target "_GetRestoreTargetFrameworkOverride" in project "ChatmeWindows.csproj".
   2:5>Target "_GetRestoreTargetFrameworksOutput" in file "C:\Program Files\dotnet\sdk\10.0.200-preview.0.26103.119\NuGet.targets" from project "D:\ChatmeLast\windows\ChatmeWindows\ChatmeWindows.csproj" (target "_GenerateRestoreProjectSpec" depends on it):
       Using "GetProjectTargetFrameworksTask" task from assembly "C:\Program Files\dotnet\sdk\10.0.200-preview.0.26103.119\NuGet.Build.Tasks.dll".
       Task "GetProjectTargetFrameworksTask"
       Done executing task "GetProjectTargetFrameworksTask".
   2:5>Done building target "_GetRestoreTargetFrameworksOutput" in project "ChatmeWindows.csproj".
       Target "_GetRestoreSettings" skipped. Previously built successfully.
   2:5>Target "_GenerateRestoreProjectSpec" in file "C:\Program Files\dotnet\sdk\10.0.200-preview.0.26103.119\NuGet.targets" from project "D:\ChatmeLast\windows\ChatmeWindows\ChatmeWindows.csproj" (target "_GenerateProjectRestoreGraph" depends on it):
       Task "ConvertToAbsolutePath"
       Done executing task "ConvertToAbsolutePath".
   2:5>Done building target "_GenerateRestoreProjectSpec" in project "ChatmeWindows.csproj".
       Target "_GetRestoreProjectStyle" skipped. Previously built successfully.
       Target "CollectPackageReferences" skipped. Previously built successfully.
   2:5>Target "CollectPackageDownloads" in file "C:\Program Files\dotnet\sdk\10.0.200-preview.0.26103.119\NuGet.targets" from project "D:\ChatmeLast\windows\ChatmeWindows\ChatmeWindows.csproj" (target "_CollectRestoreInputs" depends on it):
       Task "CheckForDuplicateNuGetItemsTask"
       Done executing task "CheckForDuplicateNuGetItemsTask".
   2:5>Done building target "CollectPackageDownloads" in project "ChatmeWindows.csproj".
   2:5>Target "CollectFrameworkReferences" in file "C:\Program Files\dotnet\sdk\10.0.200-preview.0.26103.119\NuGet.targets" from project "D:\ChatmeLast\windows\ChatmeWindows\ChatmeWindows.csproj" (target "_CollectRestoreInputs" depends on it):
   2:5>Done building target "CollectFrameworkReferences" in project "ChatmeWindows.csproj".
   2:5>Target "CollectCentralPackageVersions" in file "C:\Program Files\dotnet\sdk\10.0.200-preview.0.26103.119\NuGet.targets" from project "D:\ChatmeLast\windows\ChatmeWindows\ChatmeWindows.csproj" (target "_CollectRestoreInputs" depends on it):
       Task "CheckForDuplicateNuGetItemsTask"
       Done executing task "CheckForDuplicateNuGetItemsTask".
   2:5>Done building target "CollectCentralPackageVersions" in project "ChatmeWindows.csproj".
   2:5>Target "CollectNuGetAuditSuppressions" in file "C:\Program Files\dotnet\sdk\10.0.200-preview.0.26103.119\NuGet.targets" from project "D:\ChatmeLast\windows\ChatmeWindows\ChatmeWindows.csproj" (target "_CollectRestoreInputs" depends on it):
       Task "CheckForDuplicateNuGetItemsTask"
       Done executing task "CheckForDuplicateNuGetItemsTask".
   2:5>Done building target "CollectNuGetAuditSuppressions" in project "ChatmeWindows.csproj".
       Target "ProcessFrameworkReferences" skipped. Previously built successfully.
   2:5>Target "AddPrunePackageReferences" in file "C:\Program Files\dotnet\sdk\10.0.200-preview.0.26103.119\Sdks\Microsoft.NET.Sdk\targets\Microsoft.NET.Sdk.FrameworkReferenceResolution.targets" from project "D:\ChatmeLast\windows\ChatmeWindows\ChatmeWindows.csproj" (target "CollectPrunePackageReferences" depends on it):
       Using "GetPackagesToPrune" task from assembly "C:\Program Files\dotnet\sdk\10.0.200-preview.0.26103.119\Sdks\Microsoft.NET.Sdk\targets\..\tools\net10.0\Microsoft.NET.Build.Tasks.dll".
       Task "GetPackagesToPrune"
         Loading packages to prune for .NETCoreApp 10.0 Microsoft.NETCore.App
         Loading prune package data from PrunePackageData folder
         Failed to load prune package data from PrunePackageData folder, loading from targeting packs instead
         Looking for targeting packs in C:\Program Files\dotnet\packs\Microsoft.NETCore.App.Ref
         Pack directories found: C:\Program Files\dotnet\packs\Microsoft.NETCore.App.Ref\10.0.0-rc.2.25502.107
         C:\Program Files\dotnet\packs\Microsoft.NETCore.App.Ref\10.0.2
         Found package overrides file C:\Program Files\dotnet\packs\Microsoft.NETCore.App.Ref\10.0.2\data\PackageOverrides.txt
       Done executing task "GetPackagesToPrune".
   2:5>Done building target "AddPrunePackageReferences" in project "ChatmeWindows.csproj".
   2:5>Target "CollectPrunePackageReferences" in file "C:\Program Files\dotnet\sdk\10.0.200-preview.0.26103.119\NuGet.targets" from project "D:\ChatmeLast\windows\ChatmeWindows\ChatmeWindows.csproj" (target "_CollectRestoreInputs" depends on it):
       Task "CheckForDuplicateNuGetItemsTask"
       Done executing task "CheckForDuplicateNuGetItemsTask".
   2:5>Done building target "CollectPrunePackageReferences" in project "ChatmeWindows.csproj".
   2:5>Target "_CollectRestoreInputs" in file "C:\Program Files\dotnet\sdk\10.0.200-preview.0.26103.119\NuGet.targets" from project "D:\ChatmeLast\windows\ChatmeWindows\ChatmeWindows.csproj" (target "_GenerateProjectRestoreGraphPerFramework" depends on it):
   2:5>Done building target "_CollectRestoreInputs" in project "ChatmeWindows.csproj".
   2:5>Target "_GenerateProjectRestoreGraphPerFramework" in file "C:\Program Files\dotnet\sdk\10.0.200-preview.0.26103.119\NuGet.targets" from project "D:\ChatmeLast\windows\ChatmeWindows\ChatmeWindows.csproj" (target "_GenerateProjectRestoreGraphCurrentProject" depends on it):
       Using "GetRestoreProjectReferencesTask" task from assembly "C:\Program Files\dotnet\sdk\10.0.200-preview.0.26103.119\NuGet.Build.Tasks.dll".
       Task "GetRestoreProjectReferencesTask"
       Done executing task "GetRestoreProjectReferencesTask".
       Using "GetRestorePackageReferencesTask" task from assembly "C:\Program Files\dotnet\sdk\10.0.200-preview.0.26103.119\NuGet.Build.Tasks.dll".
       Task "GetRestorePackageReferencesTask"
       Done executing task "GetRestorePackageReferencesTask".
       Using "GetRestorePackageDownloadsTask" task from assembly "C:\Program Files\dotnet\sdk\10.0.200-preview.0.26103.119\NuGet.Build.Tasks.dll".
       Task "GetRestorePackageDownloadsTask"
       Done executing task "GetRestorePackageDownloadsTask".
       Using "GetRestoreFrameworkReferencesTask" task from assembly "C:\Program Files\dotnet\sdk\10.0.200-preview.0.26103.119\NuGet.Build.Tasks.dll".
       Task "GetRestoreFrameworkReferencesTask"
       Done executing task "GetRestoreFrameworkReferencesTask".
       Using "GetRestoreNuGetAuditSuppressionsTask" task from assembly "C:\Program Files\dotnet\sdk\10.0.200-preview.0.26103.119\NuGet.Build.Tasks.dll".
       Task "GetRestoreNuGetAuditSuppressionsTask"
       Done executing task "GetRestoreNuGetAuditSuppressionsTask".
       Using "GetRestorePrunePackageReferencesTask" task from assembly "C:\Program Files\dotnet\sdk\10.0.200-preview.0.26103.119\NuGet.Build.Tasks.dll".
       Task "GetRestorePrunePackageReferencesTask"
       Done executing task "GetRestorePrunePackageReferencesTask".
   2:5>Done building target "_GenerateProjectRestoreGraphPerFramework" in project "ChatmeWindows.csproj".
   2:5>Target "_GenerateProjectRestoreGraphCurrentProject" in file "C:\Program Files\dotnet\sdk\10.0.200-preview.0.26103.119\NuGet.targets" from project "D:\ChatmeLast\windows\ChatmeWindows\ChatmeWindows.csproj" (target "_GenerateRestoreDependencies" depends on it):
   2:5>Done building target "_GenerateProjectRestoreGraphCurrentProject" in project "ChatmeWindows.csproj".
   2:5>Target "_GenerateRestoreDependencies" in file "C:\Program Files\dotnet\sdk\10.0.200-preview.0.26103.119\NuGet.targets" from project "D:\ChatmeLast\windows\ChatmeWindows\ChatmeWindows.csproj" (target "_GenerateProjectRestoreGraph" depends on it):
   2:5>Done building target "_GenerateRestoreDependencies" in project "ChatmeWindows.csproj".
   2:5>Target "_GenerateProjectRestoreGraph" in file "C:\Program Files\dotnet\sdk\10.0.200-preview.0.26103.119\NuGet.targets" from project "D:\ChatmeLast\windows\ChatmeWindows\ChatmeWindows.csproj" (entry point):
   2:5>Done building target "_GenerateProjectRestoreGraph" in project "ChatmeWindows.csproj".
   2:5>Done Building Project "D:\ChatmeLast\windows\ChatmeWindows\ChatmeWindows.csproj" (_GenerateProjectRestoreGraph target(s)).
     1>Done executing task "MSBuild".
     1>Done building target "_GenerateRestoreGraph" in project "ChatmeWindows.slnx".
     1>Target "Restore" in file "C:\Program Files\dotnet\sdk\10.0.200-preview.0.26103.119\NuGet.targets" from project "D:\ChatmeLast\windows\ChatmeWindows\ChatmeWindows.slnx" (entry point):
       Task "RemoveDuplicates"
       Done executing task "RemoveDuplicates".
       Using "RestoreTask" task from assembly "C:\Program Files\dotnet\sdk\10.0.200-preview.0.26103.119\NuGet.Build.Tasks.dll".
       Task "RestoreTask"
         Assembly loaded during TaskRun (NuGet.Build.Tasks.RestoreTask): NuGet.Packaging, Version=7.3.0.0, Culture=neutral, PublicKeyToken=31bf3856ad364e35 (location: C:\Program Files\dotnet\sdk\10.0.200-preview.0.26103.119\NuGet.Packaging.dll, MVID: 6b8dbf2f-45b5-4954-bd5d-17b0a4dd7059, AssemblyLoadContext: MSBuild plugin C:\Program Files\dotnet\sdk\10.0.200-preview.0.26103.119\NuGet.Build.Tasks.dll)
         Assembly loaded during TaskRun (NuGet.Build.Tasks.RestoreTask): NuGet.Versioning, Version=7.3.0.0, Culture=neutral, PublicKeyToken=31bf3856ad364e35 (location: C:\Program Files\dotnet\sdk\10.0.200-preview.0.26103.119\NuGet.Versioning.dll, MVID: 6d8bee0e-80a2-4290-b6f9-1615ab37da0e, AssemblyLoadContext: MSBuild plugin C:\Program Files\dotnet\sdk\10.0.200-preview.0.26103.119\NuGet.Build.Tasks.dll)
         Assembly loaded during TaskRun (NuGet.Build.Tasks.RestoreTask): NuGet.Frameworks, Version=7.3.0.0, Culture=neutral, PublicKeyToken=31bf3856ad364e35 (location: C:\Program Files\dotnet\sdk\10.0.200-preview.0.26103.119\NuGet.Frameworks.dll, MVID: c1641cc8-c077-4b73-ab8e-f1dfbd43c8d9, AssemblyLoadContext: MSBuild plugin C:\Program Files\dotnet\sdk\10.0.200-preview.0.26103.119\NuGet.Build.Tasks.dll)
         Assembly loaded during TaskRun (NuGet.Build.Tasks.RestoreTask): NuGet.LibraryModel, Version=7.3.0.0, Culture=neutral, PublicKeyToken=31bf3856ad364e35 (location: C:\Program Files\dotnet\sdk\10.0.200-preview.0.26103.119\NuGet.LibraryModel.dll, MVID: 2cf4fcd3-844f-4d1c-a19c-a93444113c29, AssemblyLoadContext: MSBuild plugin C:\Program Files\dotnet\sdk\10.0.200-preview.0.26103.119\NuGet.Build.Tasks.dll)
         Assembly loaded during TaskRun (NuGet.Build.Tasks.RestoreTask): NuGet.Protocol, Version=7.3.0.0, Culture=neutral, PublicKeyToken=31bf3856ad364e35 (location: C:\Program Files\dotnet\sdk\10.0.200-preview.0.26103.119\NuGet.Protocol.dll, MVID: 276d0f00-63c4-4029-be62-2f9a662f3022, AssemblyLoadContext: MSBuild plugin C:\Program Files\dotnet\sdk\10.0.200-preview.0.26103.119\NuGet.Build.Tasks.dll)
         Assembly loaded during TaskRun (NuGet.Build.Tasks.RestoreTask): NuGet.Credentials, Version=7.3.0.0, Culture=neutral, PublicKeyToken=31bf3856ad364e35 (location: C:\Program Files\dotnet\sdk\10.0.200-preview.0.26103.119\NuGet.Credentials.dll, MVID: 3c8abc61-7fa5-43a1-ba16-239d4f273162, AssemblyLoadContext: MSBuild plugin C:\Program Files\dotnet\sdk\10.0.200-preview.0.26103.119\NuGet.Build.Tasks.dll)
         X.509 certificate chain validation will use the default trust store selected by .NET for code signing.
         X.509 certificate chain validation will use the default trust store selected by .NET for timestamping.
         Assembly loaded during TaskRun (NuGet.Build.Tasks.RestoreTask): NuGet.DependencyResolver.Core, Version=7.3.0.0, Culture=neutral, PublicKeyToken=31bf3856ad364e35 (location: C:\Program Files\dotnet\sdk\10.0.200-preview.0.26103.119\NuGet.DependencyResolver.Core.dll, MVID: 905992b4-12df-491d-86a2-c3db8aecfda4, AssemblyLoadContext: MSBuild plugin C:\Program Files\dotnet\sdk\10.0.200-preview.0.26103.119\NuGet.Build.Tasks.dll)
         Running restore with 8 concurrent jobs.
         Reading project file D:\ChatmeLast\windows\ChatmeWindows\ChatmeWindows.csproj.
         Assembly loaded during TaskRun (NuGet.Build.Tasks.RestoreTask): Newtonsoft.Json, Version=13.0.0.0, Culture=neutral, PublicKeyToken=30ad4fe6b2a6aeed (location: C:\Program Files\dotnet\sdk\10.0.200-preview.0.26103.119\Newtonsoft.Json.dll, MVID: 7e62198b-eab2-4380-bbac-29171862d1d8, AssemblyLoadContext: MSBuild plugin C:\Program Files\dotnet\sdk\10.0.200-preview.0.26103.119\NuGet.Build.Tasks.dll)
         Assembly loaded during TaskRun (NuGet.Build.Tasks.RestoreTask): System.Runtime.Serialization.Primitives, Version=10.0.0.0, Culture=neutral, PublicKeyToken=b03f5f7f11d50a3a (location: C:\Program Files\dotnet\shared\Microsoft.NETCore.App\10.0.2\System.Runtime.Serialization.Primitives.dll, MVID: c5d73862-c5f5-410d-82d8-2a2f001e103d, AssemblyLoadContext: Default)
         Assembly loaded during TaskRun (NuGet.Build.Tasks.RestoreTask): System.Runtime.Numerics, Version=10.0.0.0, Culture=neutral, PublicKeyToken=b03f5f7f11d50a3a (location: C:\Program Files\dotnet\shared\Microsoft.NETCore.App\10.0.2\System.Runtime.Numerics.dll, MVID: 9d46277f-a883-4562-9353-6e7e48d190e7, AssemblyLoadContext: Default)
         Assembly loaded during TaskRun (NuGet.Build.Tasks.RestoreTask): System.Text.Encodings.Web, Version=10.0.0.0, Culture=neutral, PublicKeyToken=cc7b13ffcd2ddd51 (location: C:\Program Files\dotnet\shared\Microsoft.NETCore.App\10.0.2\System.Text.Encodings.Web.dll, MVID: 0acf3f4d-a24d-4dbf-9c72-fe4d6e49d1db, AssemblyLoadContext: Default)
         Assembly loaded during TaskRun (NuGet.Build.Tasks.RestoreTask): System.Reflection.Emit.Lightweight, Version=10.0.0.0, Culture=neutral, PublicKeyToken=b03f5f7f11d50a3a (location: C:\Program Files\dotnet\shared\Microsoft.NETCore.App\10.0.2\System.Reflection.Emit.Lightweight.dll, MVID: 9bbb747d-52fb-45a7-b271-33c2e2094b3f, AssemblyLoadContext: Default)
         Assembly loaded during TaskRun (NuGet.Build.Tasks.RestoreTask): System.Reflection.Primitives, Version=10.0.0.0, Culture=neutral, PublicKeyToken=b03f5f7f11d50a3a (location: C:\Program Files\dotnet\shared\Microsoft.NETCore.App\10.0.2\System.Reflection.Primitives.dll, MVID: 905eb30a-0bf0-4941-8702-69eeb0663af9, AssemblyLoadContext: Default)
         Assembly loaded during TaskRun (NuGet.Build.Tasks.RestoreTask): System.Reflection.Emit.ILGeneration, Version=10.0.0.0, Culture=neutral, PublicKeyToken=b03f5f7f11d50a3a (location: C:\Program Files\dotnet\shared\Microsoft.NETCore.App\10.0.2\System.Reflection.Emit.ILGeneration.dll, MVID: 204a9b3b-e58d-400c-9636-75a77a17e670, AssemblyLoadContext: Default)
         The restore inputs for 'ChatmeWindows' have not changed. No further actions are required to complete the restore.
         Committing restore...
         Assets file has not changed. Skipping assets file writing. Path: D:\ChatmeLast\windows\ChatmeWindows\obj\project.assets.json
         No-Op restore. The cache will not be updated. Path: D:\ChatmeLast\windows\ChatmeWindows\obj\project.nuget.cache
         Restored D:\ChatmeLast\windows\ChatmeWindows\ChatmeWindows.csproj (in 184 ms).
         
         NuGet Config files used:
             C:\Users\ShShohruz\AppData\Roaming\NuGet\NuGet.Config
             C:\Program Files (x86)\NuGet\Config\Microsoft.VisualStudio.FallbackLocation.config
             C:\Program Files (x86)\NuGet\Config\Microsoft.VisualStudio.Offline.config
         
         Feeds used:
             https://api.nuget.org/v3/index.json
             C:\Program Files (x86)\Microsoft SDKs\NuGetPackages\
             C:\Program Files\dotnet\library-packs
         All projects are up-to-date for restore.
       Done executing task "RestoreTask".
     1>Done building target "Restore" in project "ChatmeWindows.slnx".
     1>Done Building Project "D:\ChatmeLast\windows\ChatmeWindows\ChatmeWindows.slnx" (Restore target(s)).
     0>D:\ChatmeLast\windows\ChatmeWindows\ChatmeWindows.slnx.metaproj : message : Property 'MSBuildExtensionsPath' with value 'C:\Program Files\dotnet\sdk\10.0.200-preview.0.26103.119\' expanded from the environment.
       The "NuGetInteractive" property is a global property, and cannot be modified.
       C:\Program Files\dotnet\sdk\10.0.200-preview.0.26103.119\NuGet.targets(123,5): message : Property reassignment: $(_GenerateRestoreGraphProjectEntryInputProperties)="
       C:\Program Files\dotnet\sdk\10.0.200-preview.0.26103.119\NuGet.targets(123,5): message :       ExcludeRestorePackageImports=true;
       C:\Program Files\dotnet\sdk\10.0.200-preview.0.26103.119\NuGet.targets(123,5): message :       _RestoreSolutionFileUsed=true;
       C:\Program Files\dotnet\sdk\10.0.200-preview.0.26103.119\NuGet.targets(123,5): message :       SolutionDir=D:\ChatmeLast\windows\ChatmeWindows\;
       C:\Program Files\dotnet\sdk\10.0.200-preview.0.26103.119\NuGet.targets(123,5): message :       SolutionName=ChatmeWindows;
       C:\Program Files\dotnet\sdk\10.0.200-preview.0.26103.119\NuGet.targets(123,5): message :       SolutionFileName=ChatmeWindows.slnx;
       C:\Program Files\dotnet\sdk\10.0.200-preview.0.26103.119\NuGet.targets(123,5): message :       SolutionPath=D:\ChatmeLast\windows\ChatmeWindows\ChatmeWindows.slnx;
       C:\Program Files\dotnet\sdk\10.0.200-preview.0.26103.119\NuGet.targets(123,5): message :       SolutionExt=.slnx;
       C:\Program Files\dotnet\sdk\10.0.200-preview.0.26103.119\NuGet.targets(123,5): message :     " (previous value: "ExcludeRestorePackageImports=true") at C:\Program Files\dotnet\sdk\10.0.200-preview.0.26103.119\NuGet.targets (123,5)
       The target "_MTPBuild" listed in a BeforeTargets attribute at "C:\Program Files\dotnet\sdk\10.0.200-preview.0.26103.119\Current\SolutionFile\ImportAfter\Microsoft.NET.Sdk.Solution.targets (24,11)" does not exist in the project, and will be ignored.
       The target "Store" listed in a BeforeTargets attribute at "C:\Program Files\dotnet\sdk\10.0.200-preview.0.26103.119\Current\SolutionFile\ImportAfter\Microsoft.NET.Sdk.Solution.targets (33,11)" does not exist in the project, and will be ignored.
       The target "VSTest" listed in a BeforeTargets attribute at "C:\Program Files\dotnet\sdk\10.0.200-preview.0.26103.119\Current\SolutionFile\ImportAfter\Microsoft.NET.Sdk.Solution.targets (33,11)" does not exist in the project, and will be ignored.
       The target "_MTPBuild" listed in a BeforeTargets attribute at "C:\Program Files\dotnet\sdk\10.0.200-preview.0.26103.119\Current\SolutionFile\ImportAfter\Microsoft.NET.Sdk.Solution.targets (33,11)" does not exist in the project, and will be ignored.
       The target "_CheckForInvalidConfigurationAndPlatform" listed in a BeforeTargets attribute at "C:\Program Files\dotnet\sdk\10.0.200-preview.0.26103.119\NuGet.targets (703,11)" does not exist in the project, and will be ignored.
   1:2>Project "D:\ChatmeLast\windows\ChatmeWindows\ChatmeWindows.slnx" on node 1 (default targets).
   1:2>Target "ValidateSolutionConfiguration" in file "D:\ChatmeLast\windows\ChatmeWindows\ChatmeWindows.slnx.metaproj" from project "D:\ChatmeLast\windows\ChatmeWindows\ChatmeWindows.slnx" (entry point):
   1:2>Using "Message" task from assembly "Microsoft.Build.Tasks.Core, Version=15.1.0.0, Culture=neutral, PublicKeyToken=b03f5f7f11d50a3a".
       Task "Message"
         Building solution configuration "Debug|Any CPU".
       Done executing task "Message".
   1:2>Done building target "ValidateSolutionConfiguration" in project "ChatmeWindows.slnx".
   1:2>Target "ValidateToolsVersions" in file "D:\ChatmeLast\windows\ChatmeWindows\ChatmeWindows.slnx.metaproj" from project "D:\ChatmeLast\windows\ChatmeWindows\ChatmeWindows.slnx" (entry point):
   1:2>Done building target "ValidateToolsVersions" in project "ChatmeWindows.slnx".
   1:2>Target "ValidateProjects" in file "D:\ChatmeLast\windows\ChatmeWindows\ChatmeWindows.slnx.metaproj" from project "D:\ChatmeLast\windows\ChatmeWindows\ChatmeWindows.slnx" (entry point):
   1:2>Done building target "ValidateProjects" in project "ChatmeWindows.slnx".
   1:2>Target "Build" in file "D:\ChatmeLast\windows\ChatmeWindows\ChatmeWindows.slnx.metaproj" from project "D:\ChatmeLast\windows\ChatmeWindows\ChatmeWindows.slnx" (entry point):
       Using "MSBuild" task from assembly "Microsoft.Build.Tasks.Core, Version=15.1.0.0, Culture=neutral, PublicKeyToken=b03f5f7f11d50a3a".
       Task "MSBuild"
         Global Properties:
           BuildingSolutionFile=true
           CurrentSolutionConfigurationContents=<SolutionConfiguration>
           <ProjectConfiguration Project="{6E79E55E-3F39-5321-F75D-4BD317714277}" AbsolutePath="D:\ChatmeLast\windows\ChatmeWindows\ChatmeWindows.csproj" BuildProjectInSolution="True">Debug|x64</ProjectConfiguration>
         </SolutionConfiguration>
           SolutionDir=D:\ChatmeLast\windows\ChatmeWindows\
           SolutionExt=.slnx
           SolutionFileName=ChatmeWindows.slnx
           SolutionName=ChatmeWindows
           SolutionPath=D:\ChatmeLast\windows\ChatmeWindows\ChatmeWindows.slnx
         Additional Properties for project "D:\ChatmeLast\windows\ChatmeWindows\ChatmeWindows.csproj":
           Configuration=Debug
           Platform=x64
     0>The SDK "Microsoft.NET.Sdk" was successfully resolved by the "DefaultSdkResolver" resolver to location "C:\Program Files\dotnet\sdk\10.0.200-preview.0.26103.119\Sdks\Microsoft.NET.Sdk\Sdk" and version "".
       C:\Program Files\dotnet\sdk\10.0.200-preview.0.26103.119\Sdks\Microsoft.NET.Sdk\Sdk\Sdk.props(49,11): message : Property 'MSBuildExtensionsPath' with value 'C:\Program Files\dotnet\sdk\10.0.200-preview.0.26103.119\' expanded from the environment.
       C:\Program Files\dotnet\sdk\10.0.200-preview.0.26103.119\Current\Microsoft.Common.props(60,5): message : Property reassignment: $(MSBuildProjectExtensionsPath)="D:\ChatmeLast\windows\ChatmeWindows\obj\" (previous value: "obj\") at C:\Program Files\dotnet\sdk\10.0.200-preview.0.26103.119\Current\Microsoft.Common.props (60,5)
       D:\ChatmeLast\windows\ChatmeWindows\obj\ChatmeWindows.csproj.nuget.g.props(7,5): message : Property 'USERPROFILE' with value 'C:\Users\ShShohruz' expanded from the environment.
       C:\Users\ShShohruz\.nuget\packages\microsoft.windows.sdk.buildtools\10.0.26100.7705\buildTransitive\Microsoft.Windows.SDK.BuildTools.props(4,37): message : Property 'PROCESSOR_ARCHITECTURE' with value 'AMD64' expanded from the environment.
       C:\Users\ShShohruz\.nuget\packages\microsoft.windowsappsdk.winui\1.8.260204000\buildTransitive\Microsoft.UI.Xaml.Markup.Compiler.props(15,5): message : Property reassignment: $(CustomBeforeMicrosoftCommonTargets)="C:\Users\ShShohruz\.nuget\packages\microsoft.windowsappsdk.winui\1.8.260204000\buildTransitive\Microsoft.UI.Xaml.Markup.Compiler.BeforeCommon.targets" (previous value: "C:\Users\ShShohruz\.nuget\packages\microsoft.windows.sdk.buildtools.msix\1.7.20250829.1\build\Microsoft.Windows.SDK.BuildTools.MSIX.BeforeCommon.props") at C:\Users\ShShohruz\.nuget\packages\microsoft.windowsappsdk.winui\1.8.260204000\buildTransitive\Microsoft.UI.Xaml.Markup.Compiler.props (15,5)
       C:\Program Files\dotnet\sdk\10.0.200-preview.0.26103.119\Current\Microsoft.Common.props(84,119): message : Property 'MSBuildUserExtensionsPath' with value 'C:\Users\ShShohruz\AppData\Local\Microsoft\MSBuild' expanded from the environment.
       The "Configuration" property is a global property, and cannot be modified.
       The "Platform" property is a global property, and cannot be modified.
       The "Configuration" property is a global property, and cannot be modified.
       The "Platform" property is a global property, and cannot be modified.
       C:\Program Files\dotnet\sdk\10.0.200-preview.0.26103.119\Sdks\Microsoft.NET.Sdk\targets\Microsoft.NET.Sdk.props(90,5): message : Property reassignment: $(AssemblySearchPaths)="{CandidateAssemblyFiles};{HintPathFromItem}" (previous value: "{CandidateAssemblyFiles}") at C:\Program Files\dotnet\sdk\10.0.200-preview.0.26103.119\Sdks\Microsoft.NET.Sdk\targets\Microsoft.NET.Sdk.props (90,5)
       C:\Program Files\dotnet\sdk\10.0.200-preview.0.26103.119\Sdks\Microsoft.NET.Sdk\targets\Microsoft.NET.Sdk.props(91,5): message : Property reassignment: $(AssemblySearchPaths)="{CandidateAssemblyFiles};{HintPathFromItem};{TargetFrameworkDirectory}" (previous value: "{CandidateAssemblyFiles};{HintPathFromItem}") at C:\Program Files\dotnet\sdk\10.0.200-preview.0.26103.119\Sdks\Microsoft.NET.Sdk\targets\Microsoft.NET.Sdk.props (91,5)
       C:\Program Files\dotnet\sdk\10.0.200-preview.0.26103.119\Sdks\Microsoft.NET.Sdk\targets\Microsoft.NET.Sdk.props(92,5): message : Property reassignment: $(AssemblySearchPaths)="{CandidateAssemblyFiles};{HintPathFromItem};{TargetFrameworkDirectory};{RawFileName}" (previous value: "{CandidateAssemblyFiles};{HintPathFromItem};{TargetFrameworkDirectory}") at C:\Program Files\dotnet\sdk\10.0.200-preview.0.26103.119\Sdks\Microsoft.NET.Sdk\targets\Microsoft.NET.Sdk.props (92,5)
       The "DefaultSdkResolver" resolver attempted to resolve the SDK "Microsoft.NET.SDK.WorkloadAutoImportPropsLocator".
       Warnings: null
       Errors: MSB4276: The default SDK resolver failed to resolve SDK "Microsoft.NET.SDK.WorkloadAutoImportPropsLocator" because directory "C:\Program Files\dotnet\sdk\10.0.200-preview.0.26103.119\Sdks\Microsoft.NET.SDK.WorkloadAutoImportPropsLocator\Sdk" did not exist.
       The SDK "Microsoft.NET.SDK.WorkloadAutoImportPropsLocator" was successfully resolved by the "Microsoft.DotNet.MSBuildWorkloadSdkResolver" resolver to location "C:\Program Files\dotnet\packs\Microsoft.Android.Sdk.Windows\36.1.30\Sdk" and version "null".
       D:\ChatmeLast\windows\ChatmeWindows\ChatmeWindows.csproj(6,9): message : Property reassignment: $(OutputType)="WinExe" (previous value: "Library") at D:\ChatmeLast\windows\ChatmeWindows\ChatmeWindows.csproj (6,9)
       D:\ChatmeLast\windows\ChatmeWindows\ChatmeWindows.csproj(21,9): message : Property reassignment: $(Platforms)="x86;x64;ARM64" (previous value: "AnyCPU") at D:\ChatmeLast\windows\ChatmeWindows\ChatmeWindows.csproj (21,9)
       The "Configuration" property is a global property, and cannot be modified.
       The "Platform" property is a global property, and cannot be modified.
       The "Platform" property is a global property, and cannot be modified.
       C:\Program Files\dotnet\sdk\10.0.200-preview.0.26103.119\Sdks\Microsoft.NET.Sdk\targets\Microsoft.NET.TargetFrameworkInference.targets(84,5): message : Property reassignment: $(TargetPlatformIdentifier)="Windows" (previous value: "windows") at C:\Program Files\dotnet\sdk\10.0.200-preview.0.26103.119\Sdks\Microsoft.NET.Sdk\targets\Microsoft.NET.TargetFrameworkInference.targets (84,5)
       C:\Program Files\dotnet\sdk\10.0.200-preview.0.26103.119\Sdks\Microsoft.NET.Sdk\targets\Microsoft.NET.DefaultOutputPaths.targets(127,5): message : Property reassignment: $(DefaultItemExcludes)=";bin\x64\Debug\/**;obj\x64\Debug\/**" (previous value: ";bin\x64\Debug\/**") at C:\Program Files\dotnet\sdk\10.0.200-preview.0.26103.119\Sdks\Microsoft.NET.Sdk\targets\Microsoft.NET.DefaultOutputPaths.targets (127,5)
       C:\Program Files\dotnet\sdk\10.0.200-preview.0.26103.119\Sdks\Microsoft.NET.Sdk\targets\Microsoft.NET.DefaultOutputPaths.targets(142,5): message : Property reassignment: $(OutputPath)="bin\x64\Debug\net10.0-windows10.0.19041.0\" (previous value: "bin\x64\Debug\") at C:\Program Files\dotnet\sdk\10.0.200-preview.0.26103.119\Sdks\Microsoft.NET.Sdk\targets\Microsoft.NET.DefaultOutputPaths.targets (142,5)
       C:\Program Files\dotnet\sdk\10.0.200-preview.0.26103.119\Sdks\Microsoft.NET.Sdk\targets\Microsoft.NET.DefaultOutputPaths.targets(147,5): message : Property reassignment: $(IntermediateOutputPath)="obj\x64\Debug\net10.0-windows10.0.19041.0\" (previous value: "obj\x64\Debug\") at C:\Program Files\dotnet\sdk\10.0.200-preview.0.26103.119\Sdks\Microsoft.NET.Sdk\targets\Microsoft.NET.DefaultOutputPaths.targets (147,5)
       The "DefaultSdkResolver" resolver attempted to resolve the SDK "Microsoft.NET.SDK.WorkloadManifestTargetsLocator".
       Warnings: null
       Errors: MSB4276: The default SDK resolver failed to resolve SDK "Microsoft.NET.SDK.WorkloadManifestTargetsLocator" because directory "C:\Program Files\dotnet\sdk\10.0.200-preview.0.26103.119\Sdks\Microsoft.NET.SDK.WorkloadManifestTargetsLocator\Sdk" did not exist.
       The SDK "Microsoft.NET.SDK.WorkloadManifestTargetsLocator" was successfully resolved by the "Microsoft.DotNet.MSBuildWorkloadSdkResolver" resolver to location "C:\Program Files\dotnet\sdk-manifests\10.0.100\microsoft.net.sdk.android\36.1.30" and version "null".
       C:\Program Files\dotnet\sdk\10.0.200-preview.0.26103.119\Sdks\Microsoft.NET.Sdk\targets\Microsoft.NET.RuntimeIdentifierInference.targets(401,5): message : Property reassignment: $(IntermediateOutputPath)="obj\x64\Debug\net10.0-windows10.0.19041.0\win-x64\" (previous value: "obj\x64\Debug\net10.0-windows10.0.19041.0\") at C:\Program Files\dotnet\sdk\10.0.200-preview.0.26103.119\Sdks\Microsoft.NET.Sdk\targets\Microsoft.NET.RuntimeIdentifierInference.targets (401,5)
       C:\Program Files\dotnet\sdk\10.0.200-preview.0.26103.119\Sdks\Microsoft.NET.Sdk\targets\Microsoft.NET.RuntimeIdentifierInference.targets(402,5): message : Property reassignment: $(OutputPath)="bin\x64\Debug\net10.0-windows10.0.19041.0\win-x64\" (previous value: "bin\x64\Debug\net10.0-windows10.0.19041.0\") at C:\Program Files\dotnet\sdk\10.0.200-preview.0.26103.119\Sdks\Microsoft.NET.Sdk\targets\Microsoft.NET.RuntimeIdentifierInference.targets (402,5)
       C:\Program Files\dotnet\sdk\10.0.200-preview.0.26103.119\Sdks\Microsoft.NET.Sdk\targets\Microsoft.NET.Sdk.BeforeCommon.targets(379,5): message : Property reassignment: $(RoslynTargetsPath)="C:\Program Files\dotnet\sdk\10.0.200-preview.0.26103.119\Sdks\Microsoft.NET.Sdk\targets\..\..\..\Roslyn" (previous value: "C:\Program Files\dotnet\sdk\10.0.200-preview.0.26103.119\Roslyn") at C:\Program Files\dotnet\sdk\10.0.200-preview.0.26103.119\Sdks\Microsoft.NET.Sdk\targets\Microsoft.NET.Sdk.BeforeCommon.targets (379,5)
       C:\Program Files\dotnet\sdk\10.0.200-preview.0.26103.119\Roslyn\Microsoft.Managed.Core.targets(6,5): message : Property reassignment: $(_BuildTasksDirectory)="C:\Program Files\dotnet\sdk\10.0.200-preview.0.26103.119\Sdks\Microsoft.NET.Sdk\targets\..\..\..\Roslyn\" (previous value: "C:\Program Files\dotnet\sdk\10.0.200-preview.0.26103.119\Roslyn\") at C:\Program Files\dotnet\sdk\10.0.200-preview.0.26103.119\Roslyn\Microsoft.Managed.Core.targets (6,5)
       C:\Program Files\dotnet\sdk\10.0.200-preview.0.26103.119\Roslyn\Microsoft.CSharp.Core.targets(205,5): message : Property reassignment: $(CommandLineArgsForDesignTimeEvaluation)="-langversion:latest -define:TRACE" (previous value: "-langversion:latest") at C:\Program Files\dotnet\sdk\10.0.200-preview.0.26103.119\Roslyn\Microsoft.CSharp.Core.targets (205,5)
       The "Platform" property is a global property, and cannot be modified.
       The "Configuration" property is a global property, and cannot be modified.
       C:\Program Files\dotnet\sdk\10.0.200-preview.0.26103.119\Microsoft.Common.CurrentVersion.targets(175,5): message : Property reassignment: $(_DebugSymbolsProduced)="true" (previous value: "false") at C:\Program Files\dotnet\sdk\10.0.200-preview.0.26103.119\Microsoft.Common.CurrentVersion.targets (175,5)
       C:\Program Files\dotnet\sdk\10.0.200-preview.0.26103.119\Microsoft.Common.CurrentVersion.targets(185,5): message : Property reassignment: $(_DocumentationFileProduced)="false" (previous value: "true") at C:\Program Files\dotnet\sdk\10.0.200-preview.0.26103.119\Microsoft.Common.CurrentVersion.targets (185,5)
       The "SolutionName" property is a global property, and cannot be modified.
       The "SolutionFileName" property is a global property, and cannot be modified.
       The "SolutionPath" property is a global property, and cannot be modified.
       The "SolutionDir" property is a global property, and cannot be modified.
       The "SolutionExt" property is a global property, and cannot be modified.
       C:\Program Files\dotnet\sdk\10.0.200-preview.0.26103.119\Microsoft.Common.CurrentVersion.targets(392,5): message : Property reassignment: $(MSBuildCopyMarkerName)="ChatmeWi.5BB63FB1" (previous value: "ChatmeWindows.csproj") at C:\Program Files\dotnet\sdk\10.0.200-preview.0.26103.119\Microsoft.Common.CurrentVersion.targets (392,5)
       C:\Program Files\dotnet\sdk\10.0.200-preview.0.26103.119\Microsoft.Common.CurrentVersion.targets(393,5): message : Property reassignment: $(MSBuildCopyMarkerName)="ChatmeWi.5BB63FB1.Up2Date" (previous value: "ChatmeWi.5BB63FB1") at C:\Program Files\dotnet\sdk\10.0.200-preview.0.26103.119\Microsoft.Common.CurrentVersion.targets (393,5)
       C:\Program Files\dotnet\sdk\10.0.200-preview.0.26103.119\Microsoft.Common.CurrentVersion.targets(528,5): message : Property reassignment: $(ProcessorArchitecture)="amd64" (previous value: "x64") at C:\Program Files\dotnet\sdk\10.0.200-preview.0.26103.119\Microsoft.Common.CurrentVersion.targets (528,5)
       C:\Program Files\dotnet\sdk\10.0.200-preview.0.26103.119\Microsoft.Common.CurrentVersion.targets(580,5): message : Property reassignment: $(DelaySign)="" (previous value: "false") at C:\Program Files\dotnet\sdk\10.0.200-preview.0.26103.119\Microsoft.Common.CurrentVersion.targets (580,5)
       C:\Program Files\dotnet\sdk\10.0.200-preview.0.26103.119\Microsoft.Common.CurrentVersion.targets(1188,5): message : Property reassignment: $(PrepareForBuildDependsOn)=";WindowsAppSDKVerifyKitVersion;GetFrameworkPaths;GetReferenceAssemblyPaths;AssignLinkMetadata" (previous value: ";WindowsAppSDKVerifyKitVersion") at C:\Program Files\dotnet\sdk\10.0.200-preview.0.26103.119\Microsoft.Common.CurrentVersion.targets (1188,5)
       C:\Program Files\dotnet\sdk\10.0.200-preview.0.26103.119\Microsoft.Common.CurrentVersion.targets(2620,5): message : Property 'LOCALAPPDATA' with value 'C:\Users\ShShohruz\AppData\Local' expanded from the environment.
       C:\Program Files\dotnet\sdk\10.0.200-preview.0.26103.119\Microsoft.Common.CurrentVersion.targets(3948,5): message : Property reassignment: $(_SGenGenerateSerializationAssembliesConfig)="Auto" (previous value: "") at C:\Program Files\dotnet\sdk\10.0.200-preview.0.26103.119\Microsoft.Common.CurrentVersion.targets (3948,5)
       C:\Program Files\dotnet\sdk\10.0.200-preview.0.26103.119\Microsoft.Common.CurrentVersion.targets(3949,5): message : Property reassignment: $(_SGenGenerateSerializationAssembliesConfig)="Off" (previous value: "Auto") at C:\Program Files\dotnet\sdk\10.0.200-preview.0.26103.119\Microsoft.Common.CurrentVersion.targets (3949,5)
       C:\Program Files\dotnet\sdk\10.0.200-preview.0.26103.119\Microsoft.Common.CurrentVersion.targets(5160,5): message : Property reassignment: $(_TargetsThatPrepareProjectReferences)="
       C:\Program Files\dotnet\sdk\10.0.200-preview.0.26103.119\Microsoft.Common.CurrentVersion.targets(5160,5): message :       AssignProjectConfiguration;
       C:\Program Files\dotnet\sdk\10.0.200-preview.0.26103.119\Microsoft.Common.CurrentVersion.targets(5160,5): message :       _SplitProjectReferencesByFileExistence
       C:\Program Files\dotnet\sdk\10.0.200-preview.0.26103.119\Microsoft.Common.CurrentVersion.targets(5160,5): message :     " (previous value: "_SplitProjectReferencesByFileExistence") at C:\Program Files\dotnet\sdk\10.0.200-preview.0.26103.119\Microsoft.Common.CurrentVersion.targets (5160,5)
       C:\Program Files\dotnet\sdk\10.0.200-preview.0.26103.119\Microsoft.Common.CurrentVersion.targets(6973,5): message : Property 'MSBuildExtensionsPath32' with value 'C:\Program Files\dotnet\sdk\10.0.200-preview.0.26103.119' expanded from the environment.
       The "NuGetInteractive" property is a global property, and cannot be modified.
       C:\Users\ShShohruz\.nuget\packages\microsoft.windows.sdk.buildtools.msix\1.7.20250829.1\build\Microsoft.Windows.SDK.BuildTools.MSIX.MrtCore.PriGen.targets(225,5): message : Property reassignment: $(AppxPackagePipelineVersion)="2.0" (previous value: "1.0") at C:\Users\ShShohruz\.nuget\packages\microsoft.windows.sdk.buildtools.msix\1.7.20250829.1\build\Microsoft.Windows.SDK.BuildTools.MSIX.MrtCore.PriGen.targets (225,5)
       C:\Users\ShShohruz\.nuget\packages\microsoft.windows.sdk.buildtools.msix\1.7.20250829.1\build\Microsoft.Windows.SDK.BuildTools.MSIX.MrtCore.PriGen.targets(250,5): message : Property reassignment: $(InsertReverseMap)="false" (previous value: "true") at C:\Users\ShShohruz\.nuget\packages\microsoft.windows.sdk.buildtools.msix\1.7.20250829.1\build\Microsoft.Windows.SDK.BuildTools.MSIX.MrtCore.PriGen.targets (250,5)
       C:\Users\ShShohruz\.nuget\packages\microsoft.windows.sdk.buildtools.msix\1.7.20250829.1\build\Microsoft.Windows.SDK.BuildTools.MSIX.MrtCore.PriGen.targets(328,5): message : Property reassignment: $(PrepareForRunDependsOn)="
       C:\Users\ShShohruz\.nuget\packages\microsoft.windows.sdk.buildtools.msix\1.7.20250829.1\build\Microsoft.Windows.SDK.BuildTools.MSIX.MrtCore.PriGen.targets(328,5): message :       
       C:\Users\ShShohruz\.nuget\packages\microsoft.windows.sdk.buildtools.msix\1.7.20250829.1\build\Microsoft.Windows.SDK.BuildTools.MSIX.MrtCore.PriGen.targets(328,5): message :       CopyFilesToOutputDirectory
       C:\Users\ShShohruz\.nuget\packages\microsoft.windows.sdk.buildtools.msix\1.7.20250829.1\build\Microsoft.Windows.SDK.BuildTools.MSIX.MrtCore.PriGen.targets(328,5): message :     ;
       C:\Users\ShShohruz\.nuget\packages\microsoft.windows.sdk.buildtools.msix\1.7.20250829.1\build\Microsoft.Windows.SDK.BuildTools.MSIX.MrtCore.PriGen.targets(328,5): message :       _GetSdkToolPaths;
       C:\Users\ShShohruz\.nuget\packages\microsoft.windows.sdk.buildtools.msix\1.7.20250829.1\build\Microsoft.Windows.SDK.BuildTools.MSIX.MrtCore.PriGen.targets(328,5): message :       GetMrtPackagingOutputs;
       C:\Users\ShShohruz\.nuget\packages\microsoft.windows.sdk.buildtools.msix\1.7.20250829.1\build\Microsoft.Windows.SDK.BuildTools.MSIX.MrtCore.PriGen.targets(328,5): message :       _GetDefaultResourceLanguage;
       C:\Users\ShShohruz\.nuget\packages\microsoft.windows.sdk.buildtools.msix\1.7.20250829.1\build\Microsoft.Windows.SDK.BuildTools.MSIX.MrtCore.PriGen.targets(328,5): message :       _GenerateProjectPriFile;
       C:\Users\ShShohruz\.nuget\packages\microsoft.windows.sdk.buildtools.msix\1.7.20250829.1\build\Microsoft.Windows.SDK.BuildTools.MSIX.MrtCore.PriGen.targets(328,5): message :     " (previous value: "
       C:\Users\ShShohruz\.nuget\packages\microsoft.windows.sdk.buildtools.msix\1.7.20250829.1\build\Microsoft.Windows.SDK.BuildTools.MSIX.MrtCore.PriGen.targets(328,5): message :       CopyFilesToOutputDirectory
       C:\Users\ShShohruz\.nuget\packages\microsoft.windows.sdk.buildtools.msix\1.7.20250829.1\build\Microsoft.Windows.SDK.BuildTools.MSIX.MrtCore.PriGen.targets(328,5): message :     ") at C:\Users\ShShohruz\.nuget\packages\microsoft.windows.sdk.buildtools.msix\1.7.20250829.1\build\Microsoft.Windows.SDK.BuildTools.MSIX.MrtCore.PriGen.targets (328,5)
       C:\Users\ShShohruz\.nuget\packages\microsoft.windows.sdk.buildtools.msix\1.7.20250829.1\build\Microsoft.Windows.SDK.BuildTools.MSIX.MrtCore.PriExpansion.targets(16,5): message : Property reassignment: $(GetCopyToOutputDirectoryItemsDependsOn)="
       C:\Users\ShShohruz\.nuget\packages\microsoft.windows.sdk.buildtools.msix\1.7.20250829.1\build\Microsoft.Windows.SDK.BuildTools.MSIX.MrtCore.PriExpansion.targets(16,5): message :       ResolveProjectReferences;
       C:\Users\ShShohruz\.nuget\packages\microsoft.windows.sdk.buildtools.msix\1.7.20250829.1\build\Microsoft.Windows.SDK.BuildTools.MSIX.MrtCore.PriExpansion.targets(16,5): message :       
       C:\Users\ShShohruz\.nuget\packages\microsoft.windows.sdk.buildtools.msix\1.7.20250829.1\build\Microsoft.Windows.SDK.BuildTools.MSIX.MrtCore.PriExpansion.targets(16,5): message :       AssignTargetPaths;
       C:\Users\ShShohruz\.nuget\packages\microsoft.windows.sdk.buildtools.msix\1.7.20250829.1\build\Microsoft.Windows.SDK.BuildTools.MSIX.MrtCore.PriExpansion.targets(16,5): message :       
       C:\Users\ShShohruz\.nuget\packages\microsoft.windows.sdk.buildtools.msix\1.7.20250829.1\build\Microsoft.Windows.SDK.BuildTools.MSIX.MrtCore.PriExpansion.targets(16,5): message :       AssignProjectConfiguration;
       C:\Users\ShShohruz\.nuget\packages\microsoft.windows.sdk.buildtools.msix\1.7.20250829.1\build\Microsoft.Windows.SDK.BuildTools.MSIX.MrtCore.PriExpansion.targets(16,5): message :       _SplitProjectReferencesByFileExistence
       C:\Users\ShShohruz\.nuget\packages\microsoft.windows.sdk.buildtools.msix\1.7.20250829.1\build\Microsoft.Windows.SDK.BuildTools.MSIX.MrtCore.PriExpansion.targets(16,5): message :     ;
       C:\Users\ShShohruz\.nuget\packages\microsoft.windows.sdk.buildtools.msix\1.7.20250829.1\build\Microsoft.Windows.SDK.BuildTools.MSIX.MrtCore.PriExpansion.targets(16,5): message :       _GetProjectReferenceTargetFrameworkProperties;
       C:\Users\ShShohruz\.nuget\packages\microsoft.windows.sdk.buildtools.msix\1.7.20250829.1\build\Microsoft.Windows.SDK.BuildTools.MSIX.MrtCore.PriExpansion.targets(16,5): message :       _PopulateCommonStateForGetCopyToOutputDirectoryItems
       C:\Users\ShShohruz\.nuget\packages\microsoft.windows.sdk.buildtools.msix\1.7.20250829.1\build\Microsoft.Windows.SDK.BuildTools.MSIX.MrtCore.PriExpansion.targets(16,5): message :     ;
       C:\Users\ShShohruz\.nuget\packages\microsoft.windows.sdk.buildtools.msix\1.7.20250829.1\build\Microsoft.Windows.SDK.BuildTools.MSIX.MrtCore.PriExpansion.targets(16,5): message :       _SetPortablePriProperties;
       C:\Users\ShShohruz\.nuget\packages\microsoft.windows.sdk.buildtools.msix\1.7.20250829.1\build\Microsoft.Windows.SDK.BuildTools.MSIX.MrtCore.PriExpansion.targets(16,5): message :       AddPriPayloadFilesToCopyToOutputDirectoryItems
       C:\Users\ShShohruz\.nuget\packages\microsoft.windows.sdk.buildtools.msix\1.7.20250829.1\build\Microsoft.Windows.SDK.BuildTools.MSIX.MrtCore.PriExpansion.targets(16,5): message :     " (previous value: "
       C:\Users\ShShohruz\.nuget\packages\microsoft.windows.sdk.buildtools.msix\1.7.20250829.1\build\Microsoft.Windows.SDK.BuildTools.MSIX.MrtCore.PriExpansion.targets(16,5): message :       AssignTargetPaths;
       C:\Users\ShShohruz\.nuget\packages\microsoft.windows.sdk.buildtools.msix\1.7.20250829.1\build\Microsoft.Windows.SDK.BuildTools.MSIX.MrtCore.PriExpansion.targets(16,5): message :       
       C:\Users\ShShohruz\.nuget\packages\microsoft.windows.sdk.buildtools.msix\1.7.20250829.1\build\Microsoft.Windows.SDK.BuildTools.MSIX.MrtCore.PriExpansion.targets(16,5): message :       AssignProjectConfiguration;
       C:\Users\ShShohruz\.nuget\packages\microsoft.windows.sdk.buildtools.msix\1.7.20250829.1\build\Microsoft.Windows.SDK.BuildTools.MSIX.MrtCore.PriExpansion.targets(16,5): message :       _SplitProjectReferencesByFileExistence
       C:\Users\ShShohruz\.nuget\packages\microsoft.windows.sdk.buildtools.msix\1.7.20250829.1\build\Microsoft.Windows.SDK.BuildTools.MSIX.MrtCore.PriExpansion.targets(16,5): message :     ;
       C:\Users\ShShohruz\.nuget\packages\microsoft.windows.sdk.buildtools.msix\1.7.20250829.1\build\Microsoft.Windows.SDK.BuildTools.MSIX.MrtCore.PriExpansion.targets(16,5): message :       _GetProjectReferenceTargetFrameworkProperties;
       C:\Users\ShShohruz\.nuget\packages\microsoft.windows.sdk.buildtools.msix\1.7.20250829.1\build\Microsoft.Windows.SDK.BuildTools.MSIX.MrtCore.PriExpansion.targets(16,5): message :       _PopulateCommonStateForGetCopyToOutputDirectoryItems
       C:\Users\ShShohruz\.nuget\packages\microsoft.windows.sdk.buildtools.msix\1.7.20250829.1\build\Microsoft.Windows.SDK.BuildTools.MSIX.MrtCore.PriExpansion.targets(16,5): message :     ") at C:\Users\ShShohruz\.nuget\packages\microsoft.windows.sdk.buildtools.msix\1.7.20250829.1\build\Microsoft.Windows.SDK.BuildTools.MSIX.MrtCore.PriExpansion.targets (16,5)
       C:\Users\ShShohruz\.nuget\packages\microsoft.windowsappsdk.base\1.8.251216001\buildTransitive\Microsoft.WindowsAppSDK.Base.targets(29,9): message : Property reassignment: $(ResolveReferencesDependsOn)="
       C:\Users\ShShohruz\.nuget\packages\microsoft.windowsappsdk.base\1.8.251216001\buildTransitive\Microsoft.WindowsAppSDK.Base.targets(29,9): message :             
       C:\Users\ShShohruz\.nuget\packages\microsoft.windowsappsdk.base\1.8.251216001\buildTransitive\Microsoft.WindowsAppSDK.Base.targets(29,9): message :       BeforeResolveReferences;
       C:\Users\ShShohruz\.nuget\packages\microsoft.windowsappsdk.base\1.8.251216001\buildTransitive\Microsoft.WindowsAppSDK.Base.targets(29,9): message :       AssignProjectConfiguration;
       C:\Users\ShShohruz\.nuget\packages\microsoft.windowsappsdk.base\1.8.251216001\buildTransitive\Microsoft.WindowsAppSDK.Base.targets(29,9): message :       ResolveProjectReferences;
       C:\Users\ShShohruz\.nuget\packages\microsoft.windowsappsdk.base\1.8.251216001\buildTransitive\Microsoft.WindowsAppSDK.Base.targets(29,9): message :       FindInvalidProjectReferences;
       C:\Users\ShShohruz\.nuget\packages\microsoft.windowsappsdk.base\1.8.251216001\buildTransitive\Microsoft.WindowsAppSDK.Base.targets(29,9): message :       ResolveNativeReferences;
       C:\Users\ShShohruz\.nuget\packages\microsoft.windowsappsdk.base\1.8.251216001\buildTransitive\Microsoft.WindowsAppSDK.Base.targets(29,9): message :       ResolveAssemblyReferences;
       C:\Users\ShShohruz\.nuget\packages\microsoft.windowsappsdk.base\1.8.251216001\buildTransitive\Microsoft.WindowsAppSDK.Base.targets(29,9): message :       GenerateBindingRedirects;
       C:\Users\ShShohruz\.nuget\packages\microsoft.windowsappsdk.base\1.8.251216001\buildTransitive\Microsoft.WindowsAppSDK.Base.targets(29,9): message :       GenerateBindingRedirectsUpdateAppConfig;
       C:\Users\ShShohruz\.nuget\packages\microsoft.windowsappsdk.base\1.8.251216001\buildTransitive\Microsoft.WindowsAppSDK.Base.targets(29,9): message :       ResolveComReferences;
       C:\Users\ShShohruz\.nuget\packages\microsoft.windowsappsdk.base\1.8.251216001\buildTransitive\Microsoft.WindowsAppSDK.Base.targets(29,9): message :       AfterResolveReferences
       C:\Users\ShShohruz\.nuget\packages\microsoft.windowsappsdk.base\1.8.251216001\buildTransitive\Microsoft.WindowsAppSDK.Base.targets(29,9): message :     ;WindowsAppSDKVerifyCsWinRtVersions
       C:\Users\ShShohruz\.nuget\packages\microsoft.windowsappsdk.base\1.8.251216001\buildTransitive\Microsoft.WindowsAppSDK.Base.targets(29,9): message :         " (previous value: "
       C:\Users\ShShohruz\.nuget\packages\microsoft.windowsappsdk.base\1.8.251216001\buildTransitive\Microsoft.WindowsAppSDK.Base.targets(29,9): message :       BeforeResolveReferences;
       C:\Users\ShShohruz\.nuget\packages\microsoft.windowsappsdk.base\1.8.251216001\buildTransitive\Microsoft.WindowsAppSDK.Base.targets(29,9): message :       AssignProjectConfiguration;
       C:\Users\ShShohruz\.nuget\packages\microsoft.windowsappsdk.base\1.8.251216001\buildTransitive\Microsoft.WindowsAppSDK.Base.targets(29,9): message :       ResolveProjectReferences;
       C:\Users\ShShohruz\.nuget\packages\microsoft.windowsappsdk.base\1.8.251216001\buildTransitive\Microsoft.WindowsAppSDK.Base.targets(29,9): message :       FindInvalidProjectReferences;
       C:\Users\ShShohruz\.nuget\packages\microsoft.windowsappsdk.base\1.8.251216001\buildTransitive\Microsoft.WindowsAppSDK.Base.targets(29,9): message :       ResolveNativeReferences;
       C:\Users\ShShohruz\.nuget\packages\microsoft.windowsappsdk.base\1.8.251216001\buildTransitive\Microsoft.WindowsAppSDK.Base.targets(29,9): message :       ResolveAssemblyReferences;
       C:\Users\ShShohruz\.nuget\packages\microsoft.windowsappsdk.base\1.8.251216001\buildTransitive\Microsoft.WindowsAppSDK.Base.targets(29,9): message :       GenerateBindingRedirects;
       C:\Users\ShShohruz\.nuget\packages\microsoft.windowsappsdk.base\1.8.251216001\buildTransitive\Microsoft.WindowsAppSDK.Base.targets(29,9): message :       GenerateBindingRedirectsUpdateAppConfig;
       C:\Users\ShShohruz\.nuget\packages\microsoft.windowsappsdk.base\1.8.251216001\buildTransitive\Microsoft.WindowsAppSDK.Base.targets(29,9): message :       ResolveComReferences;
       C:\Users\ShShohruz\.nuget\packages\microsoft.windowsappsdk.base\1.8.251216001\buildTransitive\Microsoft.WindowsAppSDK.Base.targets(29,9): message :       AfterResolveReferences
       C:\Users\ShShohruz\.nuget\packages\microsoft.windowsappsdk.base\1.8.251216001\buildTransitive\Microsoft.WindowsAppSDK.Base.targets(29,9): message :     ") at C:\Users\ShShohruz\.nuget\packages\microsoft.windowsappsdk.base\1.8.251216001\buildTransitive\Microsoft.WindowsAppSDK.Base.targets (29,9)
       C:\Users\ShShohruz\.nuget\packages\microsoft.windowsappsdk.foundation\1.8.260203002\buildTransitive\Microsoft.WindowsAppSDK.Bootstrap.CS.targets(11,9): message : Property reassignment: $(DefineConstants)="TRACE;MICROSOFT_WINDOWSAPPSDK_BOOTSTRAP_AUTO_INITIALIZE" (previous value: "TRACE") at C:\Users\ShShohruz\.nuget\packages\microsoft.windowsappsdk.foundation\1.8.260203002\buildTransitive\Microsoft.WindowsAppSDK.Bootstrap.CS.targets (11,9)
       C:\Users\ShShohruz\.nuget\packages\microsoft.windowsappsdk.foundation\1.8.260203002\buildTransitive\Microsoft.WindowsAppSDK.AutoInitializer.CS.targets(6,7): message : Property reassignment: $(DefineConstants)="TRACE;MICROSOFT_WINDOWSAPPSDK_BOOTSTRAP_AUTO_INITIALIZE;MICROSOFT_WINDOWSAPPSDK_AUTOINITIALIZE_BOOTSTRAP" (previous value: "TRACE;MICROSOFT_WINDOWSAPPSDK_BOOTSTRAP_AUTO_INITIALIZE") at C:\Users\ShShohruz\.nuget\packages\microsoft.windowsappsdk.foundation\1.8.260203002\buildTransitive\Microsoft.WindowsAppSDK.AutoInitializer.CS.targets (6,7)
       C:\Users\ShShohruz\.nuget\packages\microsoft.windowsappsdk.winui\1.8.260204000\buildTransitive\Microsoft.WinUI.AppX.targets(7,5): message : Property reassignment: $(MSBuildWarningsAsMessages)="
       C:\Users\ShShohruz\.nuget\packages\microsoft.windowsappsdk.winui\1.8.260204000\buildTransitive\Microsoft.WinUI.AppX.targets(7,5): message :        ;1701;1702;
       C:\Users\ShShohruz\.nuget\packages\microsoft.windowsappsdk.winui\1.8.260204000\buildTransitive\Microsoft.WinUI.AppX.targets(7,5): message : 
       C:\Users\ShShohruz\.nuget\packages\microsoft.windowsappsdk.winui\1.8.260204000\buildTransitive\Microsoft.WinUI.AppX.targets(7,5): message :        
       C:\Users\ShShohruz\.nuget\packages\microsoft.windowsappsdk.winui\1.8.260204000\buildTransitive\Microsoft.WinUI.AppX.targets(7,5): message :        APPX1707;
       C:\Users\ShShohruz\.nuget\packages\microsoft.windowsappsdk.winui\1.8.260204000\buildTransitive\Microsoft.WinUI.AppX.targets(7,5): message :     " (previous value: ";1701;1702") at C:\Users\ShShohruz\.nuget\packages\microsoft.windowsappsdk.winui\1.8.260204000\buildTransitive\Microsoft.WinUI.AppX.targets (7,5)
       C:\Users\ShShohruz\.nuget\packages\microsoft.windowsappsdk.winui\1.8.260204000\buildTransitive\Microsoft.UI.Xaml.Markup.Compiler.interop.targets(152,9): message : Property reassignment: $(PrepareResourcesDependsOn)="
       C:\Users\ShShohruz\.nuget\packages\microsoft.windowsappsdk.winui\1.8.260204000\buildTransitive\Microsoft.UI.Xaml.Markup.Compiler.interop.targets(152,9): message :             ResolveKeySource;
       C:\Users\ShShohruz\.nuget\packages\microsoft.windowsappsdk.winui\1.8.260204000\buildTransitive\Microsoft.UI.Xaml.Markup.Compiler.interop.targets(152,9): message :             AddImplicitDefineConstants;
       C:\Users\ShShohruz\.nuget\packages\microsoft.windowsappsdk.winui\1.8.260204000\buildTransitive\Microsoft.UI.Xaml.Markup.Compiler.interop.targets(152,9): message :             MarkupCompilePass1;
       C:\Users\ShShohruz\.nuget\packages\microsoft.windowsappsdk.winui\1.8.260204000\buildTransitive\Microsoft.UI.Xaml.Markup.Compiler.interop.targets(152,9): message :             XamlPreCompile;
       C:\Users\ShShohruz\.nuget\packages\microsoft.windowsappsdk.winui\1.8.260204000\buildTransitive\Microsoft.UI.Xaml.Markup.Compiler.interop.targets(152,9): message :             MarkupCompilePass2;
       C:\Users\ShShohruz\.nuget\packages\microsoft.windowsappsdk.winui\1.8.260204000\buildTransitive\Microsoft.UI.Xaml.Markup.Compiler.interop.targets(152,9): message :             
       C:\Users\ShShohruz\.nuget\packages\microsoft.windowsappsdk.winui\1.8.260204000\buildTransitive\Microsoft.UI.Xaml.Markup.Compiler.interop.targets(152,9): message :       ;
       C:\Users\ShShohruz\.nuget\packages\microsoft.windowsappsdk.winui\1.8.260204000\buildTransitive\Microsoft.UI.Xaml.Markup.Compiler.interop.targets(152,9): message :       PrepareResourceNames;
       C:\Users\ShShohruz\.nuget\packages\microsoft.windowsappsdk.winui\1.8.260204000\buildTransitive\Microsoft.UI.Xaml.Markup.Compiler.interop.targets(152,9): message :       ResGen;
       C:\Users\ShShohruz\.nuget\packages\microsoft.windowsappsdk.winui\1.8.260204000\buildTransitive\Microsoft.UI.Xaml.Markup.Compiler.interop.targets(152,9): message :       CompileLicxFiles
       C:\Users\ShShohruz\.nuget\packages\microsoft.windowsappsdk.winui\1.8.260204000\buildTransitive\Microsoft.UI.Xaml.Markup.Compiler.interop.targets(152,9): message :     
       C:\Users\ShShohruz\.nuget\packages\microsoft.windowsappsdk.winui\1.8.260204000\buildTransitive\Microsoft.UI.Xaml.Markup.Compiler.interop.targets(152,9): message :         " (previous value: "
       C:\Users\ShShohruz\.nuget\packages\microsoft.windowsappsdk.winui\1.8.260204000\buildTransitive\Microsoft.UI.Xaml.Markup.Compiler.interop.targets(152,9): message :       ;
       C:\Users\ShShohruz\.nuget\packages\microsoft.windowsappsdk.winui\1.8.260204000\buildTransitive\Microsoft.UI.Xaml.Markup.Compiler.interop.targets(152,9): message :       PrepareResourceNames;
       C:\Users\ShShohruz\.nuget\packages\microsoft.windowsappsdk.winui\1.8.260204000\buildTransitive\Microsoft.UI.Xaml.Markup.Compiler.interop.targets(152,9): message :       ResGen;
       C:\Users\ShShohruz\.nuget\packages\microsoft.windowsappsdk.winui\1.8.260204000\buildTransitive\Microsoft.UI.Xaml.Markup.Compiler.interop.targets(152,9): message :       CompileLicxFiles
       C:\Users\ShShohruz\.nuget\packages\microsoft.windowsappsdk.winui\1.8.260204000\buildTransitive\Microsoft.UI.Xaml.Markup.Compiler.interop.targets(152,9): message :     ") at C:\Users\ShShohruz\.nuget\packages\microsoft.windowsappsdk.winui\1.8.260204000\buildTransitive\Microsoft.UI.Xaml.Markup.Compiler.interop.targets (152,9)
       C:\Users\ShShohruz\.nuget\packages\microsoft.windowsappsdk.winui\1.8.260204000\buildTransitive\Microsoft.UI.Xaml.Markup.Compiler.interop.targets(204,9): message : Property reassignment: $(IncludeCustomOutputGroupForPackaging)="true" (previous value: "false") at C:\Users\ShShohruz\.nuget\packages\microsoft.windowsappsdk.winui\1.8.260204000\buildTransitive\Microsoft.UI.Xaml.Markup.Compiler.interop.targets (204,9)
       C:\Users\ShShohruz\.nuget\packages\microsoft.windowsappsdk.winui\1.8.260204000\buildTransitive\Microsoft.UI.Xaml.Markup.Compiler.interop.targets(1031,9): message : Property reassignment: $(ResolveReferencesDependsOn)="
       C:\Users\ShShohruz\.nuget\packages\microsoft.windowsappsdk.winui\1.8.260204000\buildTransitive\Microsoft.UI.Xaml.Markup.Compiler.interop.targets(1031,9): message :             
       C:\Users\ShShohruz\.nuget\packages\microsoft.windowsappsdk.winui\1.8.260204000\buildTransitive\Microsoft.UI.Xaml.Markup.Compiler.interop.targets(1031,9): message :             
       C:\Users\ShShohruz\.nuget\packages\microsoft.windowsappsdk.winui\1.8.260204000\buildTransitive\Microsoft.UI.Xaml.Markup.Compiler.interop.targets(1031,9): message :       BeforeResolveReferences;
       C:\Users\ShShohruz\.nuget\packages\microsoft.windowsappsdk.winui\1.8.260204000\buildTransitive\Microsoft.UI.Xaml.Markup.Compiler.interop.targets(1031,9): message :       AssignProjectConfiguration;
       C:\Users\ShShohruz\.nuget\packages\microsoft.windowsappsdk.winui\1.8.260204000\buildTransitive\Microsoft.UI.Xaml.Markup.Compiler.interop.targets(1031,9): message :       ResolveProjectReferences;
       C:\Users\ShShohruz\.nuget\packages\microsoft.windowsappsdk.winui\1.8.260204000\buildTransitive\Microsoft.UI.Xaml.Markup.Compiler.interop.targets(1031,9): message :       FindInvalidProjectReferences;
       C:\Users\ShShohruz\.nuget\packages\microsoft.windowsappsdk.winui\1.8.260204000\buildTransitive\Microsoft.UI.Xaml.Markup.Compiler.interop.targets(1031,9): message :       ResolveNativeReferences;
       C:\Users\ShShohruz\.nuget\packages\microsoft.windowsappsdk.winui\1.8.260204000\buildTransitive\Microsoft.UI.Xaml.Markup.Compiler.interop.targets(1031,9): message :       ResolveAssemblyReferences;
       C:\Users\ShShohruz\.nuget\packages\microsoft.windowsappsdk.winui\1.8.260204000\buildTransitive\Microsoft.UI.Xaml.Markup.Compiler.interop.targets(1031,9): message :       GenerateBindingRedirects;
       C:\Users\ShShohruz\.nuget\packages\microsoft.windowsappsdk.winui\1.8.260204000\buildTransitive\Microsoft.UI.Xaml.Markup.Compiler.interop.targets(1031,9): message :       GenerateBindingRedirectsUpdateAppConfig;
       C:\Users\ShShohruz\.nuget\packages\microsoft.windowsappsdk.winui\1.8.260204000\buildTransitive\Microsoft.UI.Xaml.Markup.Compiler.interop.targets(1031,9): message :       ResolveComReferences;
       C:\Users\ShShohruz\.nuget\packages\microsoft.windowsappsdk.winui\1.8.260204000\buildTransitive\Microsoft.UI.Xaml.Markup.Compiler.interop.targets(1031,9): message :       AfterResolveReferences
       C:\Users\ShShohruz\.nuget\packages\microsoft.windowsappsdk.winui\1.8.260204000\buildTransitive\Microsoft.UI.Xaml.Markup.Compiler.interop.targets(1031,9): message :     ;WindowsAppSDKVerifyCsWinRtVersions
       C:\Users\ShShohruz\.nuget\packages\microsoft.windowsappsdk.winui\1.8.260204000\buildTransitive\Microsoft.UI.Xaml.Markup.Compiler.interop.targets(1031,9): message :         ;
       C:\Users\ShShohruz\.nuget\packages\microsoft.windowsappsdk.winui\1.8.260204000\buildTransitive\Microsoft.UI.Xaml.Markup.Compiler.interop.targets(1031,9): message :             ImplicitlyExpandTargetFramework;
       C:\Users\ShShohruz\.nuget\packages\microsoft.windowsappsdk.winui\1.8.260204000\buildTransitive\Microsoft.UI.Xaml.Markup.Compiler.interop.targets(1031,9): message :             ImplicitlyExpandTargetPlatform
       C:\Users\ShShohruz\.nuget\packages\microsoft.windowsappsdk.winui\1.8.260204000\buildTransitive\Microsoft.UI.Xaml.Markup.Compiler.interop.targets(1031,9): message :         " (previous value: "
       C:\Users\ShShohruz\.nuget\packages\microsoft.windowsappsdk.winui\1.8.260204000\buildTransitive\Microsoft.UI.Xaml.Markup.Compiler.interop.targets(1031,9): message :             
       C:\Users\ShShohruz\.nuget\packages\microsoft.windowsappsdk.winui\1.8.260204000\buildTransitive\Microsoft.UI.Xaml.Markup.Compiler.interop.targets(1031,9): message :       BeforeResolveReferences;
       C:\Users\ShShohruz\.nuget\packages\microsoft.windowsappsdk.winui\1.8.260204000\buildTransitive\Microsoft.UI.Xaml.Markup.Compiler.interop.targets(1031,9): message :       AssignProjectConfiguration;
       C:\Users\ShShohruz\.nuget\packages\microsoft.windowsappsdk.winui\1.8.260204000\buildTransitive\Microsoft.UI.Xaml.Markup.Compiler.interop.targets(1031,9): message :       ResolveProjectReferences;
       C:\Users\ShShohruz\.nuget\packages\microsoft.windowsappsdk.winui\1.8.260204000\buildTransitive\Microsoft.UI.Xaml.Markup.Compiler.interop.targets(1031,9): message :       FindInvalidProjectReferences;
       C:\Users\ShShohruz\.nuget\packages\microsoft.windowsappsdk.winui\1.8.260204000\buildTransitive\Microsoft.UI.Xaml.Markup.Compiler.interop.targets(1031,9): message :       ResolveNativeReferences;
       C:\Users\ShShohruz\.nuget\packages\microsoft.windowsappsdk.winui\1.8.260204000\buildTransitive\Microsoft.UI.Xaml.Markup.Compiler.interop.targets(1031,9): message :       ResolveAssemblyReferences;
       C:\Users\ShShohruz\.nuget\packages\microsoft.windowsappsdk.winui\1.8.260204000\buildTransitive\Microsoft.UI.Xaml.Markup.Compiler.interop.targets(1031,9): message :       GenerateBindingRedirects;
       C:\Users\ShShohruz\.nuget\packages\microsoft.windowsappsdk.winui\1.8.260204000\buildTransitive\Microsoft.UI.Xaml.Markup.Compiler.interop.targets(1031,9): message :       GenerateBindingRedirectsUpdateAppConfig;
       C:\Users\ShShohruz\.nuget\packages\microsoft.windowsappsdk.winui\1.8.260204000\buildTransitive\Microsoft.UI.Xaml.Markup.Compiler.interop.targets(1031,9): message :       ResolveComReferences;
       C:\Users\ShShohruz\.nuget\packages\microsoft.windowsappsdk.winui\1.8.260204000\buildTransitive\Microsoft.UI.Xaml.Markup.Compiler.interop.targets(1031,9): message :       AfterResolveReferences
       C:\Users\ShShohruz\.nuget\packages\microsoft.windowsappsdk.winui\1.8.260204000\buildTransitive\Microsoft.UI.Xaml.Markup.Compiler.interop.targets(1031,9): message :     ;WindowsAppSDKVerifyCsWinRtVersions
       C:\Users\ShShohruz\.nuget\packages\microsoft.windowsappsdk.winui\1.8.260204000\buildTransitive\Microsoft.UI.Xaml.Markup.Compiler.interop.targets(1031,9): message :         ") at C:\Users\ShShohruz\.nuget\packages\microsoft.windowsappsdk.winui\1.8.260204000\buildTransitive\Microsoft.UI.Xaml.Markup.Compiler.interop.targets (1031,9)
       C:\Program Files\dotnet\sdk\10.0.200-preview.0.26103.119\Sdks\Microsoft.NET.Sdk\targets\Microsoft.PackageDependencyResolution.targets(29,5): message : Property reassignment: $(ProjectAssetsCacheFile)="D:\ChatmeLast\windows\ChatmeWindows\obj\x64\Debug\net10.0-windows10.0.19041.0\win-x64\ChatmeWindows.assets.cache" (previous value: "obj\x64\Debug\net10.0-windows10.0.19041.0\win-x64\ChatmeWindows.assets.cache") at C:\Program Files\dotnet\sdk\10.0.200-preview.0.26103.119\Sdks\Microsoft.NET.Sdk\targets\Microsoft.PackageDependencyResolution.targets (29,5)
       C:\Program Files\dotnet\sdk\10.0.200-preview.0.26103.119\Sdks\Microsoft.NET.Sdk\targets\Microsoft.PackageDependencyResolution.targets(80,5): message : Property reassignment: $(ResolveAssemblyReferencesDependsOn)="
       C:\Program Files\dotnet\sdk\10.0.200-preview.0.26103.119\Sdks\Microsoft.NET.Sdk\targets\Microsoft.PackageDependencyResolution.targets(80,5): message :       
       C:\Program Files\dotnet\sdk\10.0.200-preview.0.26103.119\Sdks\Microsoft.NET.Sdk\targets\Microsoft.PackageDependencyResolution.targets(80,5): message :       ResolveProjectReferences;
       C:\Program Files\dotnet\sdk\10.0.200-preview.0.26103.119\Sdks\Microsoft.NET.Sdk\targets\Microsoft.PackageDependencyResolution.targets(80,5): message :       FindInvalidProjectReferences;
       C:\Program Files\dotnet\sdk\10.0.200-preview.0.26103.119\Sdks\Microsoft.NET.Sdk\targets\Microsoft.PackageDependencyResolution.targets(80,5): message :       GetFrameworkPaths;
       C:\Program Files\dotnet\sdk\10.0.200-preview.0.26103.119\Sdks\Microsoft.NET.Sdk\targets\Microsoft.PackageDependencyResolution.targets(80,5): message :       GetReferenceAssemblyPaths;
       C:\Program Files\dotnet\sdk\10.0.200-preview.0.26103.119\Sdks\Microsoft.NET.Sdk\targets\Microsoft.PackageDependencyResolution.targets(80,5): message :       PrepareForBuild;
       C:\Program Files\dotnet\sdk\10.0.200-preview.0.26103.119\Sdks\Microsoft.NET.Sdk\targets\Microsoft.PackageDependencyResolution.targets(80,5): message :       ResolveSDKReferences;
       C:\Program Files\dotnet\sdk\10.0.200-preview.0.26103.119\Sdks\Microsoft.NET.Sdk\targets\Microsoft.PackageDependencyResolution.targets(80,5): message :       ExpandSDKReferences;
       C:\Program Files\dotnet\sdk\10.0.200-preview.0.26103.119\Sdks\Microsoft.NET.Sdk\targets\Microsoft.PackageDependencyResolution.targets(80,5): message :     ;
       C:\Program Files\dotnet\sdk\10.0.200-preview.0.26103.119\Sdks\Microsoft.NET.Sdk\targets\Microsoft.PackageDependencyResolution.targets(80,5): message :       ResolvePackageDependenciesForBuild;
       C:\Program Files\dotnet\sdk\10.0.200-preview.0.26103.119\Sdks\Microsoft.NET.Sdk\targets\Microsoft.PackageDependencyResolution.targets(80,5): message :       _HandlePackageFileConflicts;
       C:\Program Files\dotnet\sdk\10.0.200-preview.0.26103.119\Sdks\Microsoft.NET.Sdk\targets\Microsoft.PackageDependencyResolution.targets(80,5): message :     " (previous value: "
       C:\Program Files\dotnet\sdk\10.0.200-preview.0.26103.119\Sdks\Microsoft.NET.Sdk\targets\Microsoft.PackageDependencyResolution.targets(80,5): message :       ResolveProjectReferences;
       C:\Program Files\dotnet\sdk\10.0.200-preview.0.26103.119\Sdks\Microsoft.NET.Sdk\targets\Microsoft.PackageDependencyResolution.targets(80,5): message :       FindInvalidProjectReferences;
       C:\Program Files\dotnet\sdk\10.0.200-preview.0.26103.119\Sdks\Microsoft.NET.Sdk\targets\Microsoft.PackageDependencyResolution.targets(80,5): message :       GetFrameworkPaths;
       C:\Program Files\dotnet\sdk\10.0.200-preview.0.26103.119\Sdks\Microsoft.NET.Sdk\targets\Microsoft.PackageDependencyResolution.targets(80,5): message :       GetReferenceAssemblyPaths;
       C:\Program Files\dotnet\sdk\10.0.200-preview.0.26103.119\Sdks\Microsoft.NET.Sdk\targets\Microsoft.PackageDependencyResolution.targets(80,5): message :       PrepareForBuild;
       C:\Program Files\dotnet\sdk\10.0.200-preview.0.26103.119\Sdks\Microsoft.NET.Sdk\targets\Microsoft.PackageDependencyResolution.targets(80,5): message :       ResolveSDKReferences;
       C:\Program Files\dotnet\sdk\10.0.200-preview.0.26103.119\Sdks\Microsoft.NET.Sdk\targets\Microsoft.PackageDependencyResolution.targets(80,5): message :       ExpandSDKReferences;
       C:\Program Files\dotnet\sdk\10.0.200-preview.0.26103.119\Sdks\Microsoft.NET.Sdk\targets\Microsoft.PackageDependencyResolution.targets(80,5): message :     ") at C:\Program Files\dotnet\sdk\10.0.200-preview.0.26103.119\Sdks\Microsoft.NET.Sdk\targets\Microsoft.PackageDependencyResolution.targets (80,5)
       C:\Program Files\dotnet\sdk\10.0.200-preview.0.26103.119\Sdks\Microsoft.NET.Sdk\targets\Microsoft.PackageDependencyResolution.targets(86,5): message : Property reassignment: $(PrepareResourcesDependsOn)="
       C:\Program Files\dotnet\sdk\10.0.200-preview.0.26103.119\Sdks\Microsoft.NET.Sdk\targets\Microsoft.PackageDependencyResolution.targets(86,5): message :       ResolvePackageDependenciesForBuild;
       C:\Program Files\dotnet\sdk\10.0.200-preview.0.26103.119\Sdks\Microsoft.NET.Sdk\targets\Microsoft.PackageDependencyResolution.targets(86,5): message :       _HandlePackageFileConflicts;
       C:\Program Files\dotnet\sdk\10.0.200-preview.0.26103.119\Sdks\Microsoft.NET.Sdk\targets\Microsoft.PackageDependencyResolution.targets(86,5): message :       
       C:\Program Files\dotnet\sdk\10.0.200-preview.0.26103.119\Sdks\Microsoft.NET.Sdk\targets\Microsoft.PackageDependencyResolution.targets(86,5): message :             ResolveKeySource;
       C:\Program Files\dotnet\sdk\10.0.200-preview.0.26103.119\Sdks\Microsoft.NET.Sdk\targets\Microsoft.PackageDependencyResolution.targets(86,5): message :             AddImplicitDefineConstants;
       C:\Program Files\dotnet\sdk\10.0.200-preview.0.26103.119\Sdks\Microsoft.NET.Sdk\targets\Microsoft.PackageDependencyResolution.targets(86,5): message :             MarkupCompilePass1;
       C:\Program Files\dotnet\sdk\10.0.200-preview.0.26103.119\Sdks\Microsoft.NET.Sdk\targets\Microsoft.PackageDependencyResolution.targets(86,5): message :             XamlPreCompile;
       C:\Program Files\dotnet\sdk\10.0.200-preview.0.26103.119\Sdks\Microsoft.NET.Sdk\targets\Microsoft.PackageDependencyResolution.targets(86,5): message :             MarkupCompilePass2;
       C:\Program Files\dotnet\sdk\10.0.200-preview.0.26103.119\Sdks\Microsoft.NET.Sdk\targets\Microsoft.PackageDependencyResolution.targets(86,5): message :             
       C:\Program Files\dotnet\sdk\10.0.200-preview.0.26103.119\Sdks\Microsoft.NET.Sdk\targets\Microsoft.PackageDependencyResolution.targets(86,5): message :       ;
       C:\Program Files\dotnet\sdk\10.0.200-preview.0.26103.119\Sdks\Microsoft.NET.Sdk\targets\Microsoft.PackageDependencyResolution.targets(86,5): message :       PrepareResourceNames;
       C:\Program Files\dotnet\sdk\10.0.200-preview.0.26103.119\Sdks\Microsoft.NET.Sdk\targets\Microsoft.PackageDependencyResolution.targets(86,5): message :       ResGen;
       C:\Program Files\dotnet\sdk\10.0.200-preview.0.26103.119\Sdks\Microsoft.NET.Sdk\targets\Microsoft.PackageDependencyResolution.targets(86,5): message :       CompileLicxFiles
       C:\Program Files\dotnet\sdk\10.0.200-preview.0.26103.119\Sdks\Microsoft.NET.Sdk\targets\Microsoft.PackageDependencyResolution.targets(86,5): message :     
       C:\Program Files\dotnet\sdk\10.0.200-preview.0.26103.119\Sdks\Microsoft.NET.Sdk\targets\Microsoft.PackageDependencyResolution.targets(86,5): message :         
       C:\Program Files\dotnet\sdk\10.0.200-preview.0.26103.119\Sdks\Microsoft.NET.Sdk\targets\Microsoft.PackageDependencyResolution.targets(86,5): message :     " (previous value: "
       C:\Program Files\dotnet\sdk\10.0.200-preview.0.26103.119\Sdks\Microsoft.NET.Sdk\targets\Microsoft.PackageDependencyResolution.targets(86,5): message :             ResolveKeySource;
       C:\Program Files\dotnet\sdk\10.0.200-preview.0.26103.119\Sdks\Microsoft.NET.Sdk\targets\Microsoft.PackageDependencyResolution.targets(86,5): message :             AddImplicitDefineConstants;
       C:\Program Files\dotnet\sdk\10.0.200-preview.0.26103.119\Sdks\Microsoft.NET.Sdk\targets\Microsoft.PackageDependencyResolution.targets(86,5): message :             MarkupCompilePass1;
       C:\Program Files\dotnet\sdk\10.0.200-preview.0.26103.119\Sdks\Microsoft.NET.Sdk\targets\Microsoft.PackageDependencyResolution.targets(86,5): message :             XamlPreCompile;
       C:\Program Files\dotnet\sdk\10.0.200-preview.0.26103.119\Sdks\Microsoft.NET.Sdk\targets\Microsoft.PackageDependencyResolution.targets(86,5): message :             MarkupCompilePass2;
       C:\Program Files\dotnet\sdk\10.0.200-preview.0.26103.119\Sdks\Microsoft.NET.Sdk\targets\Microsoft.PackageDependencyResolution.targets(86,5): message :             
       C:\Program Files\dotnet\sdk\10.0.200-preview.0.26103.119\Sdks\Microsoft.NET.Sdk\targets\Microsoft.PackageDependencyResolution.targets(86,5): message :       ;
       C:\Program Files\dotnet\sdk\10.0.200-preview.0.26103.119\Sdks\Microsoft.NET.Sdk\targets\Microsoft.PackageDependencyResolution.targets(86,5): message :       PrepareResourceNames;
       C:\Program Files\dotnet\sdk\10.0.200-preview.0.26103.119\Sdks\Microsoft.NET.Sdk\targets\Microsoft.PackageDependencyResolution.targets(86,5): message :       ResGen;
       C:\Program Files\dotnet\sdk\10.0.200-preview.0.26103.119\Sdks\Microsoft.NET.Sdk\targets\Microsoft.PackageDependencyResolution.targets(86,5): message :       CompileLicxFiles
       C:\Program Files\dotnet\sdk\10.0.200-preview.0.26103.119\Sdks\Microsoft.NET.Sdk\targets\Microsoft.PackageDependencyResolution.targets(86,5): message :     
       C:\Program Files\dotnet\sdk\10.0.200-preview.0.26103.119\Sdks\Microsoft.NET.Sdk\targets\Microsoft.PackageDependencyResolution.targets(86,5): message :         ") at C:\Program Files\dotnet\sdk\10.0.200-preview.0.26103.119\Sdks\Microsoft.NET.Sdk\targets\Microsoft.PackageDependencyResolution.targets (86,5)
       C:\Program Files\dotnet\sdk\10.0.200-preview.0.26103.119\Sdks\Microsoft.NET.Sdk\targets\Microsoft.NET.Sdk.DefaultItems.targets(35,5): message : Property reassignment: $(DefaultItemExcludes)=";bin\x64\Debug\/**;obj\x64\Debug\/**;bin\/**" (previous value: ";bin\x64\Debug\/**;obj\x64\Debug\/**") at C:\Program Files\dotnet\sdk\10.0.200-preview.0.26103.119\Sdks\Microsoft.NET.Sdk\targets\Microsoft.NET.Sdk.DefaultItems.targets (35,5)
       C:\Program Files\dotnet\sdk\10.0.200-preview.0.26103.119\Sdks\Microsoft.NET.Sdk\targets\Microsoft.NET.Sdk.DefaultItems.targets(37,5): message : Property reassignment: $(DefaultItemExcludes)=";bin\x64\Debug\/**;obj\x64\Debug\/**;bin\/**;obj\/**" (previous value: ";bin\x64\Debug\/**;obj\x64\Debug\/**;bin\/**") at C:\Program Files\dotnet\sdk\10.0.200-preview.0.26103.119\Sdks\Microsoft.NET.Sdk\targets\Microsoft.NET.Sdk.DefaultItems.targets (37,5)
       C:\Program Files\dotnet\sdk\10.0.200-preview.0.26103.119\Sdks\Microsoft.NET.Sdk\targets\Microsoft.NET.Sdk.DefaultItems.targets(41,5): message : Property reassignment: $(DefaultItemExcludes)=";bin\x64\Debug\/**;obj\x64\Debug\/**;bin\/**;obj\/**;bin\Debug\net10.0-windows10.0.19041.0\win-x64\publish\/**" (previous value: ";bin\x64\Debug\/**;obj\x64\Debug\/**;bin\/**;obj\/**") at C:\Program Files\dotnet\sdk\10.0.200-preview.0.26103.119\Sdks\Microsoft.NET.Sdk\targets\Microsoft.NET.Sdk.DefaultItems.targets (41,5)
       C:\Program Files\dotnet\sdk\10.0.200-preview.0.26103.119\Sdks\Microsoft.NET.Sdk\targets\Microsoft.NET.Sdk.DefaultItems.targets(44,5): message : Property reassignment: $(DefaultItemExcludes)=";bin\x64\Debug\/**;obj\x64\Debug\/**;bin\/**;obj\/**;bin\Debug\net10.0-windows10.0.19041.0\win-x64\publish\/**;**/*.user" (previous value: ";bin\x64\Debug\/**;obj\x64\Debug\/**;bin\/**;obj\/**;bin\Debug\net10.0-windows10.0.19041.0\win-x64\publish\/**") at C:\Program Files\dotnet\sdk\10.0.200-preview.0.26103.119\Sdks\Microsoft.NET.Sdk\targets\Microsoft.NET.Sdk.DefaultItems.targets (44,5)
       C:\Program Files\dotnet\sdk\10.0.200-preview.0.26103.119\Sdks\Microsoft.NET.Sdk\targets\Microsoft.NET.Sdk.DefaultItems.targets(45,5): message : Property reassignment: $(DefaultItemExcludes)=";bin\x64\Debug\/**;obj\x64\Debug\/**;bin\/**;obj\/**;bin\Debug\net10.0-windows10.0.19041.0\win-x64\publish\/**;**/*.user;**/*.*proj" (previous value: ";bin\x64\Debug\/**;obj\x64\Debug\/**;bin\/**;obj\/**;bin\Debug\net10.0-windows10.0.19041.0\win-x64\publish\/**;**/*.user") at C:\Program Files\dotnet\sdk\10.0.200-preview.0.26103.119\Sdks\Microsoft.NET.Sdk\targets\Microsoft.NET.Sdk.DefaultItems.targets (45,5)
       C:\Program Files\dotnet\sdk\10.0.200-preview.0.26103.119\Sdks\Microsoft.NET.Sdk\targets\Microsoft.NET.Sdk.DefaultItems.targets(46,5): message : Property reassignment: $(DefaultItemExcludes)=";bin\x64\Debug\/**;obj\x64\Debug\/**;bin\/**;obj\/**;bin\Debug\net10.0-windows10.0.19041.0\win-x64\publish\/**;**/*.user;**/*.*proj;**/*.sln" (previous value: ";bin\x64\Debug\/**;obj\x64\Debug\/**;bin\/**;obj\/**;bin\Debug\net10.0-windows10.0.19041.0\win-x64\publish\/**;**/*.user;**/*.*proj") at C:\Program Files\dotnet\sdk\10.0.200-preview.0.26103.119\Sdks\Microsoft.NET.Sdk\targets\Microsoft.NET.Sdk.DefaultItems.targets (46,5)
       C:\Program Files\dotnet\sdk\10.0.200-preview.0.26103.119\Sdks\Microsoft.NET.Sdk\targets\Microsoft.NET.Sdk.DefaultItems.targets(47,5): message : Property reassignment: $(DefaultItemExcludes)=";bin\x64\Debug\/**;obj\x64\Debug\/**;bin\/**;obj\/**;bin\Debug\net10.0-windows10.0.19041.0\win-x64\publish\/**;**/*.user;**/*.*proj;**/*.sln;**/*.slnx" (previous value: ";bin\x64\Debug\/**;obj\x64\Debug\/**;bin\/**;obj\/**;bin\Debug\net10.0-windows10.0.19041.0\win-x64\publish\/**;**/*.user;**/*.*proj;**/*.sln") at C:\Program Files\dotnet\sdk\10.0.200-preview.0.26103.119\Sdks\Microsoft.NET.Sdk\targets\Microsoft.NET.Sdk.DefaultItems.targets (47,5)
       C:\Program Files\dotnet\sdk\10.0.200-preview.0.26103.119\Sdks\Microsoft.NET.Sdk\targets\Microsoft.NET.Sdk.DefaultItems.targets(48,5): message : Property reassignment: $(DefaultItemExcludes)=";bin\x64\Debug\/**;obj\x64\Debug\/**;bin\/**;obj\/**;bin\Debug\net10.0-windows10.0.19041.0\win-x64\publish\/**;**/*.user;**/*.*proj;**/*.sln;**/*.slnx;**/*.vssscc" (previous value: ";bin\x64\Debug\/**;obj\x64\Debug\/**;bin\/**;obj\/**;bin\Debug\net10.0-windows10.0.19041.0\win-x64\publish\/**;**/*.user;**/*.*proj;**/*.sln;**/*.slnx") at C:\Program Files\dotnet\sdk\10.0.200-preview.0.26103.119\Sdks\Microsoft.NET.Sdk\targets\Microsoft.NET.Sdk.DefaultItems.targets (48,5)
       C:\Program Files\dotnet\sdk\10.0.200-preview.0.26103.119\Sdks\Microsoft.NET.Sdk\targets\Microsoft.NET.Sdk.DefaultItems.targets(49,5): message : Property reassignment: $(DefaultItemExcludes)=";bin\x64\Debug\/**;obj\x64\Debug\/**;bin\/**;obj\/**;bin\Debug\net10.0-windows10.0.19041.0\win-x64\publish\/**;**/*.user;**/*.*proj;**/*.sln;**/*.slnx;**/*.vssscc;**/.DS_Store" (previous value: ";bin\x64\Debug\/**;obj\x64\Debug\/**;bin\/**;obj\/**;bin\Debug\net10.0-windows10.0.19041.0\win-x64\publish\/**;**/*.user;**/*.*proj;**/*.sln;**/*.slnx;**/*.vssscc") at C:\Program Files\dotnet\sdk\10.0.200-preview.0.26103.119\Sdks\Microsoft.NET.Sdk\targets\Microsoft.NET.Sdk.DefaultItems.targets (49,5)
       C:\Program Files\dotnet\sdk\10.0.200-preview.0.26103.119\Sdks\Microsoft.NET.Sdk\targets\Microsoft.NET.Sdk.FrameworkReferenceResolution.targets(14,5): message : Property reassignment: $(ResolveAssemblyReferencesDependsOn)="
       C:\Program Files\dotnet\sdk\10.0.200-preview.0.26103.119\Sdks\Microsoft.NET.Sdk\targets\Microsoft.NET.Sdk.FrameworkReferenceResolution.targets(14,5): message :       
       C:\Program Files\dotnet\sdk\10.0.200-preview.0.26103.119\Sdks\Microsoft.NET.Sdk\targets\Microsoft.NET.Sdk.FrameworkReferenceResolution.targets(14,5): message :       
       C:\Program Files\dotnet\sdk\10.0.200-preview.0.26103.119\Sdks\Microsoft.NET.Sdk\targets\Microsoft.NET.Sdk.FrameworkReferenceResolution.targets(14,5): message :       ResolveProjectReferences;
       C:\Program Files\dotnet\sdk\10.0.200-preview.0.26103.119\Sdks\Microsoft.NET.Sdk\targets\Microsoft.NET.Sdk.FrameworkReferenceResolution.targets(14,5): message :       FindInvalidProjectReferences;
       C:\Program Files\dotnet\sdk\10.0.200-preview.0.26103.119\Sdks\Microsoft.NET.Sdk\targets\Microsoft.NET.Sdk.FrameworkReferenceResolution.targets(14,5): message :       GetFrameworkPaths;
       C:\Program Files\dotnet\sdk\10.0.200-preview.0.26103.119\Sdks\Microsoft.NET.Sdk\targets\Microsoft.NET.Sdk.FrameworkReferenceResolution.targets(14,5): message :       GetReferenceAssemblyPaths;
       C:\Program Files\dotnet\sdk\10.0.200-preview.0.26103.119\Sdks\Microsoft.NET.Sdk\targets\Microsoft.NET.Sdk.FrameworkReferenceResolution.targets(14,5): message :       PrepareForBuild;
       C:\Program Files\dotnet\sdk\10.0.200-preview.0.26103.119\Sdks\Microsoft.NET.Sdk\targets\Microsoft.NET.Sdk.FrameworkReferenceResolution.targets(14,5): message :       ResolveSDKReferences;
       C:\Program Files\dotnet\sdk\10.0.200-preview.0.26103.119\Sdks\Microsoft.NET.Sdk\targets\Microsoft.NET.Sdk.FrameworkReferenceResolution.targets(14,5): message :       ExpandSDKReferences;
       C:\Program Files\dotnet\sdk\10.0.200-preview.0.26103.119\Sdks\Microsoft.NET.Sdk\targets\Microsoft.NET.Sdk.FrameworkReferenceResolution.targets(14,5): message :     ;
       C:\Program Files\dotnet\sdk\10.0.200-preview.0.26103.119\Sdks\Microsoft.NET.Sdk\targets\Microsoft.NET.Sdk.FrameworkReferenceResolution.targets(14,5): message :       ResolvePackageDependenciesForBuild;
       C:\Program Files\dotnet\sdk\10.0.200-preview.0.26103.119\Sdks\Microsoft.NET.Sdk\targets\Microsoft.NET.Sdk.FrameworkReferenceResolution.targets(14,5): message :       _HandlePackageFileConflicts;
       C:\Program Files\dotnet\sdk\10.0.200-preview.0.26103.119\Sdks\Microsoft.NET.Sdk\targets\Microsoft.NET.Sdk.FrameworkReferenceResolution.targets(14,5): message :     ;
       C:\Program Files\dotnet\sdk\10.0.200-preview.0.26103.119\Sdks\Microsoft.NET.Sdk\targets\Microsoft.NET.Sdk.FrameworkReferenceResolution.targets(14,5): message :       ResolveTargetingPackAssets;
       C:\Program Files\dotnet\sdk\10.0.200-preview.0.26103.119\Sdks\Microsoft.NET.Sdk\targets\Microsoft.NET.Sdk.FrameworkReferenceResolution.targets(14,5): message :     " (previous value: "
       C:\Program Files\dotnet\sdk\10.0.200-preview.0.26103.119\Sdks\Microsoft.NET.Sdk\targets\Microsoft.NET.Sdk.FrameworkReferenceResolution.targets(14,5): message :       
       C:\Program Files\dotnet\sdk\10.0.200-preview.0.26103.119\Sdks\Microsoft.NET.Sdk\targets\Microsoft.NET.Sdk.FrameworkReferenceResolution.targets(14,5): message :       ResolveProjectReferences;
       C:\Program Files\dotnet\sdk\10.0.200-preview.0.26103.119\Sdks\Microsoft.NET.Sdk\targets\Microsoft.NET.Sdk.FrameworkReferenceResolution.targets(14,5): message :       FindInvalidProjectReferences;
       C:\Program Files\dotnet\sdk\10.0.200-preview.0.26103.119\Sdks\Microsoft.NET.Sdk\targets\Microsoft.NET.Sdk.FrameworkReferenceResolution.targets(14,5): message :       GetFrameworkPaths;
       C:\Program Files\dotnet\sdk\10.0.200-preview.0.26103.119\Sdks\Microsoft.NET.Sdk\targets\Microsoft.NET.Sdk.FrameworkReferenceResolution.targets(14,5): message :       GetReferenceAssemblyPaths;
       C:\Program Files\dotnet\sdk\10.0.200-preview.0.26103.119\Sdks\Microsoft.NET.Sdk\targets\Microsoft.NET.Sdk.FrameworkReferenceResolution.targets(14,5): message :       PrepareForBuild;
       C:\Program Files\dotnet\sdk\10.0.200-preview.0.26103.119\Sdks\Microsoft.NET.Sdk\targets\Microsoft.NET.Sdk.FrameworkReferenceResolution.targets(14,5): message :       ResolveSDKReferences;
       C:\Program Files\dotnet\sdk\10.0.200-preview.0.26103.119\Sdks\Microsoft.NET.Sdk\targets\Microsoft.NET.Sdk.FrameworkReferenceResolution.targets(14,5): message :       ExpandSDKReferences;
       C:\Program Files\dotnet\sdk\10.0.200-preview.0.26103.119\Sdks\Microsoft.NET.Sdk\targets\Microsoft.NET.Sdk.FrameworkReferenceResolution.targets(14,5): message :     ;
       C:\Program Files\dotnet\sdk\10.0.200-preview.0.26103.119\Sdks\Microsoft.NET.Sdk\targets\Microsoft.NET.Sdk.FrameworkReferenceResolution.targets(14,5): message :       ResolvePackageDependenciesForBuild;
       C:\Program Files\dotnet\sdk\10.0.200-preview.0.26103.119\Sdks\Microsoft.NET.Sdk\targets\Microsoft.NET.Sdk.FrameworkReferenceResolution.targets(14,5): message :       _HandlePackageFileConflicts;
       C:\Program Files\dotnet\sdk\10.0.200-preview.0.26103.119\Sdks\Microsoft.NET.Sdk\targets\Microsoft.NET.Sdk.FrameworkReferenceResolution.targets(14,5): message :     ") at C:\Program Files\dotnet\sdk\10.0.200-preview.0.26103.119\Sdks\Microsoft.NET.Sdk\targets\Microsoft.NET.Sdk.FrameworkReferenceResolution.targets (14,5)
       C:\Program Files\dotnet\sdk\10.0.200-preview.0.26103.119\Sdks\Microsoft.NET.Sdk\targets\Microsoft.NET.Sdk.targets(44,5): message : Property reassignment: $(_GenerateRuntimeConfigurationPropertyInputsCache)="D:\ChatmeLast\windows\ChatmeWindows\obj\x64\Debug\net10.0-windows10.0.19041.0\win-x64\ChatmeWindows.genruntimeconfig.cache" (previous value: "obj\x64\Debug\net10.0-windows10.0.19041.0\win-x64\ChatmeWindows.genruntimeconfig.cache") at C:\Program Files\dotnet\sdk\10.0.200-preview.0.26103.119\Sdks\Microsoft.NET.Sdk\targets\Microsoft.NET.Sdk.targets (44,5)
       C:\Program Files\dotnet\sdk\10.0.200-preview.0.26103.119\Sdks\Microsoft.NET.Sdk\targets\Microsoft.NET.Sdk.targets(46,5): message : Property reassignment: $(_GeneratePublishDependencyFilePropertyInputsCache)="D:\ChatmeLast\windows\ChatmeWindows\obj\x64\Debug\net10.0-windows10.0.19041.0\win-x64\ChatmeWindows.genpublishdeps.cache" (previous value: "obj\x64\Debug\net10.0-windows10.0.19041.0\win-x64\ChatmeWindows.genpublishdeps.cache") at C:\Program Files\dotnet\sdk\10.0.200-preview.0.26103.119\Sdks\Microsoft.NET.Sdk\targets\Microsoft.NET.Sdk.targets (46,5)
       C:\Program Files\dotnet\sdk\10.0.200-preview.0.26103.119\Sdks\Microsoft.NET.Sdk\targets\Microsoft.NET.Sdk.targets(48,5): message : Property reassignment: $(_GenerateSingleFileBundlePropertyInputsCache)="D:\ChatmeLast\windows\ChatmeWindows\obj\x64\Debug\net10.0-windows10.0.19041.0\win-x64\ChatmeWindows.genbundle.cache" (previous value: "obj\x64\Debug\net10.0-windows10.0.19041.0\win-x64\ChatmeWindows.genbundle.cache") at C:\Program Files\dotnet\sdk\10.0.200-preview.0.26103.119\Sdks\Microsoft.NET.Sdk\targets\Microsoft.NET.Sdk.targets (48,5)
       C:\Program Files\dotnet\sdk\10.0.200-preview.0.26103.119\Sdks\Microsoft.NET.Sdk\targets\Microsoft.NET.Sdk.targets(81,5): message : Property reassignment: $(GenerateRuntimeConfigDevFile)="false" (previous value: "true") at C:\Program Files\dotnet\sdk\10.0.200-preview.0.26103.119\Sdks\Microsoft.NET.Sdk\targets\Microsoft.NET.Sdk.targets (81,5)
       C:\Program Files\dotnet\sdk\10.0.200-preview.0.26103.119\Sdks\Microsoft.NET.Sdk\targets\Microsoft.NET.Sdk.targets(98,5): message : Property reassignment: $(_DefaultUserProfileRuntimeStorePath)="C:\Users\ShShohruz" (previous value: "") at C:\Program Files\dotnet\sdk\10.0.200-preview.0.26103.119\Sdks\Microsoft.NET.Sdk\targets\Microsoft.NET.Sdk.targets (98,5)
       C:\Program Files\dotnet\sdk\10.0.200-preview.0.26103.119\Sdks\Microsoft.NET.Sdk\targets\Microsoft.NET.Sdk.targets(99,5): message : Property reassignment: $(_DefaultUserProfileRuntimeStorePath)="C:\Users\ShShohruz\.dotnet\store" (previous value: "C:\Users\ShShohruz") at C:\Program Files\dotnet\sdk\10.0.200-preview.0.26103.119\Sdks\Microsoft.NET.Sdk\targets\Microsoft.NET.Sdk.targets (99,5)
       C:\Program Files\dotnet\sdk\10.0.200-preview.0.26103.119\Sdks\Microsoft.NET.Sdk\targets\Microsoft.NET.Sdk.targets(144,5): message : Property reassignment: $(AvailablePlatforms)="Any CPU,x86,x64,ARM32" (previous value: "Any CPU,x86,x64") at C:\Program Files\dotnet\sdk\10.0.200-preview.0.26103.119\Sdks\Microsoft.NET.Sdk\targets\Microsoft.NET.Sdk.targets (144,5)
       C:\Program Files\dotnet\sdk\10.0.200-preview.0.26103.119\Sdks\Microsoft.NET.Sdk\targets\Microsoft.NET.Sdk.targets(148,5): message : Property reassignment: $(AvailablePlatforms)="Any CPU,x86,x64,ARM32,ARM64" (previous value: "Any CPU,x86,x64,ARM32") at C:\Program Files\dotnet\sdk\10.0.200-preview.0.26103.119\Sdks\Microsoft.NET.Sdk\targets\Microsoft.NET.Sdk.targets (148,5)
       C:\Program Files\dotnet\sdk\10.0.200-preview.0.26103.119\Sdks\Microsoft.NET.Sdk\targets\Microsoft.NET.Sdk.targets(204,5): message : Property reassignment: $(CoreBuildDependsOn)="
       C:\Program Files\dotnet\sdk\10.0.200-preview.0.26103.119\Sdks\Microsoft.NET.Sdk\targets\Microsoft.NET.Sdk.targets(204,5): message :       _CheckForBuildWithNoBuild;
       C:\Program Files\dotnet\sdk\10.0.200-preview.0.26103.119\Sdks\Microsoft.NET.Sdk\targets\Microsoft.NET.Sdk.targets(204,5): message :       
       C:\Program Files\dotnet\sdk\10.0.200-preview.0.26103.119\Sdks\Microsoft.NET.Sdk\targets\Microsoft.NET.Sdk.targets(204,5): message :       BuildOnlySettings;
       C:\Program Files\dotnet\sdk\10.0.200-preview.0.26103.119\Sdks\Microsoft.NET.Sdk\targets\Microsoft.NET.Sdk.targets(204,5): message :       PrepareForBuild;
       C:\Program Files\dotnet\sdk\10.0.200-preview.0.26103.119\Sdks\Microsoft.NET.Sdk\targets\Microsoft.NET.Sdk.targets(204,5): message :       PreBuildEvent;
       C:\Program Files\dotnet\sdk\10.0.200-preview.0.26103.119\Sdks\Microsoft.NET.Sdk\targets\Microsoft.NET.Sdk.targets(204,5): message :       ResolveReferences;
       C:\Program Files\dotnet\sdk\10.0.200-preview.0.26103.119\Sdks\Microsoft.NET.Sdk\targets\Microsoft.NET.Sdk.targets(204,5): message :       PrepareResources;
       C:\Program Files\dotnet\sdk\10.0.200-preview.0.26103.119\Sdks\Microsoft.NET.Sdk\targets\Microsoft.NET.Sdk.targets(204,5): message :       ResolveKeySource;
       C:\Program Files\dotnet\sdk\10.0.200-preview.0.26103.119\Sdks\Microsoft.NET.Sdk\targets\Microsoft.NET.Sdk.targets(204,5): message :       Compile;
       C:\Program Files\dotnet\sdk\10.0.200-preview.0.26103.119\Sdks\Microsoft.NET.Sdk\targets\Microsoft.NET.Sdk.targets(204,5): message :       ExportWindowsMDFile;
       C:\Program Files\dotnet\sdk\10.0.200-preview.0.26103.119\Sdks\Microsoft.NET.Sdk\targets\Microsoft.NET.Sdk.targets(204,5): message :       UnmanagedUnregistration;
       C:\Program Files\dotnet\sdk\10.0.200-preview.0.26103.119\Sdks\Microsoft.NET.Sdk\targets\Microsoft.NET.Sdk.targets(204,5): message :       GenerateSerializationAssemblies;
       C:\Program Files\dotnet\sdk\10.0.200-preview.0.26103.119\Sdks\Microsoft.NET.Sdk\targets\Microsoft.NET.Sdk.targets(204,5): message :       CreateSatelliteAssemblies;
       C:\Program Files\dotnet\sdk\10.0.200-preview.0.26103.119\Sdks\Microsoft.NET.Sdk\targets\Microsoft.NET.Sdk.targets(204,5): message :       GenerateManifests;
       C:\Program Files\dotnet\sdk\10.0.200-preview.0.26103.119\Sdks\Microsoft.NET.Sdk\targets\Microsoft.NET.Sdk.targets(204,5): message :       GetTargetPath;
       C:\Program Files\dotnet\sdk\10.0.200-preview.0.26103.119\Sdks\Microsoft.NET.Sdk\targets\Microsoft.NET.Sdk.targets(204,5): message :       PrepareForRun;
       C:\Program Files\dotnet\sdk\10.0.200-preview.0.26103.119\Sdks\Microsoft.NET.Sdk\targets\Microsoft.NET.Sdk.targets(204,5): message :       UnmanagedRegistration;
       C:\Program Files\dotnet\sdk\10.0.200-preview.0.26103.119\Sdks\Microsoft.NET.Sdk\targets\Microsoft.NET.Sdk.targets(204,5): message :       IncrementalClean;
       C:\Program Files\dotnet\sdk\10.0.200-preview.0.26103.119\Sdks\Microsoft.NET.Sdk\targets\Microsoft.NET.Sdk.targets(204,5): message :       PostBuildEvent
       C:\Program Files\dotnet\sdk\10.0.200-preview.0.26103.119\Sdks\Microsoft.NET.Sdk\targets\Microsoft.NET.Sdk.targets(204,5): message :     ;
       C:\Program Files\dotnet\sdk\10.0.200-preview.0.26103.119\Sdks\Microsoft.NET.Sdk\targets\Microsoft.NET.Sdk.targets(204,5): message :       GenerateBuildDependencyFile;
       C:\Program Files\dotnet\sdk\10.0.200-preview.0.26103.119\Sdks\Microsoft.NET.Sdk\targets\Microsoft.NET.Sdk.targets(204,5): message :       GenerateBuildRuntimeConfigurationFiles
       C:\Program Files\dotnet\sdk\10.0.200-preview.0.26103.119\Sdks\Microsoft.NET.Sdk\targets\Microsoft.NET.Sdk.targets(204,5): message :     " (previous value: "
       C:\Program Files\dotnet\sdk\10.0.200-preview.0.26103.119\Sdks\Microsoft.NET.Sdk\targets\Microsoft.NET.Sdk.targets(204,5): message :       BuildOnlySettings;
       C:\Program Files\dotnet\sdk\10.0.200-preview.0.26103.119\Sdks\Microsoft.NET.Sdk\targets\Microsoft.NET.Sdk.targets(204,5): message :       PrepareForBuild;
       C:\Program Files\dotnet\sdk\10.0.200-preview.0.26103.119\Sdks\Microsoft.NET.Sdk\targets\Microsoft.NET.Sdk.targets(204,5): message :       PreBuildEvent;
       C:\Program Files\dotnet\sdk\10.0.200-preview.0.26103.119\Sdks\Microsoft.NET.Sdk\targets\Microsoft.NET.Sdk.targets(204,5): message :       ResolveReferences;
       C:\Program Files\dotnet\sdk\10.0.200-preview.0.26103.119\Sdks\Microsoft.NET.Sdk\targets\Microsoft.NET.Sdk.targets(204,5): message :       PrepareResources;
       C:\Program Files\dotnet\sdk\10.0.200-preview.0.26103.119\Sdks\Microsoft.NET.Sdk\targets\Microsoft.NET.Sdk.targets(204,5): message :       ResolveKeySource;
       C:\Program Files\dotnet\sdk\10.0.200-preview.0.26103.119\Sdks\Microsoft.NET.Sdk\targets\Microsoft.NET.Sdk.targets(204,5): message :       Compile;
       C:\Program Files\dotnet\sdk\10.0.200-preview.0.26103.119\Sdks\Microsoft.NET.Sdk\targets\Microsoft.NET.Sdk.targets(204,5): message :       ExportWindowsMDFile;
       C:\Program Files\dotnet\sdk\10.0.200-preview.0.26103.119\Sdks\Microsoft.NET.Sdk\targets\Microsoft.NET.Sdk.targets(204,5): message :       UnmanagedUnregistration;
       C:\Program Files\dotnet\sdk\10.0.200-preview.0.26103.119\Sdks\Microsoft.NET.Sdk\targets\Microsoft.NET.Sdk.targets(204,5): message :       GenerateSerializationAssemblies;
       C:\Program Files\dotnet\sdk\10.0.200-preview.0.26103.119\Sdks\Microsoft.NET.Sdk\targets\Microsoft.NET.Sdk.targets(204,5): message :       CreateSatelliteAssemblies;
       C:\Program Files\dotnet\sdk\10.0.200-preview.0.26103.119\Sdks\Microsoft.NET.Sdk\targets\Microsoft.NET.Sdk.targets(204,5): message :       GenerateManifests;
       C:\Program Files\dotnet\sdk\10.0.200-preview.0.26103.119\Sdks\Microsoft.NET.Sdk\targets\Microsoft.NET.Sdk.targets(204,5): message :       GetTargetPath;
       C:\Program Files\dotnet\sdk\10.0.200-preview.0.26103.119\Sdks\Microsoft.NET.Sdk\targets\Microsoft.NET.Sdk.targets(204,5): message :       PrepareForRun;
       C:\Program Files\dotnet\sdk\10.0.200-preview.0.26103.119\Sdks\Microsoft.NET.Sdk\targets\Microsoft.NET.Sdk.targets(204,5): message :       UnmanagedRegistration;
       C:\Program Files\dotnet\sdk\10.0.200-preview.0.26103.119\Sdks\Microsoft.NET.Sdk\targets\Microsoft.NET.Sdk.targets(204,5): message :       IncrementalClean;
       C:\Program Files\dotnet\sdk\10.0.200-preview.0.26103.119\Sdks\Microsoft.NET.Sdk\targets\Microsoft.NET.Sdk.targets(204,5): message :       PostBuildEvent
       C:\Program Files\dotnet\sdk\10.0.200-preview.0.26103.119\Sdks\Microsoft.NET.Sdk\targets\Microsoft.NET.Sdk.targets(204,5): message :     ") at C:\Program Files\dotnet\sdk\10.0.200-preview.0.26103.119\Sdks\Microsoft.NET.Sdk\targets\Microsoft.NET.Sdk.targets (204,5)
       C:\Program Files\dotnet\sdk\10.0.200-preview.0.26103.119\Sdks\Microsoft.NET.Sdk\targets\Microsoft.NET.Sdk.targets(213,5): message : Property reassignment: $(CoreCleanDependsOn)="
       C:\Program Files\dotnet\sdk\10.0.200-preview.0.26103.119\Sdks\Microsoft.NET.Sdk\targets\Microsoft.NET.Sdk.targets(213,5): message :       _SdkBeforeClean;
       C:\Program Files\dotnet\sdk\10.0.200-preview.0.26103.119\Sdks\Microsoft.NET.Sdk\targets\Microsoft.NET.Sdk.targets(213,5): message :       
       C:\Program Files\dotnet\sdk\10.0.200-preview.0.26103.119\Sdks\Microsoft.NET.Sdk\targets\Microsoft.NET.Sdk.targets(213,5): message :     " (previous value: "") at C:\Program Files\dotnet\sdk\10.0.200-preview.0.26103.119\Sdks\Microsoft.NET.Sdk\targets\Microsoft.NET.Sdk.targets (213,5)
       C:\Program Files\dotnet\sdk\10.0.200-preview.0.26103.119\Sdks\Microsoft.NET.Sdk\targets\Microsoft.NET.Sdk.targets(220,5): message : Property reassignment: $(RebuildDependsOn)="
       C:\Program Files\dotnet\sdk\10.0.200-preview.0.26103.119\Sdks\Microsoft.NET.Sdk\targets\Microsoft.NET.Sdk.targets(220,5): message :       _SdkBeforeRebuild;
       C:\Program Files\dotnet\sdk\10.0.200-preview.0.26103.119\Sdks\Microsoft.NET.Sdk\targets\Microsoft.NET.Sdk.targets(220,5): message :       
       C:\Program Files\dotnet\sdk\10.0.200-preview.0.26103.119\Sdks\Microsoft.NET.Sdk\targets\Microsoft.NET.Sdk.targets(220,5): message :       BeforeRebuild;
       C:\Program Files\dotnet\sdk\10.0.200-preview.0.26103.119\Sdks\Microsoft.NET.Sdk\targets\Microsoft.NET.Sdk.targets(220,5): message :       Clean;
       C:\Program Files\dotnet\sdk\10.0.200-preview.0.26103.119\Sdks\Microsoft.NET.Sdk\targets\Microsoft.NET.Sdk.targets(220,5): message :       Build;
       C:\Program Files\dotnet\sdk\10.0.200-preview.0.26103.119\Sdks\Microsoft.NET.Sdk\targets\Microsoft.NET.Sdk.targets(220,5): message :       AfterRebuild;
       C:\Program Files\dotnet\sdk\10.0.200-preview.0.26103.119\Sdks\Microsoft.NET.Sdk\targets\Microsoft.NET.Sdk.targets(220,5): message :     
       C:\Program Files\dotnet\sdk\10.0.200-preview.0.26103.119\Sdks\Microsoft.NET.Sdk\targets\Microsoft.NET.Sdk.targets(220,5): message :     " (previous value: "
       C:\Program Files\dotnet\sdk\10.0.200-preview.0.26103.119\Sdks\Microsoft.NET.Sdk\targets\Microsoft.NET.Sdk.targets(220,5): message :       BeforeRebuild;
       C:\Program Files\dotnet\sdk\10.0.200-preview.0.26103.119\Sdks\Microsoft.NET.Sdk\targets\Microsoft.NET.Sdk.targets(220,5): message :       Clean;
       C:\Program Files\dotnet\sdk\10.0.200-preview.0.26103.119\Sdks\Microsoft.NET.Sdk\targets\Microsoft.NET.Sdk.targets(220,5): message :       Build;
       C:\Program Files\dotnet\sdk\10.0.200-preview.0.26103.119\Sdks\Microsoft.NET.Sdk\targets\Microsoft.NET.Sdk.targets(220,5): message :       AfterRebuild;
       C:\Program Files\dotnet\sdk\10.0.200-preview.0.26103.119\Sdks\Microsoft.NET.Sdk\targets\Microsoft.NET.Sdk.targets(220,5): message :     ") at C:\Program Files\dotnet\sdk\10.0.200-preview.0.26103.119\Sdks\Microsoft.NET.Sdk\targets\Microsoft.NET.Sdk.targets (220,5)
       C:\Program Files\dotnet\sdk\10.0.200-preview.0.26103.119\Sdks\Microsoft.NET.Sdk\targets\Microsoft.NET.Sdk.targets(799,5): message : Property reassignment: $(CompileDependsOn)="
       C:\Program Files\dotnet\sdk\10.0.200-preview.0.26103.119\Sdks\Microsoft.NET.Sdk\targets\Microsoft.NET.Sdk.targets(799,5): message :       
       C:\Program Files\dotnet\sdk\10.0.200-preview.0.26103.119\Sdks\Microsoft.NET.Sdk\targets\Microsoft.NET.Sdk.targets(799,5): message :       ResolveReferences;
       C:\Program Files\dotnet\sdk\10.0.200-preview.0.26103.119\Sdks\Microsoft.NET.Sdk\targets\Microsoft.NET.Sdk.targets(799,5): message :       ResolveKeySource;
       C:\Program Files\dotnet\sdk\10.0.200-preview.0.26103.119\Sdks\Microsoft.NET.Sdk\targets\Microsoft.NET.Sdk.targets(799,5): message :       SetWin32ManifestProperties;
       C:\Program Files\dotnet\sdk\10.0.200-preview.0.26103.119\Sdks\Microsoft.NET.Sdk\targets\Microsoft.NET.Sdk.targets(799,5): message :       _SetPreferNativeArm64Win32ManifestProperties;
       C:\Program Files\dotnet\sdk\10.0.200-preview.0.26103.119\Sdks\Microsoft.NET.Sdk\targets\Microsoft.NET.Sdk.targets(799,5): message :       FindReferenceAssembliesForReferences;
       C:\Program Files\dotnet\sdk\10.0.200-preview.0.26103.119\Sdks\Microsoft.NET.Sdk\targets\Microsoft.NET.Sdk.targets(799,5): message :       _GenerateCompileInputs;
       C:\Program Files\dotnet\sdk\10.0.200-preview.0.26103.119\Sdks\Microsoft.NET.Sdk\targets\Microsoft.NET.Sdk.targets(799,5): message :       BeforeCompile;
       C:\Program Files\dotnet\sdk\10.0.200-preview.0.26103.119\Sdks\Microsoft.NET.Sdk\targets\Microsoft.NET.Sdk.targets(799,5): message :       _TimeStampBeforeCompile;
       C:\Program Files\dotnet\sdk\10.0.200-preview.0.26103.119\Sdks\Microsoft.NET.Sdk\targets\Microsoft.NET.Sdk.targets(799,5): message :       _GenerateCompileDependencyCache;
       C:\Program Files\dotnet\sdk\10.0.200-preview.0.26103.119\Sdks\Microsoft.NET.Sdk\targets\Microsoft.NET.Sdk.targets(799,5): message :       CoreCompile;
       C:\Program Files\dotnet\sdk\10.0.200-preview.0.26103.119\Sdks\Microsoft.NET.Sdk\targets\Microsoft.NET.Sdk.targets(799,5): message :       _TimeStampAfterCompile;
       C:\Program Files\dotnet\sdk\10.0.200-preview.0.26103.119\Sdks\Microsoft.NET.Sdk\targets\Microsoft.NET.Sdk.targets(799,5): message :       AfterCompile;
       C:\Program Files\dotnet\sdk\10.0.200-preview.0.26103.119\Sdks\Microsoft.NET.Sdk\targets\Microsoft.NET.Sdk.targets(799,5): message :     ;
       C:\Program Files\dotnet\sdk\10.0.200-preview.0.26103.119\Sdks\Microsoft.NET.Sdk\targets\Microsoft.NET.Sdk.targets(799,5): message :       _CreateAppHost;
       C:\Program Files\dotnet\sdk\10.0.200-preview.0.26103.119\Sdks\Microsoft.NET.Sdk\targets\Microsoft.NET.Sdk.targets(799,5): message :       _CreateComHost;
       C:\Program Files\dotnet\sdk\10.0.200-preview.0.26103.119\Sdks\Microsoft.NET.Sdk\targets\Microsoft.NET.Sdk.targets(799,5): message :       _GetIjwHostPaths;
       C:\Program Files\dotnet\sdk\10.0.200-preview.0.26103.119\Sdks\Microsoft.NET.Sdk\targets\Microsoft.NET.Sdk.targets(799,5): message :     " (previous value: "
       C:\Program Files\dotnet\sdk\10.0.200-preview.0.26103.119\Sdks\Microsoft.NET.Sdk\targets\Microsoft.NET.Sdk.targets(799,5): message :       ResolveReferences;
       C:\Program Files\dotnet\sdk\10.0.200-preview.0.26103.119\Sdks\Microsoft.NET.Sdk\targets\Microsoft.NET.Sdk.targets(799,5): message :       ResolveKeySource;
       C:\Program Files\dotnet\sdk\10.0.200-preview.0.26103.119\Sdks\Microsoft.NET.Sdk\targets\Microsoft.NET.Sdk.targets(799,5): message :       SetWin32ManifestProperties;
       C:\Program Files\dotnet\sdk\10.0.200-preview.0.26103.119\Sdks\Microsoft.NET.Sdk\targets\Microsoft.NET.Sdk.targets(799,5): message :       _SetPreferNativeArm64Win32ManifestProperties;
       C:\Program Files\dotnet\sdk\10.0.200-preview.0.26103.119\Sdks\Microsoft.NET.Sdk\targets\Microsoft.NET.Sdk.targets(799,5): message :       FindReferenceAssembliesForReferences;
       C:\Program Files\dotnet\sdk\10.0.200-preview.0.26103.119\Sdks\Microsoft.NET.Sdk\targets\Microsoft.NET.Sdk.targets(799,5): message :       _GenerateCompileInputs;
       C:\Program Files\dotnet\sdk\10.0.200-preview.0.26103.119\Sdks\Microsoft.NET.Sdk\targets\Microsoft.NET.Sdk.targets(799,5): message :       BeforeCompile;
       C:\Program Files\dotnet\sdk\10.0.200-preview.0.26103.119\Sdks\Microsoft.NET.Sdk\targets\Microsoft.NET.Sdk.targets(799,5): message :       _TimeStampBeforeCompile;
       C:\Program Files\dotnet\sdk\10.0.200-preview.0.26103.119\Sdks\Microsoft.NET.Sdk\targets\Microsoft.NET.Sdk.targets(799,5): message :       _GenerateCompileDependencyCache;
       C:\Program Files\dotnet\sdk\10.0.200-preview.0.26103.119\Sdks\Microsoft.NET.Sdk\targets\Microsoft.NET.Sdk.targets(799,5): message :       CoreCompile;
       C:\Program Files\dotnet\sdk\10.0.200-preview.0.26103.119\Sdks\Microsoft.NET.Sdk\targets\Microsoft.NET.Sdk.targets(799,5): message :       _TimeStampAfterCompile;
       C:\Program Files\dotnet\sdk\10.0.200-preview.0.26103.119\Sdks\Microsoft.NET.Sdk\targets\Microsoft.NET.Sdk.targets(799,5): message :       AfterCompile;
       C:\Program Files\dotnet\sdk\10.0.200-preview.0.26103.119\Sdks\Microsoft.NET.Sdk\targets\Microsoft.NET.Sdk.targets(799,5): message :     ") at C:\Program Files\dotnet\sdk\10.0.200-preview.0.26103.119\Sdks\Microsoft.NET.Sdk\targets\Microsoft.NET.Sdk.targets (799,5)
       C:\Program Files\dotnet\sdk\10.0.200-preview.0.26103.119\Sdks\Microsoft.NET.Sdk\targets\Microsoft.NET.Sdk.targets(1131,5): message : Property reassignment: $(CreateSatelliteAssembliesDependsOn)="
       C:\Program Files\dotnet\sdk\10.0.200-preview.0.26103.119\Sdks\Microsoft.NET.Sdk\targets\Microsoft.NET.Sdk.targets(1131,5): message :       
       C:\Program Files\dotnet\sdk\10.0.200-preview.0.26103.119\Sdks\Microsoft.NET.Sdk\targets\Microsoft.NET.Sdk.targets(1131,5): message :       ;
       C:\Program Files\dotnet\sdk\10.0.200-preview.0.26103.119\Sdks\Microsoft.NET.Sdk\targets\Microsoft.NET.Sdk.targets(1131,5): message :       _GenerateSatelliteAssemblyInputs;
       C:\Program Files\dotnet\sdk\10.0.200-preview.0.26103.119\Sdks\Microsoft.NET.Sdk\targets\Microsoft.NET.Sdk.targets(1131,5): message :       ComputeIntermediateSatelliteAssemblies;
       C:\Program Files\dotnet\sdk\10.0.200-preview.0.26103.119\Sdks\Microsoft.NET.Sdk\targets\Microsoft.NET.Sdk.targets(1131,5): message :       GenerateSatelliteAssemblies
       C:\Program Files\dotnet\sdk\10.0.200-preview.0.26103.119\Sdks\Microsoft.NET.Sdk\targets\Microsoft.NET.Sdk.targets(1131,5): message :     ;
       C:\Program Files\dotnet\sdk\10.0.200-preview.0.26103.119\Sdks\Microsoft.NET.Sdk\targets\Microsoft.NET.Sdk.targets(1131,5): message :       CoreGenerateSatelliteAssemblies
       C:\Program Files\dotnet\sdk\10.0.200-preview.0.26103.119\Sdks\Microsoft.NET.Sdk\targets\Microsoft.NET.Sdk.targets(1131,5): message :     " (previous value: "
       C:\Program Files\dotnet\sdk\10.0.200-preview.0.26103.119\Sdks\Microsoft.NET.Sdk\targets\Microsoft.NET.Sdk.targets(1131,5): message :       ;
       C:\Program Files\dotnet\sdk\10.0.200-preview.0.26103.119\Sdks\Microsoft.NET.Sdk\targets\Microsoft.NET.Sdk.targets(1131,5): message :       _GenerateSatelliteAssemblyInputs;
       C:\Program Files\dotnet\sdk\10.0.200-preview.0.26103.119\Sdks\Microsoft.NET.Sdk\targets\Microsoft.NET.Sdk.targets(1131,5): message :       ComputeIntermediateSatelliteAssemblies;
       C:\Program Files\dotnet\sdk\10.0.200-preview.0.26103.119\Sdks\Microsoft.NET.Sdk\targets\Microsoft.NET.Sdk.targets(1131,5): message :       GenerateSatelliteAssemblies
       C:\Program Files\dotnet\sdk\10.0.200-preview.0.26103.119\Sdks\Microsoft.NET.Sdk\targets\Microsoft.NET.Sdk.targets(1131,5): message :     ") at C:\Program Files\dotnet\sdk\10.0.200-preview.0.26103.119\Sdks\Microsoft.NET.Sdk\targets\Microsoft.NET.Sdk.targets (1131,5)
       C:\Program Files\dotnet\sdk\10.0.200-preview.0.26103.119\Sdks\Microsoft.SourceLink.GitLab\build\Microsoft.SourceLink.GitLab.targets(12,5): message : Property reassignment: $(SourceLinkUrlInitializerTargets)=";_InitializeGitHubSourceLinkUrl;_InitializeGitLabSourceLinkUrl" (previous value: ";_InitializeGitHubSourceLinkUrl") at C:\Program Files\dotnet\sdk\10.0.200-preview.0.26103.119\Sdks\Microsoft.SourceLink.GitLab\build\Microsoft.SourceLink.GitLab.targets (12,5)
       C:\Program Files\dotnet\sdk\10.0.200-preview.0.26103.119\Sdks\Microsoft.SourceLink.GitLab\build\Microsoft.SourceLink.GitLab.targets(13,5): message : Property reassignment: $(SourceControlManagerUrlTranslationTargets)=";TranslateGitHubUrlsInSourceControlInformation;TranslateGitLabUrlsInSourceControlInformation" (previous value: ";TranslateGitHubUrlsInSourceControlInformation") at C:\Program Files\dotnet\sdk\10.0.200-preview.0.26103.119\Sdks\Microsoft.SourceLink.GitLab\build\Microsoft.SourceLink.GitLab.targets (13,5)
       C:\Program Files\dotnet\sdk\10.0.200-preview.0.26103.119\Sdks\Microsoft.SourceLink.AzureRepos.Git\build\Microsoft.SourceLink.AzureRepos.Git.targets(12,5): message : Property reassignment: $(SourceLinkUrlInitializerTargets)=";_InitializeGitHubSourceLinkUrl;_InitializeGitLabSourceLinkUrl;_InitializeAzureReposGitSourceLinkUrl" (previous value: ";_InitializeGitHubSourceLinkUrl;_InitializeGitLabSourceLinkUrl") at C:\Program Files\dotnet\sdk\10.0.200-preview.0.26103.119\Sdks\Microsoft.SourceLink.AzureRepos.Git\build\Microsoft.SourceLink.AzureRepos.Git.targets (12,5)
       C:\Program Files\dotnet\sdk\10.0.200-preview.0.26103.119\Sdks\Microsoft.SourceLink.AzureRepos.Git\build\Microsoft.SourceLink.AzureRepos.Git.targets(13,5): message : Property reassignment: $(SourceControlManagerUrlTranslationTargets)=";TranslateGitHubUrlsInSourceControlInformation;TranslateGitLabUrlsInSourceControlInformation;TranslateAzureReposGitUrlsInSourceControlInformation" (previous value: ";TranslateGitHubUrlsInSourceControlInformation;TranslateGitLabUrlsInSourceControlInformation") at C:\Program Files\dotnet\sdk\10.0.200-preview.0.26103.119\Sdks\Microsoft.SourceLink.AzureRepos.Git\build\Microsoft.SourceLink.AzureRepos.Git.targets (13,5)
       C:\Program Files\dotnet\sdk\10.0.200-preview.0.26103.119\Sdks\Microsoft.SourceLink.Bitbucket.Git\build\Microsoft.SourceLink.Bitbucket.Git.targets(12,5): message : Property reassignment: $(SourceLinkUrlInitializerTargets)=";_InitializeGitHubSourceLinkUrl;_InitializeGitLabSourceLinkUrl;_InitializeAzureReposGitSourceLinkUrl;_InitializeBitbucketGitSourceLinkUrl" (previous value: ";_InitializeGitHubSourceLinkUrl;_InitializeGitLabSourceLinkUrl;_InitializeAzureReposGitSourceLinkUrl") at C:\Program Files\dotnet\sdk\10.0.200-preview.0.26103.119\Sdks\Microsoft.SourceLink.Bitbucket.Git\build\Microsoft.SourceLink.Bitbucket.Git.targets (12,5)
       C:\Program Files\dotnet\sdk\10.0.200-preview.0.26103.119\Sdks\Microsoft.SourceLink.Bitbucket.Git\build\Microsoft.SourceLink.Bitbucket.Git.targets(13,5): message : Property reassignment: $(SourceControlManagerUrlTranslationTargets)=";TranslateGitHubUrlsInSourceControlInformation;TranslateGitLabUrlsInSourceControlInformation;TranslateAzureReposGitUrlsInSourceControlInformation;TranslateBitbucketGitUrlsInSourceControlInformation" (previous value: ";TranslateGitHubUrlsInSourceControlInformation;TranslateGitLabUrlsInSourceControlInformation;TranslateAzureReposGitUrlsInSourceControlInformation") at C:\Program Files\dotnet\sdk\10.0.200-preview.0.26103.119\Sdks\Microsoft.SourceLink.Bitbucket.Git\build\Microsoft.SourceLink.Bitbucket.Git.targets (13,5)
       C:\Program Files\dotnet\sdk\10.0.200-preview.0.26103.119\Sdks\Microsoft.NET.Sdk\targets\Microsoft.NET.DesignerSupport.targets(21,5): message : Property reassignment: $(DesignerRuntimeImplementationProjectOutputGroupDependsOn)="
       C:\Program Files\dotnet\sdk\10.0.200-preview.0.26103.119\Sdks\Microsoft.NET.Sdk\targets\Microsoft.NET.DesignerSupport.targets(21,5): message :       
       C:\Program Files\dotnet\sdk\10.0.200-preview.0.26103.119\Sdks\Microsoft.NET.Sdk\targets\Microsoft.NET.DesignerSupport.targets(21,5): message :       ;
       C:\Program Files\dotnet\sdk\10.0.200-preview.0.26103.119\Sdks\Microsoft.NET.Sdk\targets\Microsoft.NET.DesignerSupport.targets(21,5): message :       
       C:\Program Files\dotnet\sdk\10.0.200-preview.0.26103.119\Sdks\Microsoft.NET.Sdk\targets\Microsoft.NET.DesignerSupport.targets(21,5): message :       ;
       C:\Program Files\dotnet\sdk\10.0.200-preview.0.26103.119\Sdks\Microsoft.NET.Sdk\targets\Microsoft.NET.DesignerSupport.targets(21,5): message :       BuildOnlySettings;
       C:\Program Files\dotnet\sdk\10.0.200-preview.0.26103.119\Sdks\Microsoft.NET.Sdk\targets\Microsoft.NET.DesignerSupport.targets(21,5): message :       PrepareForBuild;
       C:\Program Files\dotnet\sdk\10.0.200-preview.0.26103.119\Sdks\Microsoft.NET.Sdk\targets\Microsoft.NET.DesignerSupport.targets(21,5): message :       AssignTargetPaths;
       C:\Program Files\dotnet\sdk\10.0.200-preview.0.26103.119\Sdks\Microsoft.NET.Sdk\targets\Microsoft.NET.DesignerSupport.targets(21,5): message :       ResolveReferences
       C:\Program Files\dotnet\sdk\10.0.200-preview.0.26103.119\Sdks\Microsoft.NET.Sdk\targets\Microsoft.NET.DesignerSupport.targets(21,5): message :     
       C:\Program Files\dotnet\sdk\10.0.200-preview.0.26103.119\Sdks\Microsoft.NET.Sdk\targets\Microsoft.NET.DesignerSupport.targets(21,5): message :     ;
       C:\Program Files\dotnet\sdk\10.0.200-preview.0.26103.119\Sdks\Microsoft.NET.Sdk\targets\Microsoft.NET.DesignerSupport.targets(21,5): message :       _GenerateDesignerDepsFile;
       C:\Program Files\dotnet\sdk\10.0.200-preview.0.26103.119\Sdks\Microsoft.NET.Sdk\targets\Microsoft.NET.DesignerSupport.targets(21,5): message :       _GenerateDesignerRuntimeConfigFile;
       C:\Program Files\dotnet\sdk\10.0.200-preview.0.26103.119\Sdks\Microsoft.NET.Sdk\targets\Microsoft.NET.DesignerSupport.targets(21,5): message :       GetCopyToOutputDirectoryItems;
       C:\Program Files\dotnet\sdk\10.0.200-preview.0.26103.119\Sdks\Microsoft.NET.Sdk\targets\Microsoft.NET.DesignerSupport.targets(21,5): message :       _GatherDesignerShadowCopyFiles;
       C:\Program Files\dotnet\sdk\10.0.200-preview.0.26103.119\Sdks\Microsoft.NET.Sdk\targets\Microsoft.NET.DesignerSupport.targets(21,5): message :     " (previous value: "
       C:\Program Files\dotnet\sdk\10.0.200-preview.0.26103.119\Sdks\Microsoft.NET.Sdk\targets\Microsoft.NET.DesignerSupport.targets(21,5): message :       ;
       C:\Program Files\dotnet\sdk\10.0.200-preview.0.26103.119\Sdks\Microsoft.NET.Sdk\targets\Microsoft.NET.DesignerSupport.targets(21,5): message :       
       C:\Program Files\dotnet\sdk\10.0.200-preview.0.26103.119\Sdks\Microsoft.NET.Sdk\targets\Microsoft.NET.DesignerSupport.targets(21,5): message :       ;
       C:\Program Files\dotnet\sdk\10.0.200-preview.0.26103.119\Sdks\Microsoft.NET.Sdk\targets\Microsoft.NET.DesignerSupport.targets(21,5): message :       BuildOnlySettings;
       C:\Program Files\dotnet\sdk\10.0.200-preview.0.26103.119\Sdks\Microsoft.NET.Sdk\targets\Microsoft.NET.DesignerSupport.targets(21,5): message :       PrepareForBuild;
       C:\Program Files\dotnet\sdk\10.0.200-preview.0.26103.119\Sdks\Microsoft.NET.Sdk\targets\Microsoft.NET.DesignerSupport.targets(21,5): message :       AssignTargetPaths;
       C:\Program Files\dotnet\sdk\10.0.200-preview.0.26103.119\Sdks\Microsoft.NET.Sdk\targets\Microsoft.NET.DesignerSupport.targets(21,5): message :       ResolveReferences
       C:\Program Files\dotnet\sdk\10.0.200-preview.0.26103.119\Sdks\Microsoft.NET.Sdk\targets\Microsoft.NET.DesignerSupport.targets(21,5): message :     
       C:\Program Files\dotnet\sdk\10.0.200-preview.0.26103.119\Sdks\Microsoft.NET.Sdk\targets\Microsoft.NET.DesignerSupport.targets(21,5): message :     ") at C:\Program Files\dotnet\sdk\10.0.200-preview.0.26103.119\Sdks\Microsoft.NET.Sdk\targets\Microsoft.NET.DesignerSupport.targets (21,5)
       C:\Program Files\dotnet\sdk\10.0.200-preview.0.26103.119\Sdks\Microsoft.NET.Sdk\targets\Microsoft.NET.Sdk.CSharp.targets(31,5): message : Property reassignment: $(DefineConstants)="TRACE;MICROSOFT_WINDOWSAPPSDK_BOOTSTRAP_AUTO_INITIALIZE;MICROSOFT_WINDOWSAPPSDK_AUTOINITIALIZE_BOOTSTRAP;DEBUG" (previous value: "TRACE;MICROSOFT_WINDOWSAPPSDK_BOOTSTRAP_AUTO_INITIALIZE;MICROSOFT_WINDOWSAPPSDK_AUTOINITIALIZE_BOOTSTRAP") at C:\Program Files\dotnet\sdk\10.0.200-preview.0.26103.119\Sdks\Microsoft.NET.Sdk\targets\Microsoft.NET.Sdk.CSharp.targets (31,5)
       C:\Program Files\dotnet\sdk\10.0.200-preview.0.26103.119\Sdks\Microsoft.NET.Sdk\targets\Microsoft.NET.Sdk.CSharp.targets(45,5): message : Property reassignment: $(WarningsAsErrors)=";NU1605;SYSLIB0011" (previous value: ";NU1605") at C:\Program Files\dotnet\sdk\10.0.200-preview.0.26103.119\Sdks\Microsoft.NET.Sdk\targets\Microsoft.NET.Sdk.CSharp.targets (45,5)
       C:\Program Files\dotnet\sdk\10.0.200-preview.0.26103.119\Sdks\Microsoft.NET.Sdk\targets\Microsoft.NET.Windows.targets(239,5): message : Property reassignment: $(_RunCsWinRTGeneratorPropertyInputsCachePath)="D:\ChatmeLast\windows\ChatmeWindows\obj\x64\Debug\net10.0-windows10.0.19041.0\win-x64\ChatmeWindows.cswinrtgen.cache" (previous value: "obj\x64\Debug\net10.0-windows10.0.19041.0\win-x64\ChatmeWindows.cswinrtgen.cache") at C:\Program Files\dotnet\sdk\10.0.200-preview.0.26103.119\Sdks\Microsoft.NET.Sdk\targets\Microsoft.NET.Windows.targets (239,5)
       C:\Program Files\dotnet\sdk\10.0.200-preview.0.26103.119\NuGet.Build.Tasks.Pack.targets(34,5): message : Property reassignment: $(PackageDescription)="Package Description" (previous value: "") at C:\Program Files\dotnet\sdk\10.0.200-preview.0.26103.119\NuGet.Build.Tasks.Pack.targets (34,5)
       C:\Program Files\dotnet\sdk\10.0.200-preview.0.26103.119\NuGet.Build.Tasks.Pack.targets(59,5): message : Property reassignment: $(GenerateNuspecDependsOn)="Build;_LoadPackInputItems; _GetTargetFrameworksOutput; _WalkEachTargetPerFramework; _GetPackageFiles; " (previous value: "_LoadPackInputItems; _GetTargetFrameworksOutput; _WalkEachTargetPerFramework; _GetPackageFiles; ") at C:\Program Files\dotnet\sdk\10.0.200-preview.0.26103.119\NuGet.Build.Tasks.Pack.targets (59,5)
       C:\Program Files\dotnet\sdk\10.0.200-preview.0.26103.119\Sdks\Microsoft.NET.Sdk\Sdk\Sdk.targets(59,5): message : Property reassignment: $(_IsNotSetContainersTargetsDir)="true" (previous value: "false") at C:\Program Files\dotnet\sdk\10.0.200-preview.0.26103.119\Sdks\Microsoft.NET.Sdk\Sdk\Sdk.targets (59,5)
       C:\Program Files\dotnet\sdk\10.0.200-preview.0.26103.119\Containers\build\Microsoft.NET.Build.Containers.targets(5,5): message : Property reassignment: $(_IsSDKContainerAllowedVersion)="true" (previous value: "false") at C:\Program Files\dotnet\sdk\10.0.200-preview.0.26103.119\Containers\build\Microsoft.NET.Build.Containers.targets (5,5)
       C:\Program Files\dotnet\sdk\10.0.200-preview.0.26103.119\Containers\build\Microsoft.NET.Build.Containers.targets(15,5): message : Property reassignment: $(_ContainerIsTargetingNet8TFM)="true" (previous value: "false") at C:\Program Files\dotnet\sdk\10.0.200-preview.0.26103.119\Containers\build\Microsoft.NET.Build.Containers.targets (15,5)
       C:\Program Files\dotnet\sdk\10.0.200-preview.0.26103.119\Containers\build\Microsoft.NET.Build.Containers.targets(17,5): message : Property reassignment: $(_ContainerIsSelfContained)="true" (previous value: "false") at C:\Program Files\dotnet\sdk\10.0.200-preview.0.26103.119\Containers\build\Microsoft.NET.Build.Containers.targets (17,5)
       Overriding target "Publish" in project "C:\Program Files\dotnet\sdk\10.0.200-preview.0.26103.119\Microsoft.Common.CurrentVersion.targets" with target "Publish" from project "C:\Users\ShShohruz\.nuget\packages\microsoft.windows.sdk.buildtools.msix\1.7.20250829.1\build\Microsoft.Windows.SDK.BuildTools.MSIX.MrtCore.PriGen.targets".
       Overriding target "ResolveFrameworkReferences" in project "C:\Program Files\dotnet\sdk\10.0.200-preview.0.26103.119\Microsoft.Common.CurrentVersion.targets" with target "ResolveFrameworkReferences" from project "C:\Program Files\dotnet\sdk\10.0.200-preview.0.26103.119\Sdks\Microsoft.NET.Sdk\targets\Microsoft.NET.Sdk.FrameworkReferenceResolution.targets".
       Overriding target "GenerateSupportedTargetFrameworkAlias" in project "C:\Program Files\dotnet\sdk\10.0.200-preview.0.26103.119\Microsoft.Common.CurrentVersion.targets" with target "GenerateSupportedTargetFrameworkAlias" from project "C:\Program Files\dotnet\sdk\10.0.200-preview.0.26103.119\Sdks\Microsoft.NET.Sdk\targets\Microsoft.NET.Sdk.targets".
       Overriding target "GetReferenceAssemblyPaths" in project "C:\Program Files\dotnet\sdk\10.0.200-preview.0.26103.119\Microsoft.Common.CurrentVersion.targets" with target "GetReferenceAssemblyPaths" from project "C:\Program Files\dotnet\sdk\10.0.200-preview.0.26103.119\Sdks\Microsoft.NET.Sdk\targets\Microsoft.NET.DisableStandardFrameworkResolution.targets".
       Overriding target "GetFrameworkPaths" in project "C:\Program Files\dotnet\sdk\10.0.200-preview.0.26103.119\Microsoft.Common.CurrentVersion.targets" with target "GetFrameworkPaths" from project "C:\Program Files\dotnet\sdk\10.0.200-preview.0.26103.119\Sdks\Microsoft.NET.Sdk\targets\Microsoft.NET.DisableStandardFrameworkResolution.targets".
       Overriding target "DesignerRuntimeImplementationProjectOutputGroup" in project "C:\Program Files\dotnet\sdk\10.0.200-preview.0.26103.119\Microsoft.Common.CurrentVersion.targets" with target "DesignerRuntimeImplementationProjectOutputGroup" from project "C:\Program Files\dotnet\sdk\10.0.200-preview.0.26103.119\Sdks\Microsoft.NET.Sdk\targets\Microsoft.NET.DesignerSupport.targets".
       Overriding target "Publish" in project "C:\Users\ShShohruz\.nuget\packages\microsoft.windows.sdk.buildtools.msix\1.7.20250829.1\build\Microsoft.Windows.SDK.BuildTools.MSIX.MrtCore.PriGen.targets" with target "Publish" from project "C:\Program Files\dotnet\sdk\10.0.200-preview.0.26103.119\Sdks\Microsoft.NET.Sdk\targets\Microsoft.NET.Publish.targets".
       Overriding target "ResolveReadyToRunCompilers" in project "C:\Program Files\dotnet\sdk\10.0.200-preview.0.26103.119\Sdks\Microsoft.NET.Sdk\targets\Microsoft.NET.CrossGen.targets" with target "ResolveReadyToRunCompilers" from project "C:\Program Files\dotnet\sdk\10.0.200-preview.0.26103.119\Sdks\Microsoft.NET.Sdk\targets\Microsoft.NET.Publish.targets".
       Overriding target "GetCopyToPublishDirectoryItems" in project "C:\Program Files\dotnet\sdk\10.0.200-preview.0.26103.119\Microsoft.Common.CurrentVersion.targets" with target "GetCopyToPublishDirectoryItems" from project "C:\Program Files\dotnet\sdk\10.0.200-preview.0.26103.119\Sdks\Microsoft.NET.Sdk\targets\Microsoft.NET.Publish.targets".
       Overriding target "Run" in project "C:\Program Files\dotnet\sdk\10.0.200-preview.0.26103.119\Microsoft.Common.CurrentVersion.targets" with target "Run" from project "C:\Program Files\dotnet\sdk\10.0.200-preview.0.26103.119\Sdks\Microsoft.NET.Sdk\targets\Microsoft.NET.Sdk.targets".
       The target "ResolveNuGetPackageAssets" listed in an AfterTargets attribute at "C:\Users\ShShohruz\.nuget\packages\microsoft.extensions.options\10.0.3\buildTransitive\net8.0\Microsoft.Extensions.Options.targets (11,11)" does not exist in the project, and will be ignored.
       The target "ResolveNuGetPackageAssets" listed in an AfterTargets attribute at "C:\Users\ShShohruz\.nuget\packages\microsoft.extensions.options\10.0.3\buildTransitive\net8.0\Microsoft.Extensions.Options.targets (23,11)" does not exist in the project, and will be ignored.
       The target "ResolveNuGetPackageAssets" listed in an AfterTargets attribute at "C:\Users\ShShohruz\.nuget\packages\microsoft.extensions.logging.abstractions\10.0.3\buildTransitive\net8.0\Microsoft.Extensions.Logging.Abstractions.targets (11,11)" does not exist in the project, and will be ignored.
       The target "ResolveNuGetPackageAssets" listed in an AfterTargets attribute at "C:\Users\ShShohruz\.nuget\packages\microsoft.extensions.logging.abstractions\10.0.3\buildTransitive\net8.0\Microsoft.Extensions.Logging.Abstractions.targets (23,11)" does not exist in the project, and will be ignored.
       The target "CollectUpToDateCheckInputDesignTime" listed in a BeforeTargets attribute at "C:\Users\ShShohruz\.nuget\packages\microsoft.windows.sdk.buildtools.msix\1.7.20250829.1\build\Microsoft.Windows.SDK.BuildTools.MSIX.MrtCore.PriGen.targets (1571,103)" does not exist in the project, and will be ignored.
       The target "CollectUpToDateCheckBuiltDesignTime" listed in a BeforeTargets attribute at "C:\Users\ShShohruz\.nuget\packages\microsoft.windows.sdk.buildtools.msix\1.7.20250829.1\build\Microsoft.Windows.SDK.BuildTools.MSIX.MrtCore.PriGen.targets (1615,45)" does not exist in the project, and will be ignored.
       The target "_ConvertItems" listed in a BeforeTargets attribute at "C:\Users\ShShohruz\.nuget\packages\microsoft.windowsappsdk.base\1.8.251216001\buildTransitive\Microsoft.WindowsAppSDK.Base.targets (19,61)" does not exist in the project, and will be ignored.
       The target "_ResolveVCLibDependencies" listed in an AfterTargets attribute at "C:\Users\ShShohruz\.nuget\packages\microsoft.windowsappsdk.base\1.8.251216001\buildTransitive\Microsoft.WindowsAppSDK.Base.targets (19,91)" does not exist in the project, and will be ignored.
       The target "ResolveNuGetPackageAssets" listed in an AfterTargets attribute at "C:\Users\ShShohruz\.nuget\packages\microsoft.windowsappsdk.winui\1.8.260204000\buildTransitive\Microsoft.WinUI.AppX.targets (56,51)" does not exist in the project, and will be ignored.
       The target "_ConvertItems" listed in a BeforeTargets attribute at "C:\Users\ShShohruz\.nuget\packages\microsoft.windowsappsdk.winui\1.8.260204000\buildTransitive\Microsoft.WinUI.AppX.targets (112,7)" does not exist in the project, and will be ignored.
       The target "_ExpandProjectReferences" listed in an AfterTargets attribute at "C:\Users\ShShohruz\.nuget\packages\microsoft.windowsappsdk.winui\1.8.260204000\buildTransitive\Microsoft.WinUI.AppX.targets (113,7)" does not exist in the project, and will be ignored.
   1:2>Project "D:\ChatmeLast\windows\ChatmeWindows\ChatmeWindows.slnx" (1:2) is building "D:\ChatmeLast\windows\ChatmeWindows\ChatmeWindows.csproj" (2:6) on node 1 (default targets).
   2:6>Target "VerifyReferencedWindowsAppSdkComponentVersions" in file "C:\Users\ShShohruz\.nuget\packages\microsoft.windowsappsdk.runtime\1.8.260209005\buildTransitive\Microsoft.WindowsAppSDK.ComponentReference.targets" from project "D:\ChatmeLast\windows\ChatmeWindows\ChatmeWindows.csproj" (entry point):
   2:6>Done building target "VerifyReferencedWindowsAppSdkComponentVersions" in project "ChatmeWindows.csproj".
   2:6>Target "_CollectTargetFrameworkForTelemetry" in file "C:\Program Files\dotnet\sdk\10.0.200-preview.0.26103.119\Sdks\Microsoft.NET.Sdk\targets\Microsoft.NET.TargetFrameworkInference.targets" from project "D:\ChatmeLast\windows\ChatmeWindows\ChatmeWindows.csproj" (target "_CheckForInvalidConfigurationAndPlatform" depends on it):
       Using "AllowEmptyTelemetry" task from assembly "C:\Program Files\dotnet\sdk\10.0.200-preview.0.26103.119\Sdks\Microsoft.NET.Sdk\targets\..\tools\net10.0\Microsoft.NET.Build.Tasks.dll".
       Task "AllowEmptyTelemetry"
       Done executing task "AllowEmptyTelemetry".
   2:6>Done building target "_CollectTargetFrameworkForTelemetry" in project "ChatmeWindows.csproj".
   2:6>Target "_CheckForUnsupportedTargetPlatformIdentifier" in file "C:\Program Files\dotnet\sdk\10.0.200-preview.0.26103.119\Sdks\Microsoft.NET.Sdk\targets\Microsoft.NET.TargetFrameworkInference.targets" from project "D:\ChatmeLast\windows\ChatmeWindows\ChatmeWindows.csproj" (target "_CheckForInvalidConfigurationAndPlatform" depends on it):
   2:6>Done building target "_CheckForUnsupportedTargetPlatformIdentifier" in project "ChatmeWindows.csproj".
   2:6>Target "_CheckForUnsupportedNETCoreVersion" in file "C:\Program Files\dotnet\sdk\10.0.200-preview.0.26103.119\Sdks\Microsoft.NET.Sdk\targets\Microsoft.NET.TargetFrameworkInference.targets" from project "D:\ChatmeLast\windows\ChatmeWindows\ChatmeWindows.csproj" (target "_CheckForInvalidConfigurationAndPlatform" depends on it):
   2:6>Done building target "_CheckForUnsupportedNETCoreVersion" in project "ChatmeWindows.csproj".
   2:6>Target "_CheckForUnsupportedCppNETCoreVersion" in file "C:\Program Files\dotnet\sdk\10.0.200-preview.0.26103.119\Sdks\Microsoft.NET.Sdk\targets\Microsoft.NET.TargetFrameworkInference.targets" from project "D:\ChatmeLast\windows\ChatmeWindows\ChatmeWindows.csproj" (target "_CheckForInvalidConfigurationAndPlatform" depends on it):
   2:6>Done building target "_CheckForUnsupportedCppNETCoreVersion" in project "ChatmeWindows.csproj".
   2:6>Target "_CheckForSupportedOSPlatformVersionHigherThanTargetPlatformVersion" in file "C:\Program Files\dotnet\sdk\10.0.200-preview.0.26103.119\Sdks\Microsoft.NET.Sdk\targets\Microsoft.NET.TargetFrameworkInference.targets" from project "D:\ChatmeLast\windows\ChatmeWindows\ChatmeWindows.csproj" (target "_CheckForInvalidConfigurationAndPlatform" depends on it):
   2:6>Done building target "_CheckForSupportedOSPlatformVersionHigherThanTargetPlatformVersion" in project "ChatmeWindows.csproj".
   2:6>Target "_NormalizeTargetPlatformVersion" in file "C:\Program Files\dotnet\sdk\10.0.200-preview.0.26103.119\Sdks\Microsoft.NET.Sdk\targets\Microsoft.NET.TargetFrameworkInference.targets" from project "D:\ChatmeLast\windows\ChatmeWindows\ChatmeWindows.csproj" (target "_CheckForInvalidTargetPlatformVersion" depends on it):
   2:6>Done building target "_NormalizeTargetPlatformVersion" in project "ChatmeWindows.csproj".
   2:6>Target "_CheckForInvalidTargetPlatformVersion" in file "C:\Program Files\dotnet\sdk\10.0.200-preview.0.26103.119\Sdks\Microsoft.NET.Sdk\targets\Microsoft.NET.TargetFrameworkInference.targets" from project "D:\ChatmeLast\windows\ChatmeWindows\ChatmeWindows.csproj" (target "_CheckForInvalidConfigurationAndPlatform" depends on it):
   2:6>Done building target "_CheckForInvalidTargetPlatformVersion" in project "ChatmeWindows.csproj".
   2:6>Target "_CheckForUnsupportedArtifactsPath" in file "C:\Program Files\dotnet\sdk\10.0.200-preview.0.26103.119\Sdks\Microsoft.NET.Sdk\targets\Microsoft.NET.DefaultOutputPaths.targets" from project "D:\ChatmeLast\windows\ChatmeWindows\ChatmeWindows.csproj" (target "_CheckForInvalidConfigurationAndPlatform" depends on it):
   2:6>Done building target "_CheckForUnsupportedArtifactsPath" in project "ChatmeWindows.csproj".
   2:6>Target "_CheckRIDAsserts" in file "C:\Program Files\dotnet\sdk\10.0.200-preview.0.26103.119\Sdks\Microsoft.NET.Sdk\targets\Microsoft.NET.RuntimeIdentifierInference.targets" from project "D:\ChatmeLast\windows\ChatmeWindows\ChatmeWindows.csproj" (target "_CheckForUnsupportedAppHostUsage" depends on it):
   2:6>Done building target "_CheckRIDAsserts" in project "ChatmeWindows.csproj".
   2:6>Target "_CheckForUnsupportedAppHostUsage" in file "C:\Program Files\dotnet\sdk\10.0.200-preview.0.26103.119\Sdks\Microsoft.NET.Sdk\targets\Microsoft.NET.RuntimeIdentifierInference.targets" from project "D:\ChatmeLast\windows\ChatmeWindows\ChatmeWindows.csproj" (target "_CheckForInvalidConfigurationAndPlatform" depends on it):
   2:6>Done building target "_CheckForUnsupportedAppHostUsage" in project "ChatmeWindows.csproj".
   2:6>Target "_CheckForUnsupportedHostingUsage" in file "C:\Program Files\dotnet\sdk\10.0.200-preview.0.26103.119\Sdks\Microsoft.NET.Sdk\targets\Microsoft.NET.RuntimeIdentifierInference.targets" from project "D:\ChatmeLast\windows\ChatmeWindows\ChatmeWindows.csproj" (target "_CheckForInvalidConfigurationAndPlatform" depends on it):
   2:6>Done building target "_CheckForUnsupportedHostingUsage" in project "ChatmeWindows.csproj".
   2:6>Target "_CheckAndUnsetUnsupportedPrefer32Bit" in file "C:\Program Files\dotnet\sdk\10.0.200-preview.0.26103.119\Sdks\Microsoft.NET.Sdk\targets\Microsoft.NET.RuntimeIdentifierInference.targets" from project "D:\ChatmeLast\windows\ChatmeWindows\ChatmeWindows.csproj" (target "_CheckForInvalidConfigurationAndPlatform" depends on it):
   2:6>Done building target "_CheckAndUnsetUnsupportedPrefer32Bit" in project "ChatmeWindows.csproj".
   2:6>Target "_CheckForMismatchingPlatform" in file "C:\Program Files\dotnet\sdk\10.0.200-preview.0.26103.119\Sdks\Microsoft.NET.Sdk\targets\Microsoft.NET.RuntimeIdentifierInference.targets" from project "D:\ChatmeLast\windows\ChatmeWindows\ChatmeWindows.csproj" (target "_CheckForInvalidConfigurationAndPlatform" depends on it):
   2:6>Done building target "_CheckForMismatchingPlatform" in project "ChatmeWindows.csproj".
   2:6>Target "_CheckForLanguageAndFeatureCombinationSupport" in file "C:\Program Files\dotnet\sdk\10.0.200-preview.0.26103.119\Sdks\Microsoft.NET.Sdk\targets\Microsoft.NET.RuntimeIdentifierInference.targets" from project "D:\ChatmeLast\windows\ChatmeWindows\ChatmeWindows.csproj" (target "_CheckForInvalidConfigurationAndPlatform" depends on it):
   2:6>Done building target "_CheckForLanguageAndFeatureCombinationSupport" in project "ChatmeWindows.csproj".
   2:6>Target "_CheckForNETCoreSdkIsPreview" in file "C:\Program Files\dotnet\sdk\10.0.200-preview.0.26103.119\Sdks\Microsoft.NET.Sdk\targets\Microsoft.NET.RuntimeIdentifierInference.targets" from project "D:\ChatmeLast\windows\ChatmeWindows\ChatmeWindows.csproj" (target "_CheckForInvalidConfigurationAndPlatform" depends on it):
       Using "ShowPreviewMessage" task from assembly "C:\Program Files\dotnet\sdk\10.0.200-preview.0.26103.119\Sdks\Microsoft.NET.Sdk\targets\..\tools\net10.0\Microsoft.NET.Build.Tasks.dll".
       Task "ShowPreviewMessage"
       C:\Program Files\dotnet\sdk\10.0.200-preview.0.26103.119\Sdks\Microsoft.NET.Sdk\targets\Microsoft.NET.RuntimeIdentifierInference.targets(383,5): message NETSDK1057: You are using a preview version of .NET. See: https://aka.ms/dotnet-support-policy [D:\ChatmeLast\windows\ChatmeWindows\ChatmeWindows.csproj]
       Done executing task "ShowPreviewMessage".
   2:6>Done building target "_CheckForNETCoreSdkIsPreview" in project "ChatmeWindows.csproj".
   2:6>Target "UpdateAspNetToFrameworkReference" in file "C:\Program Files\dotnet\sdk\10.0.200-preview.0.26103.119\Sdks\Microsoft.NET.Sdk\targets\Microsoft.NET.Sdk.DefaultItems.Shared.targets" from project "D:\ChatmeLast\windows\ChatmeWindows\ChatmeWindows.csproj" (target "ApplyImplicitVersions" depends on it):
       Using "CheckIfPackageReferenceShouldBeFrameworkReference" task from assembly "C:\Program Files\dotnet\sdk\10.0.200-preview.0.26103.119\Sdks\Microsoft.NET.Sdk\targets\..\tools\net10.0\Microsoft.NET.Build.Tasks.dll".
       Task "CheckIfPackageReferenceShouldBeFrameworkReference"
       Done executing task "CheckIfPackageReferenceShouldBeFrameworkReference".
       Task "CheckIfPackageReferenceShouldBeFrameworkReference"
       Done executing task "CheckIfPackageReferenceShouldBeFrameworkReference".
   2:6>Done building target "UpdateAspNetToFrameworkReference" in project "ChatmeWindows.csproj".
   2:6>Target "CheckForImplicitPackageReferenceOverrides" in file "C:\Program Files\dotnet\sdk\10.0.200-preview.0.26103.119\Sdks\Microsoft.NET.Sdk\targets\Microsoft.NET.Sdk.DefaultItems.Shared.targets" from project "D:\ChatmeLast\windows\ChatmeWindows\ChatmeWindows.csproj" (target "ApplyImplicitVersions" depends on it):
       Using "CheckForImplicitPackageReferenceOverrides" task from assembly "C:\Program Files\dotnet\sdk\10.0.200-preview.0.26103.119\Sdks\Microsoft.NET.Sdk\targets\..\tools\net10.0\Microsoft.NET.Build.Tasks.dll".
       Task "CheckForImplicitPackageReferenceOverrides"
       Done executing task "CheckForImplicitPackageReferenceOverrides".
   2:6>Done building target "CheckForImplicitPackageReferenceOverrides" in project "ChatmeWindows.csproj".
   2:6>Target "ApplyImplicitVersions" in file "C:\Program Files\dotnet\sdk\10.0.200-preview.0.26103.119\Sdks\Microsoft.NET.Sdk\targets\Microsoft.NET.Sdk.DefaultItems.Shared.targets" from project "D:\ChatmeLast\windows\ChatmeWindows\ChatmeWindows.csproj" (target "CollectPackageReferences" depends on it):
       Using "ApplyImplicitVersions" task from assembly "C:\Program Files\dotnet\sdk\10.0.200-preview.0.26103.119\Sdks\Microsoft.NET.Sdk\targets\..\tools\net10.0\Microsoft.NET.Build.Tasks.dll".
       Task "ApplyImplicitVersions"
       Done executing task "ApplyImplicitVersions".
   2:6>Done building target "ApplyImplicitVersions" in project "ChatmeWindows.csproj".
       Target "CheckForImplicitPackageReferenceOverrides" skipped. Previously built successfully.
   2:6>Target "AddWindowsSdkKnownFrameworkReferences" in file "C:\Program Files\dotnet\sdk\10.0.200-preview.0.26103.119\Sdks\Microsoft.NET.Sdk\targets\Microsoft.NET.Sdk.FrameworkReferenceResolution.targets" from project "D:\ChatmeLast\windows\ChatmeWindows\ChatmeWindows.csproj" (target "ProcessFrameworkReferences" depends on it):
       Using "CreateWindowsSdkKnownFrameworkReferences" task from assembly "C:\Program Files\dotnet\sdk\10.0.200-preview.0.26103.119\Sdks\Microsoft.NET.Sdk\targets\..\tools\net10.0\Microsoft.NET.Build.Tasks.dll".
       Task "CreateWindowsSdkKnownFrameworkReferences"
       Done executing task "CreateWindowsSdkKnownFrameworkReferences".
   2:6>Done building target "AddWindowsSdkKnownFrameworkReferences" in project "ChatmeWindows.csproj".
   2:6>Target "_ComputeToolPackInputsToProcessFrameworkReferences" in file "C:\Program Files\dotnet\sdk\10.0.200-preview.0.26103.119\Sdks\Microsoft.NET.Sdk\targets\Microsoft.NET.Publish.targets" from project "D:\ChatmeLast\windows\ChatmeWindows\ChatmeWindows.csproj" (target "ProcessFrameworkReferences" depends on it):
   2:6>Done building target "_ComputeToolPackInputsToProcessFrameworkReferences" in project "ChatmeWindows.csproj".
   2:6>Target "ProcessFrameworkReferences" in file "C:\Program Files\dotnet\sdk\10.0.200-preview.0.26103.119\Sdks\Microsoft.NET.Sdk\targets\Microsoft.NET.Sdk.FrameworkReferenceResolution.targets" from project "D:\ChatmeLast\windows\ChatmeWindows\ChatmeWindows.csproj" (target "CollectPackageReferences" depends on it):
       Using "CheckForDuplicateFrameworkReferences" task from assembly "C:\Program Files\dotnet\sdk\10.0.200-preview.0.26103.119\Sdks\Microsoft.NET.Sdk\targets\..\tools\net10.0\Microsoft.NET.Build.Tasks.dll".
       Task "CheckForDuplicateFrameworkReferences"
       Done executing task "CheckForDuplicateFrameworkReferences".
       Using "ProcessFrameworkReferences" task from assembly "C:\Program Files\dotnet\sdk\10.0.200-preview.0.26103.119\Sdks\Microsoft.NET.Sdk\targets\..\tools\net10.0\Microsoft.NET.Build.Tasks.dll".
       Task "ProcessFrameworkReferences"
         Found 2 known framework references for target framework .NETCoreApp
         Found 6 known runtime packs for target framework .NETCoreApp
         Selected Microsoft.NETCore.App with RIDs 'linux-arm;linux-arm64;linux-musl-arm64;linux-musl-x64;linux-x64;osx-x64;tizen.4.0.0-armel;tizen.5.0.0-armel;win-arm64;win-x64;win-x86;linux-musl-arm;osx-arm64;linux-s390x;linux-loongarch64;linux-bionic-arm;linux-bionic-arm64;linux-bionic-x64;linux-bionic-x86;linux-ppc64le;freebsd-x64;freebsd-arm64;linux-riscv64;linux-musl-riscv64;linux-musl-loongarch64;android-arm64;android-x64'
         Selected targeting pack 'Microsoft.NETCore.App@10.0.2'
         Finding best RID match for pack Microsoft.NETCore.App@10.0.2 for target RID 'win-x64' from 'linux-arm;linux-arm64;linux-musl-arm64;linux-musl-x64;linux-x64;osx-x64;tizen.4.0.0-armel;tizen.5.0.0-armel;win-arm64;win-x64;win-x86;linux-musl-arm;osx-arm64;linux-s390x;linux-loongarch64;linux-bionic-arm;linux-bionic-arm64;linux-bionic-x64;linux-bionic-x86;linux-ppc64le;freebsd-x64;freebsd-arm64;linux-riscv64;linux-musl-riscv64;linux-musl-loongarch64;android-arm64;android-x64' excluding ''
         Finding best RID match for pack Microsoft.NETCore.App@10.0.2 for target RID 'win-x86' from 'linux-arm;linux-arm64;linux-musl-arm64;linux-musl-x64;linux-x64;osx-x64;tizen.4.0.0-armel;tizen.5.0.0-armel;win-arm64;win-x64;win-x86;linux-musl-arm;osx-arm64;linux-s390x;linux-loongarch64;linux-bionic-arm;linux-bionic-arm64;linux-bionic-x64;linux-bionic-x86;linux-ppc64le;freebsd-x64;freebsd-arm64;linux-riscv64;linux-musl-riscv64;linux-musl-loongarch64;android-arm64;android-x64' excluding ''
         Finding best RID match for pack Microsoft.NETCore.App@10.0.2 for target RID 'win-arm64' from 'linux-arm;linux-arm64;linux-musl-arm64;linux-musl-x64;linux-x64;osx-x64;tizen.4.0.0-armel;tizen.5.0.0-armel;win-arm64;win-x64;win-x86;linux-musl-arm;osx-arm64;linux-s390x;linux-loongarch64;linux-bionic-arm;linux-bionic-arm64;linux-bionic-x64;linux-bionic-x86;linux-ppc64le;freebsd-x64;freebsd-arm64;linux-riscv64;linux-musl-riscv64;linux-musl-loongarch64;android-arm64;android-x64' excluding ''
         Added runtime framework 'Microsoft.NETCore.App@10.0.2'
         Selected Microsoft.WindowsDesktop.App with RIDs 'win-x64;win-x86;win-arm64'
         Selected targeting pack 'Microsoft.WindowsDesktop.App@10.0.2'
         Finding best RID match for pack Microsoft.WindowsDesktop.App@10.0.2 for target RID 'win-x64' from 'win-x64;win-x86;win-arm64' excluding ''
         Finding best RID match for pack Microsoft.WindowsDesktop.App@10.0.2 for target RID 'win-x86' from 'win-x64;win-x86;win-arm64' excluding ''
         Finding best RID match for pack Microsoft.WindowsDesktop.App@10.0.2 for target RID 'win-arm64' from 'win-x64;win-x86;win-arm64' excluding ''
         Added runtime framework 'Microsoft.WindowsDesktop.App@10.0.2'
         Selected Microsoft.WindowsDesktop.App with RIDs 'win-x64;win-x86;win-arm64'
         Selected targeting pack 'Microsoft.WindowsDesktop.App.WPF@10.0.2'
         Finding best RID match for pack Microsoft.WindowsDesktop.App.WPF@10.0.2 for target RID 'win-x64' from 'win-x64;win-x86;win-arm64' excluding ''
         Finding best RID match for pack Microsoft.WindowsDesktop.App.WPF@10.0.2 for target RID 'win-x86' from 'win-x64;win-x86;win-arm64' excluding ''
         Finding best RID match for pack Microsoft.WindowsDesktop.App.WPF@10.0.2 for target RID 'win-arm64' from 'win-x64;win-x86;win-arm64' excluding ''
         Added runtime framework 'Microsoft.WindowsDesktop.App@10.0.2'
         Selected Microsoft.WindowsDesktop.App with RIDs 'win-x64;win-x86;win-arm64'
         Selected targeting pack 'Microsoft.WindowsDesktop.App.WindowsForms@10.0.2'
         Finding best RID match for pack Microsoft.WindowsDesktop.App.WindowsForms@10.0.2 for target RID 'win-x64' from 'win-x64;win-x86;win-arm64' excluding ''
         Finding best RID match for pack Microsoft.WindowsDesktop.App.WindowsForms@10.0.2 for target RID 'win-x86' from 'win-x64;win-x86;win-arm64' excluding ''
         Finding best RID match for pack Microsoft.WindowsDesktop.App.WindowsForms@10.0.2 for target RID 'win-arm64' from 'win-x64;win-x86;win-arm64' excluding ''
         Added runtime framework 'Microsoft.WindowsDesktop.App@10.0.2'
         Selected Microsoft.AspNetCore.App with RIDs 'win-x64;win-x86;osx-x64;linux-musl-x64;linux-musl-arm64;linux-x64;linux-arm;linux-arm64;linux-musl-arm;win-arm64;osx-arm64;linux-s390x;linux-loongarch64;linux-ppc64le;freebsd-x64;freebsd-arm64;linux-riscv64;linux-musl-riscv64;linux-loongarch64;linux-musl-loongarch64'
         Selected targeting pack 'Microsoft.AspNetCore.App@10.0.2'
         Finding best RID match for pack Microsoft.AspNetCore.App@10.0.2 for target RID 'win-x64' from 'win-x64;win-x86;osx-x64;linux-musl-x64;linux-musl-arm64;linux-x64;linux-arm;linux-arm64;linux-musl-arm;win-arm64;osx-arm64;linux-s390x;linux-loongarch64;linux-ppc64le;freebsd-x64;freebsd-arm64;linux-riscv64;linux-musl-riscv64;linux-loongarch64;linux-musl-loongarch64' excluding 'android;linux-bionic'
         Finding best RID match for pack Microsoft.AspNetCore.App@10.0.2 for target RID 'win-x86' from 'win-x64;win-x86;osx-x64;linux-musl-x64;linux-musl-arm64;linux-x64;linux-arm;linux-arm64;linux-musl-arm;win-arm64;osx-arm64;linux-s390x;linux-loongarch64;linux-ppc64le;freebsd-x64;freebsd-arm64;linux-riscv64;linux-musl-riscv64;linux-loongarch64;linux-musl-loongarch64' excluding 'android;linux-bionic'
         Finding best RID match for pack Microsoft.AspNetCore.App@10.0.2 for target RID 'win-arm64' from 'win-x64;win-x86;osx-x64;linux-musl-x64;linux-musl-arm64;linux-x64;linux-arm;linux-arm64;linux-musl-arm;win-arm64;osx-arm64;linux-s390x;linux-loongarch64;linux-ppc64le;freebsd-x64;freebsd-arm64;linux-riscv64;linux-musl-riscv64;linux-loongarch64;linux-musl-loongarch64' excluding 'android;linux-bionic'
         Added runtime framework 'Microsoft.AspNetCore.App@10.0.2'
         Selected Microsoft.Windows.SDK.NET.Ref with RIDs 'any'
         Selected targeting pack 'Microsoft.Windows.SDK.NET.Ref@10.0.19041.57'
         Finding best RID match for pack Microsoft.Windows.SDK.NET.Ref@10.0.19041.57 for target RID 'win-x64' from 'any' excluding ''
         Finding best RID match for pack Microsoft.Windows.SDK.NET.Ref@10.0.19041.57 for target RID 'win-x86' from 'any' excluding ''
         Finding best RID match for pack Microsoft.Windows.SDK.NET.Ref@10.0.19041.57 for target RID 'win-arm64' from 'any' excluding ''
         Selected Microsoft.Windows.SDK.NET.Ref with RIDs 'any'
         Selected targeting pack 'Microsoft.Windows.SDK.NET.Ref.Windows@10.0.19041.57'
         Finding best RID match for pack Microsoft.Windows.SDK.NET.Ref.Windows@10.0.19041.57 for target RID 'win-x64' from 'any' excluding ''
         Finding best RID match for pack Microsoft.Windows.SDK.NET.Ref.Windows@10.0.19041.57 for target RID 'win-x86' from 'any' excluding ''
         Finding best RID match for pack Microsoft.Windows.SDK.NET.Ref.Windows@10.0.19041.57 for target RID 'win-arm64' from 'any' excluding ''
         Selected Microsoft.Windows.SDK.NET.Ref with RIDs 'any'
         Selected targeting pack 'Microsoft.Windows.SDK.NET.Ref.Xaml@10.0.19041.57'
         Finding best RID match for pack Microsoft.Windows.SDK.NET.Ref.Xaml@10.0.19041.57 for target RID 'win-x64' from 'any' excluding ''
         Finding best RID match for pack Microsoft.Windows.SDK.NET.Ref.Xaml@10.0.19041.57 for target RID 'win-x86' from 'any' excluding ''
         Finding best RID match for pack Microsoft.Windows.SDK.NET.Ref.Xaml@10.0.19041.57 for target RID 'win-arm64' from 'any' excluding ''
         Selected Microsoft.Windows.SDK.NET.Ref with RIDs 'any'
         Selected targeting pack 'Microsoft.Windows.SDK.NET.Ref.CsWinRT3.Windows@10.0.19041.57'
         Finding best RID match for pack Microsoft.Windows.SDK.NET.Ref.CsWinRT3.Windows@10.0.19041.57 for target RID 'win-x64' from 'any' excluding ''
         Finding best RID match for pack Microsoft.Windows.SDK.NET.Ref.CsWinRT3.Windows@10.0.19041.57 for target RID 'win-x86' from 'any' excluding ''
         Finding best RID match for pack Microsoft.Windows.SDK.NET.Ref.CsWinRT3.Windows@10.0.19041.57 for target RID 'win-arm64' from 'any' excluding ''
         Selected Microsoft.Windows.SDK.NET.Ref with RIDs 'any'
         Selected targeting pack 'Microsoft.Windows.SDK.NET.Ref.CsWinRT3.Xaml@10.0.19041.57'
         Finding best RID match for pack Microsoft.Windows.SDK.NET.Ref.CsWinRT3.Xaml@10.0.19041.57 for target RID 'win-x64' from 'any' excluding ''
         Finding best RID match for pack Microsoft.Windows.SDK.NET.Ref.CsWinRT3.Xaml@10.0.19041.57 for target RID 'win-x86' from 'any' excluding ''
         Finding best RID match for pack Microsoft.Windows.SDK.NET.Ref.CsWinRT3.Xaml@10.0.19041.57 for target RID 'win-arm64' from 'any' excluding ''
       Done executing task "ProcessFrameworkReferences".
       Using "ResolveAppHosts" task from assembly "C:\Program Files\dotnet\sdk\10.0.200-preview.0.26103.119\Sdks\Microsoft.NET.Sdk\targets\..\tools\net10.0\Microsoft.NET.Build.Tasks.dll".
       Task "ResolveAppHosts"
       Done executing task "ResolveAppHosts".
   2:6>Done building target "ProcessFrameworkReferences" in project "ChatmeWindows.csproj".
   2:6>Target "_CheckForObsoleteDotNetCliToolReferences" in file "C:\Program Files\dotnet\sdk\10.0.200-preview.0.26103.119\Sdks\Microsoft.NET.Sdk\targets\Microsoft.NET.ObsoleteReferences.targets" from project "D:\ChatmeLast\windows\ChatmeWindows\ChatmeWindows.csproj" (target "CollectPackageReferences" depends on it):
   2:6>Done building target "_CheckForObsoleteDotNetCliToolReferences" in project "ChatmeWindows.csproj".
   2:6>Target "CollectPackageReferences" in file "C:\Program Files\dotnet\sdk\10.0.200-preview.0.26103.119\NuGet.targets" from project "D:\ChatmeLast\windows\ChatmeWindows\ChatmeWindows.csproj" (target "_GetRestoreProjectStyle" depends on it):
       Using "CheckForDuplicateNuGetItemsTask" task from assembly "C:\Program Files\dotnet\sdk\10.0.200-preview.0.26103.119\NuGet.Build.Tasks.dll".
       Task "CheckForDuplicateNuGetItemsTask"
       Done executing task "CheckForDuplicateNuGetItemsTask".
   2:6>Done building target "CollectPackageReferences" in project "ChatmeWindows.csproj".
   2:6>Target "_GetRestoreProjectStyle" in file "C:\Program Files\dotnet\sdk\10.0.200-preview.0.26103.119\NuGet.targets" from project "D:\ChatmeLast\windows\ChatmeWindows\ChatmeWindows.csproj" (target "EnableIntermediateOutputPathMismatchWarning" depends on it):
       Using "GetRestoreProjectStyleTask" task from assembly "C:\Program Files\dotnet\sdk\10.0.200-preview.0.26103.119\NuGet.Build.Tasks.dll".
       Task "GetRestoreProjectStyleTask"
       Done executing task "GetRestoreProjectStyleTask".
   2:6>Done building target "_GetRestoreProjectStyle" in project "ChatmeWindows.csproj".
   2:6>Target "EnableIntermediateOutputPathMismatchWarning" in file "C:\Program Files\dotnet\sdk\10.0.200-preview.0.26103.119\NuGet.targets" from project "D:\ChatmeLast\windows\ChatmeWindows\ChatmeWindows.csproj" (target "_CheckForInvalidConfigurationAndPlatform" depends on it):
   2:6>Done building target "EnableIntermediateOutputPathMismatchWarning" in project "ChatmeWindows.csproj".
   2:6>Target "MsixCheckForInvalidCustomBeforeMicrosoftCommonTargets" in file "C:\Users\ShShohruz\.nuget\packages\microsoft.windows.sdk.buildtools.msix\1.7.20250829.1\build\Microsoft.Windows.SDK.BuildTools.MSIX.targets" from project "D:\ChatmeLast\windows\ChatmeWindows\ChatmeWindows.csproj" (target "_CheckForInvalidConfigurationAndPlatform" depends on it):
   2:6>Done building target "MsixCheckForInvalidCustomBeforeMicrosoftCommonTargets" in project "ChatmeWindows.csproj".
   2:6>Target "CheckForDuplicateItems" in file "C:\Program Files\dotnet\sdk\10.0.200-preview.0.26103.119\Sdks\Microsoft.NET.Sdk\targets\Microsoft.NET.Sdk.DefaultItems.Shared.targets" from project "D:\ChatmeLast\windows\ChatmeWindows\ChatmeWindows.csproj" (target "CheckForDuplicatePageItems" depends on it):
       Using "CheckForDuplicateItems" task from assembly "C:\Program Files\dotnet\sdk\10.0.200-preview.0.26103.119\Sdks\Microsoft.NET.Sdk\targets\..\tools\net10.0\Microsoft.NET.Build.Tasks.dll".
       Task "CheckForDuplicateItems"
       Done executing task "CheckForDuplicateItems".
       Task "CheckForDuplicateItems"
       Done executing task "CheckForDuplicateItems".
       Task "CheckForDuplicateItems"
       Done executing task "CheckForDuplicateItems".
   2:6>Done building target "CheckForDuplicateItems" in project "ChatmeWindows.csproj".
   2:6>Target "CheckForDuplicatePageItems" in file "C:\Users\ShShohruz\.nuget\packages\microsoft.windowsappsdk.winui\1.8.260204000\buildTransitive\Microsoft.WinUI.targets" from project "D:\ChatmeLast\windows\ChatmeWindows\ChatmeWindows.csproj" (target "_CheckForInvalidConfigurationAndPlatform" depends on it):
       Task "CheckForDuplicateItems"
       Done executing task "CheckForDuplicateItems".
   2:6>Done building target "CheckForDuplicatePageItems" in project "ChatmeWindows.csproj".
   2:6>Target "CheckForInvalidCustomBeforeMicrosoftCommonTargets" in file "C:\Users\ShShohruz\.nuget\packages\microsoft.windowsappsdk.winui\1.8.260204000\buildTransitive\Microsoft.WinUI.targets" from project "D:\ChatmeLast\windows\ChatmeWindows\ChatmeWindows.csproj" (target "_CheckForInvalidConfigurationAndPlatform" depends on it):
   2:6>Done building target "CheckForInvalidCustomBeforeMicrosoftCommonTargets" in project "ChatmeWindows.csproj".
       Target "ApplyImplicitVersions" skipped. Previously built successfully.
       Target "CheckForImplicitPackageReferenceOverrides" skipped. Previously built successfully.
       Target "CheckForDuplicateItems" skipped. Previously built successfully.
       Target "ProcessFrameworkReferences" skipped. Previously built successfully.
   2:6>Target "_CheckForInvalidConfigurationAndPlatform" in file "C:\Program Files\dotnet\sdk\10.0.200-preview.0.26103.119\Microsoft.Common.CurrentVersion.targets" from project "D:\ChatmeLast\windows\ChatmeWindows\ChatmeWindows.csproj" (target "BeforeBuild" depends on it):
       Task "Message"
         Configuration=Debug
       Done executing task "Message".
       Task "Message"
         Platform=x64
       Done executing task "Message".
   2:6>Done building target "_CheckForInvalidConfigurationAndPlatform" in project "ChatmeWindows.csproj".
   2:6>Target "ValidateCommandLineProperties" in file "C:\Program Files\dotnet\sdk\10.0.200-preview.0.26103.119\Sdks\Microsoft.NET.Sdk\targets\Microsoft.NET.Sdk.targets" from project "D:\ChatmeLast\windows\ChatmeWindows\ChatmeWindows.csproj" (target "BeforeBuild" depends on it):
   2:6>Done building target "ValidateCommandLineProperties" in project "ChatmeWindows.csproj".
   2:6>Target "BeforeBuild" in file "C:\Program Files\dotnet\sdk\10.0.200-preview.0.26103.119\Microsoft.Common.CurrentVersion.targets" from project "D:\ChatmeLast\windows\ChatmeWindows\ChatmeWindows.csproj" (target "Build" depends on it):
   2:6>Done building target "BeforeBuild" in project "ChatmeWindows.csproj".
   2:6>Target "BuildOnlySettings" in file "C:\Program Files\dotnet\sdk\10.0.200-preview.0.26103.119\Microsoft.Common.CurrentVersion.targets" from project "D:\ChatmeLast\windows\ChatmeWindows\ChatmeWindows.csproj" (target "CoreBuild" depends on it):
       C:\Program Files\dotnet\sdk\10.0.200-preview.0.26103.119\Microsoft.Common.CurrentVersion.targets(1168,7): message : Property reassignment: $(BuildingProject)="true" (previous value: "false") at C:\Program Files\dotnet\sdk\10.0.200-preview.0.26103.119\Microsoft.Common.CurrentVersion.targets (1168,7) [D:\ChatmeLast\windows\ChatmeWindows\ChatmeWindows.csproj]
   2:6>Done building target "BuildOnlySettings" in project "ChatmeWindows.csproj".
   2:6>Target "GetFrameworkPaths" in file "C:\Program Files\dotnet\sdk\10.0.200-preview.0.26103.119\Sdks\Microsoft.NET.Sdk\targets\Microsoft.NET.DisableStandardFrameworkResolution.targets" from project "D:\ChatmeLast\windows\ChatmeWindows\ChatmeWindows.csproj" (target "PrepareForBuild" depends on it):
   2:6>Done building target "GetFrameworkPaths" in project "ChatmeWindows.csproj".
   2:6>Target "GetReferenceAssemblyPaths" in file "C:\Program Files\dotnet\sdk\10.0.200-preview.0.26103.119\Sdks\Microsoft.NET.Sdk\targets\Microsoft.NET.DisableStandardFrameworkResolution.targets" from project "D:\ChatmeLast\windows\ChatmeWindows\ChatmeWindows.csproj" (target "PrepareForBuild" depends on it):
   2:6>Done building target "GetReferenceAssemblyPaths" in project "ChatmeWindows.csproj".
   2:6>Target "PrepareForBuild" in file "C:\Program Files\dotnet\sdk\10.0.200-preview.0.26103.119\Microsoft.Common.CurrentVersion.targets" from project "D:\ChatmeLast\windows\ChatmeWindows\ChatmeWindows.csproj" (target "CoreBuild" depends on it):
       Using "FindAppConfigFile" task from assembly "Microsoft.Build.Tasks.Core, Version=15.1.0.0, Culture=neutral, PublicKeyToken=b03f5f7f11d50a3a".
       Task "FindAppConfigFile"
       Done executing task "FindAppConfigFile".
       Using "MakeDir" task from assembly "Microsoft.Build.Tasks.Core, Version=15.1.0.0, Culture=neutral, PublicKeyToken=b03f5f7f11d50a3a".
       Task "MakeDir"
       Done executing task "MakeDir".
   2:6>Done building target "PrepareForBuild" in project "ChatmeWindows.csproj".
   2:6>Target "GenerateTargetFrameworkDefineConstants" in file "C:\Program Files\dotnet\sdk\10.0.200-preview.0.26103.119\Sdks\Microsoft.NET.Sdk\targets\Microsoft.NET.Sdk.BeforeCommon.targets" from project "D:\ChatmeLast\windows\ChatmeWindows\ChatmeWindows.csproj" (target "AddImplicitDefineConstants" depends on it):
   2:6>Done building target "GenerateTargetFrameworkDefineConstants" in project "ChatmeWindows.csproj".
   2:6>Target "GenerateTargetPlatformDefineConstants" in file "C:\Program Files\dotnet\sdk\10.0.200-preview.0.26103.119\Sdks\Microsoft.NET.Sdk\targets\Microsoft.NET.Sdk.BeforeCommon.targets" from project "D:\ChatmeLast\windows\ChatmeWindows\ChatmeWindows.csproj" (target "AddImplicitDefineConstants" depends on it):
   2:6>Done building target "GenerateTargetPlatformDefineConstants" in project "ChatmeWindows.csproj".
   2:6>Target "GenerateNETCompatibleDefineConstants" in file "C:\Program Files\dotnet\sdk\10.0.200-preview.0.26103.119\Sdks\Microsoft.NET.Sdk\targets\Microsoft.NET.Sdk.BeforeCommon.targets" from project "D:\ChatmeLast\windows\ChatmeWindows\ChatmeWindows.csproj" (target "AddImplicitDefineConstants" depends on it):
   2:6>Done building target "GenerateNETCompatibleDefineConstants" in project "ChatmeWindows.csproj".
   2:6>Target "GeneratePlatformCompatibleDefineConstants" in file "C:\Program Files\dotnet\sdk\10.0.200-preview.0.26103.119\Sdks\Microsoft.NET.Sdk\targets\Microsoft.NET.Sdk.BeforeCommon.targets" from project "D:\ChatmeLast\windows\ChatmeWindows\ChatmeWindows.csproj" (target "AddImplicitDefineConstants" depends on it):
   2:6>Done building target "GeneratePlatformCompatibleDefineConstants" in project "ChatmeWindows.csproj".
   2:6>Target "AddImplicitDefineConstants" in file "C:\Program Files\dotnet\sdk\10.0.200-preview.0.26103.119\Sdks\Microsoft.NET.Sdk\targets\Microsoft.NET.Sdk.BeforeCommon.targets" from project "D:\ChatmeLast\windows\ChatmeWindows\ChatmeWindows.csproj" (target "CoreBuild" depends on it):
       C:\Program Files\dotnet\sdk\10.0.200-preview.0.26103.119\Sdks\Microsoft.NET.Sdk\targets\Microsoft.NET.Sdk.BeforeCommon.targets(295,7): message : Property reassignment: $(DefineConstants)="TRACE;MICROSOFT_WINDOWSAPPSDK_BOOTSTRAP_AUTO_INITIALIZE;MICROSOFT_WINDOWSAPPSDK_AUTOINITIALIZE_BOOTSTRAP;DEBUG;NET;NET10_0;NETCOREAPP;WINDOWS;WINDOWS10_0_19041_0;NET5_0_OR_GREATER;NET6_0_OR_GREATER;NET7_0_OR_GREATER;NET8_0_OR_GREATER;NET9_0_OR_GREATER;NET10_0_OR_GREATER;NETCOREAPP1_0_OR_GREATER;NETCOREAPP1_1_OR_GREATER;NETCOREAPP2_0_OR_GREATER;NETCOREAPP2_1_OR_GREATER;NETCOREAPP2_2_OR_GREATER;NETCOREAPP3_0_OR_GREATER;NETCOREAPP3_1_OR_GREATER;WINDOWS10_0_19041_0_OR_GREATER;WINDOWS10_0_18362_0_OR_GREATER;WINDOWS10_0_17763_0_OR_GREATER;WINDOWS8_0_OR_GREATER;WINDOWS7_0_OR_GREATER" (previous value: "TRACE;MICROSOFT_WINDOWSAPPSDK_BOOTSTRAP_AUTO_INITIALIZE;MICROSOFT_WINDOWSAPPSDK_AUTOINITIALIZE_BOOTSTRAP;DEBUG") at C:\Program Files\dotnet\sdk\10.0.200-preview.0.26103.119\Sdks\Microsoft.NET.Sdk\targets\Microsoft.NET.Sdk.BeforeCommon.targets (295,7) [D:\ChatmeLast\windows\ChatmeWindows\ChatmeWindows.csproj]
   2:6>Done building target "AddImplicitDefineConstants" in project "ChatmeWindows.csproj".
   2:6>Target "GenerateGlobalUsings" in file "C:\Program Files\dotnet\sdk\10.0.200-preview.0.26103.119\Sdks\Microsoft.NET.Sdk\targets\Microsoft.NET.GenerateGlobalUsings.targets" from project "D:\ChatmeLast\windows\ChatmeWindows\ChatmeWindows.csproj" (target "CoreBuild" depends on it):
       Using "GenerateGlobalUsings" task from assembly "C:\Program Files\dotnet\sdk\10.0.200-preview.0.26103.119\Sdks\Microsoft.NET.Sdk\targets\..\tools\net10.0\Microsoft.NET.Build.Tasks.dll".
       Task "GenerateGlobalUsings"
       Done executing task "GenerateGlobalUsings".
       Using "WriteLinesToFile" task from assembly "Microsoft.Build.Tasks.Core, Version=15.1.0.0, Culture=neutral, PublicKeyToken=b03f5f7f11d50a3a".
       Task "WriteLinesToFile"
         Skipping write to file "D:\ChatmeLast\windows\ChatmeWindows\obj\x64\Debug\net10.0-windows10.0.19041.0\win-x64\ChatmeWindows.GlobalUsings.g.cs" because content would not change.
       Done executing task "WriteLinesToFile".
   2:6>Done building target "GenerateGlobalUsings" in project "ChatmeWindows.csproj".
   2:6>Target "BeforeResolveReferences" in file "C:\Program Files\dotnet\sdk\10.0.200-preview.0.26103.119\Microsoft.Common.CurrentVersion.targets" from project "D:\ChatmeLast\windows\ChatmeWindows\ChatmeWindows.csproj" (target "ResolveReferences" depends on it):
   2:6>Done building target "BeforeResolveReferences" in project "ChatmeWindows.csproj".
   2:6>Target "IgnoreJavaScriptOutputAssembly" in file "C:\Program Files\dotnet\sdk\10.0.200-preview.0.26103.119\Microsoft.Common.CurrentVersion.targets" from project "D:\ChatmeLast\windows\ChatmeWindows\ChatmeWindows.csproj" (target "AssignProjectConfiguration" depends on it):
   2:6>Done building target "IgnoreJavaScriptOutputAssembly" in project "ChatmeWindows.csproj".
       Target "ProcessFrameworkReferences" skipped. Previously built successfully.
   2:6>Target "_DefaultMicrosoftNETPlatformLibrary" in file "C:\Program Files\dotnet\sdk\10.0.200-preview.0.26103.119\Sdks\Microsoft.NET.Sdk\targets\Microsoft.NET.Sdk.Shared.targets" from project "D:\ChatmeLast\windows\ChatmeWindows\ChatmeWindows.csproj" (target "ResolvePackageAssets" depends on it):
   2:6>Done building target "_DefaultMicrosoftNETPlatformLibrary" in project "ChatmeWindows.csproj".
   2:6>Target "_ComputePackageReferencePublish" in file "C:\Program Files\dotnet\sdk\10.0.200-preview.0.26103.119\Sdks\Microsoft.NET.Sdk\targets\Microsoft.NET.Sdk.Shared.targets" from project "D:\ChatmeLast\windows\ChatmeWindows\ChatmeWindows.csproj" (target "ResolvePackageAssets" depends on it):
   2:6>Done building target "_ComputePackageReferencePublish" in project "ChatmeWindows.csproj".
   2:6>Target "ResolvePackageAssets" in file "C:\Program Files\dotnet\sdk\10.0.200-preview.0.26103.119\Sdks\Microsoft.NET.Sdk\targets\Microsoft.PackageDependencyResolution.targets" from project "D:\ChatmeLast\windows\ChatmeWindows\ChatmeWindows.csproj" (target "ResolveLockFileReferences" depends on it):
       Using "ResolvePackageAssets" task from assembly "C:\Program Files\dotnet\sdk\10.0.200-preview.0.26103.119\Sdks\Microsoft.NET.Sdk\targets\..\tools\net10.0\Microsoft.NET.Build.Tasks.dll".
       Task "ResolvePackageAssets"
       Done executing task "ResolvePackageAssets".
   2:6>Done building target "ResolvePackageAssets" in project "ChatmeWindows.csproj".
   2:6>Target "_UpdateMuiFilesAfterNugetRestore" in file "C:\Users\ShShohruz\.nuget\packages\microsoft.windowsappsdk.winui\1.8.260204000\buildTransitive\Microsoft.WinUI.AppX.targets" from project "D:\ChatmeLast\windows\ChatmeWindows\ChatmeWindows.csproj" (target "ResolveLockFileReferences" depends on it):
   2:6>Done building target "_UpdateMuiFilesAfterNugetRestore" in project "ChatmeWindows.csproj".
   2:6>Target "ResolveLockFileReferences" in file "C:\Program Files\dotnet\sdk\10.0.200-preview.0.26103.119\Sdks\Microsoft.NET.Sdk\targets\Microsoft.PackageDependencyResolution.targets" from project "D:\ChatmeLast\windows\ChatmeWindows\ChatmeWindows.csproj" (target "ResolvePackageDependenciesForBuild" depends on it):
       Using "JoinItems" task from assembly "C:\Program Files\dotnet\sdk\10.0.200-preview.0.26103.119\Sdks\Microsoft.NET.Sdk\targets\..\tools\net10.0\Microsoft.NET.Build.Tasks.dll".
       Task "JoinItems"
       Done executing task "JoinItems".
   2:6>Done building target "ResolveLockFileReferences" in project "ChatmeWindows.csproj".
       Target "ResolvePackageAssets" skipped. Previously built successfully.
   2:6>Target "ResolveLockFileAnalyzers" in file "C:\Program Files\dotnet\sdk\10.0.200-preview.0.26103.119\Sdks\Microsoft.NET.Sdk\targets\Microsoft.PackageDependencyResolution.targets" from project "D:\ChatmeLast\windows\ChatmeWindows\ChatmeWindows.csproj" (target "ResolvePackageDependenciesForBuild" depends on it):
   2:6>Done building target "ResolveLockFileAnalyzers" in project "ChatmeWindows.csproj".
       Target "ResolvePackageAssets" skipped. Previously built successfully.
   2:6>Target "ResolveLockFileCopyLocalFiles" in file "C:\Program Files\dotnet\sdk\10.0.200-preview.0.26103.119\Sdks\Microsoft.NET.Sdk\targets\Microsoft.PackageDependencyResolution.targets" from project "D:\ChatmeLast\windows\ChatmeWindows\ChatmeWindows.csproj" (target "ResolvePackageDependenciesForBuild" depends on it):
   2:6>Done building target "ResolveLockFileCopyLocalFiles" in project "ChatmeWindows.csproj".
       Target "ProcessFrameworkReferences" skipped. Previously built successfully.
       Target "ResolvePackageAssets" skipped. Previously built successfully.
   2:6>Target "ResolveFrameworkReferences" in file "C:\Program Files\dotnet\sdk\10.0.200-preview.0.26103.119\Sdks\Microsoft.NET.Sdk\targets\Microsoft.NET.Sdk.FrameworkReferenceResolution.targets" from project "D:\ChatmeLast\windows\ChatmeWindows\ChatmeWindows.csproj" (target "ResolveRuntimePackAssets" depends on it):
       Using "GetPackageDirectory" task from assembly "C:\Program Files\dotnet\sdk\10.0.200-preview.0.26103.119\Sdks\Microsoft.NET.Sdk\targets\..\tools\net10.0\Microsoft.NET.Build.Tasks.dll".
       Task "GetPackageDirectory"
       Done executing task "GetPackageDirectory".
       Task "GetPackageDirectory"
       Done executing task "GetPackageDirectory".
       Task "GetPackageDirectory"
       Done executing task "GetPackageDirectory".
       Task "GetPackageDirectory"
       Done executing task "GetPackageDirectory".
       Task "GetPackageDirectory"
       Done executing task "GetPackageDirectory".
       Task "GetPackageDirectory"
       Done executing task "GetPackageDirectory".
       Task "GetPackageDirectory"
       Done executing task "GetPackageDirectory".
       Task "GetPackageDirectory"
       Done executing task "GetPackageDirectory".
       Task "GetPackageDirectory"
       Done executing task "GetPackageDirectory".
       Task "GetPackageDirectory"
       Done executing task "GetPackageDirectory".
       Using "ResolveFrameworkReferences" task from assembly "C:\Program Files\dotnet\sdk\10.0.200-preview.0.26103.119\Sdks\Microsoft.NET.Sdk\targets\..\tools\net10.0\Microsoft.NET.Build.Tasks.dll".
       Task "ResolveFrameworkReferences"
       Done executing task "ResolveFrameworkReferences".
   2:6>Done building target "ResolveFrameworkReferences" in project "ChatmeWindows.csproj".
   2:6>Target "ResolveRuntimePackAssets" in file "C:\Program Files\dotnet\sdk\10.0.200-preview.0.26103.119\Sdks\Microsoft.NET.Sdk\targets\Microsoft.NET.Sdk.FrameworkReferenceResolution.targets" from project "D:\ChatmeLast\windows\ChatmeWindows\ChatmeWindows.csproj" (target "ResolvePackageDependenciesForBuild" depends on it):
       Using "ResolveRuntimePackAssets" task from assembly "C:\Program Files\dotnet\sdk\10.0.200-preview.0.26103.119\Sdks\Microsoft.NET.Sdk\targets\..\tools\net10.0\Microsoft.NET.Build.Tasks.dll".
       Task "ResolveRuntimePackAssets"
       Done executing task "ResolveRuntimePackAssets".
   2:6>Done building target "ResolveRuntimePackAssets" in project "ChatmeWindows.csproj".
       Target "ResolvePackageAssets" skipped. Previously built successfully.
   2:6>Target "IncludeTransitiveProjectReferences" in file "C:\Program Files\dotnet\sdk\10.0.200-preview.0.26103.119\Sdks\Microsoft.NET.Sdk\targets\Microsoft.PackageDependencyResolution.targets" from project "D:\ChatmeLast\windows\ChatmeWindows\ChatmeWindows.csproj" (target "ResolvePackageDependenciesForBuild" depends on it):
   2:6>Done building target "IncludeTransitiveProjectReferences" in project "ChatmeWindows.csproj".
   2:6>Target "ResolvePackageDependenciesForBuild" in file "C:\Program Files\dotnet\sdk\10.0.200-preview.0.26103.119\Sdks\Microsoft.NET.Sdk\targets\Microsoft.PackageDependencyResolution.targets" from project "D:\ChatmeLast\windows\ChatmeWindows\ChatmeWindows.csproj" (target "AssignProjectConfiguration" depends on it):
   2:6>Done building target "ResolvePackageDependenciesForBuild" in project "ChatmeWindows.csproj".
   2:6>Target "AssignProjectConfiguration" in file "C:\Program Files\dotnet\sdk\10.0.200-preview.0.26103.119\Microsoft.Common.CurrentVersion.targets" from project "D:\ChatmeLast\windows\ChatmeWindows\ChatmeWindows.csproj" (target "ResolveReferences" depends on it):
       Using "AssignProjectConfiguration" task from assembly "Microsoft.Build.Tasks.Core, Version=15.1.0.0, Culture=neutral, PublicKeyToken=b03f5f7f11d50a3a".
       Task "AssignProjectConfiguration"
       Done executing task "AssignProjectConfiguration".
   2:6>Done building target "AssignProjectConfiguration" in project "ChatmeWindows.csproj".
       Target "AssignProjectConfiguration" skipped. Previously built successfully.
   2:6>Target "_SplitProjectReferencesByFileExistence" in file "C:\Program Files\dotnet\sdk\10.0.200-preview.0.26103.119\Microsoft.Common.CurrentVersion.targets" from project "D:\ChatmeLast\windows\ChatmeWindows\ChatmeWindows.csproj" (target "PrepareProjectReferences" depends on it):
   2:6>Done building target "_SplitProjectReferencesByFileExistence" in project "ChatmeWindows.csproj".
   2:6>Target "_AddOutputPathToGlobalPropertiesToRemove" in file "C:\Program Files\dotnet\sdk\10.0.200-preview.0.26103.119\Microsoft.Common.CurrentVersion.targets" from project "D:\ChatmeLast\windows\ChatmeWindows\ChatmeWindows.csproj" (target "_GetProjectReferenceTargetFrameworkProperties" depends on it):
   2:6>Done building target "_AddOutputPathToGlobalPropertiesToRemove" in project "ChatmeWindows.csproj".
   2:6>Target "_GetProjectReferenceTargetFrameworkProperties" in file "C:\Program Files\dotnet\sdk\10.0.200-preview.0.26103.119\Microsoft.Common.CurrentVersion.targets" from project "D:\ChatmeLast\windows\ChatmeWindows\ChatmeWindows.csproj" (target "PrepareProjectReferences" depends on it):
       Task "MSBuild"
       Done executing task "MSBuild".
       Using "SetRidAgnosticValueForProjects" task from assembly "Microsoft.Build.Tasks.Core, Version=15.1.0.0, Culture=neutral, PublicKeyToken=b03f5f7f11d50a3a".
       Task "SetRidAgnosticValueForProjects"
       Done executing task "SetRidAgnosticValueForProjects".
   2:6>Done building target "_GetProjectReferenceTargetFrameworkProperties" in project "ChatmeWindows.csproj".
   2:6>Target "_CalculateIsVSTestTestProject" in file "C:\Program Files\dotnet\sdk\10.0.200-preview.0.26103.119\Sdks\Microsoft.NET.Sdk\targets\Microsoft.NET.Sdk.targets" from project "D:\ChatmeLast\windows\ChatmeWindows\ChatmeWindows.csproj" (target "ValidateExecutableReferences" depends on it):
   2:6>Done building target "_CalculateIsVSTestTestProject" in project "ChatmeWindows.csproj".
   2:6>Target "ValidateExecutableReferences" in file "C:\Program Files\dotnet\sdk\10.0.200-preview.0.26103.119\Sdks\Microsoft.NET.Sdk\targets\Microsoft.NET.Sdk.targets" from project "D:\ChatmeLast\windows\ChatmeWindows\ChatmeWindows.csproj" (target "PrepareProjectReferences" depends on it):
       Using "ValidateExecutableReferences" task from assembly "C:\Program Files\dotnet\sdk\10.0.200-preview.0.26103.119\Sdks\Microsoft.NET.Sdk\targets\..\tools\net10.0\Microsoft.NET.Build.Tasks.dll".
       Task "ValidateExecutableReferences"
       Done executing task "ValidateExecutableReferences".
   2:6>Done building target "ValidateExecutableReferences" in project "ChatmeWindows.csproj".
   2:6>Target "PrepareProjectReferences" in file "C:\Program Files\dotnet\sdk\10.0.200-preview.0.26103.119\Microsoft.Common.CurrentVersion.targets" from project "D:\ChatmeLast\windows\ChatmeWindows\ChatmeWindows.csproj" (target "ResolveProjectReferences" depends on it):
   2:6>Done building target "PrepareProjectReferences" in project "ChatmeWindows.csproj".
   2:6>Target "ResolveProjectReferences" in file "C:\Program Files\dotnet\sdk\10.0.200-preview.0.26103.119\Microsoft.Common.CurrentVersion.targets" from project "D:\ChatmeLast\windows\ChatmeWindows\ChatmeWindows.csproj" (target "ResolveReferences" depends on it):
   2:6>Done building target "ResolveProjectReferences" in project "ChatmeWindows.csproj".
   2:6>Target "RemoveManagedWinRTComponentWinMDReferences" in file "C:\Program Files\dotnet\sdk\10.0.200-preview.0.26103.119\Sdks\Microsoft.NET.Sdk\targets\Microsoft.NET.Windows.targets" from project "D:\ChatmeLast\windows\ChatmeWindows\ChatmeWindows.csproj" (target "ResolveReferences" depends on it):
   2:6>Done building target "RemoveManagedWinRTComponentWinMDReferences" in project "ChatmeWindows.csproj".
       Target "PrepareProjectReferences" skipped. Previously built successfully.
   2:6>Target "GetReferenceTargetPlatformMonikers" in file "C:\Program Files\dotnet\sdk\10.0.200-preview.0.26103.119\Microsoft.Common.CurrentVersion.targets" from project "D:\ChatmeLast\windows\ChatmeWindows\ChatmeWindows.csproj" (target "FindInvalidProjectReferences" depends on it):
       Task "MSBuild"
       Done executing task "MSBuild".
   2:6>Done building target "GetReferenceTargetPlatformMonikers" in project "ChatmeWindows.csproj".
   2:6>Target "FindInvalidProjectReferences" in file "C:\Program Files\dotnet\sdk\10.0.200-preview.0.26103.119\Microsoft.Common.CurrentVersion.targets" from project "D:\ChatmeLast\windows\ChatmeWindows\ChatmeWindows.csproj" (target "ResolveReferences" depends on it):
       Using "FindInvalidProjectReferences" task from assembly "Microsoft.Build.Tasks.Core, Version=15.1.0.0, Culture=neutral, PublicKeyToken=b03f5f7f11d50a3a".
       Task "FindInvalidProjectReferences"
       Done executing task "FindInvalidProjectReferences".
   2:6>Done building target "FindInvalidProjectReferences" in project "ChatmeWindows.csproj".
       Target "ResolveProjectReferences" skipped. Previously built successfully.
       Target "FindInvalidProjectReferences" skipped. Previously built successfully.
       Target "GetFrameworkPaths" skipped. Previously built successfully.
       Target "GetReferenceAssemblyPaths" skipped. Previously built successfully.
       Target "PrepareForBuild" skipped. Previously built successfully.
   2:6>Target "ResolveSDKReferences" in file "C:\Program Files\dotnet\sdk\10.0.200-preview.0.26103.119\Microsoft.Common.CurrentVersion.targets" from project "D:\ChatmeLast\windows\ChatmeWindows\ChatmeWindows.csproj" (target "ResolveAssemblyReferences" depends on it):
   2:6>Done building target "ResolveSDKReferences" in project "ChatmeWindows.csproj".
       Target "ResolveSDKReferences" skipped. Previously built successfully.
   2:6>Target "ExpandSDKReferences" in file "C:\Program Files\dotnet\sdk\10.0.200-preview.0.26103.119\Microsoft.Common.CurrentVersion.targets" from project "D:\ChatmeLast\windows\ChatmeWindows\ChatmeWindows.csproj" (target "ResolveAssemblyReferences" depends on it):
   2:6>Done building target "ExpandSDKReferences" in project "ChatmeWindows.csproj".
       Target "ResolvePackageDependenciesForBuild" skipped. Previously built successfully.
       Target "GetFrameworkPaths" skipped. Previously built successfully.
       Target "GetReferenceAssemblyPaths" skipped. Previously built successfully.
       Target "ResolveFrameworkReferences" skipped. Previously built successfully.
   2:6>Target "ResolveTargetingPackAssets" in file "C:\Program Files\dotnet\sdk\10.0.200-preview.0.26103.119\Sdks\Microsoft.NET.Sdk\targets\Microsoft.NET.Sdk.FrameworkReferenceResolution.targets" from project "D:\ChatmeLast\windows\ChatmeWindows\ChatmeWindows.csproj" (target "_HandlePackageFileConflicts" depends on it):
       Using "ResolveTargetingPackAssets" task from assembly "C:\Program Files\dotnet\sdk\10.0.200-preview.0.26103.119\Sdks\Microsoft.NET.Sdk\targets\..\tools\net10.0\Microsoft.NET.Build.Tasks.dll".
       Task "ResolveTargetingPackAssets"
       Done executing task "ResolveTargetingPackAssets".
   2:6>Done building target "ResolveTargetingPackAssets" in project "ChatmeWindows.csproj".
   2:6>Target "ResolveOffByDefaultAnalyzers" in file "C:\Program Files\dotnet\sdk\10.0.200-preview.0.26103.119\Sdks\Microsoft.NET.Sdk\targets\Microsoft.NET.Sdk.FrameworkReferenceResolution.targets" from project "D:\ChatmeLast\windows\ChatmeWindows\ChatmeWindows.csproj" (target "_HandlePackageFileConflicts" depends on it):
   2:6>Done building target "ResolveOffByDefaultAnalyzers" in project "ChatmeWindows.csproj".
   2:6>Target "_HandlePackageFileConflicts" in file "C:\Program Files\dotnet\sdk\10.0.200-preview.0.26103.119\Sdks\Microsoft.NET.Sdk\targets\Microsoft.NET.ConflictResolution.targets" from project "D:\ChatmeLast\windows\ChatmeWindows\ChatmeWindows.csproj" (target "ResolveAssemblyReferences" depends on it):
       Using "ResolvePackageFileConflicts" task from assembly "C:\Program Files\dotnet\sdk\10.0.200-preview.0.26103.119\Sdks\Microsoft.NET.Sdk\targets\..\tools\net10.0\Microsoft.NET.Build.Tasks.dll".
       Task "ResolvePackageFileConflicts"
       Done executing task "ResolvePackageFileConflicts".
   2:6>Done building target "_HandlePackageFileConflicts" in project "ChatmeWindows.csproj".
       Target "ResolveTargetingPackAssets" skipped. Previously built successfully.
   2:6>Target "ResolveAssemblyReferences" in file "C:\Program Files\dotnet\sdk\10.0.200-preview.0.26103.119\Microsoft.Common.CurrentVersion.targets" from project "D:\ChatmeLast\windows\ChatmeWindows\ChatmeWindows.csproj" (target "ResolveReferences" depends on it):
       Using "ResolveAssemblyReference" task from assembly "Microsoft.Build.Tasks.Core, Version=15.1.0.0, Culture=neutral, PublicKeyToken=b03f5f7f11d50a3a".
       Task "ResolveAssemblyReference"
         TargetFrameworkMoniker:
             .NETCoreApp,Version=v10.0
         TargetFrameworkMonikerDisplayName:
             .NET 10.0
         TargetedRuntimeVersion:
             
         Assemblies:
             C:\Users\ShShohruz\.nuget\packages\microsoft.web.webview2\1.0.3179.45\buildTransitive\..\\lib_manual\net8.0-windows10.0.17763.0\Microsoft.Web.WebView2.Core.Projection.dll
             C:\Users\ShShohruz\.nuget\packages\microsoft.extensions.dependencyinjection\10.0.3\lib\net10.0\Microsoft.Extensions.DependencyInjection.dll
                 Private = 'false'
                 HintPath = 'C:\Users\ShShohruz\.nuget\packages\microsoft.extensions.dependencyinjection\10.0.3\lib\net10.0\Microsoft.Extensions.DependencyInjection.dll'
             C:\Users\ShShohruz\.nuget\packages\microsoft.extensions.dependencyinjection.abstractions\10.0.3\lib\net10.0\Microsoft.Extensions.DependencyInjection.Abstractions.dll
                 Private = 'false'
                 HintPath = 'C:\Users\ShShohruz\.nuget\packages\microsoft.extensions.dependencyinjection.abstractions\10.0.3\lib\net10.0\Microsoft.Extensions.DependencyInjection.Abstractions.dll'
             C:\Users\ShShohruz\.nuget\packages\microsoft.extensions.logging\10.0.3\lib\net10.0\Microsoft.Extensions.Logging.dll
                 Private = 'false'
                 HintPath = 'C:\Users\ShShohruz\.nuget\packages\microsoft.extensions.logging\10.0.3\lib\net10.0\Microsoft.Extensions.Logging.dll'
             C:\Users\ShShohruz\.nuget\packages\microsoft.extensions.logging.abstractions\10.0.3\lib\net10.0\Microsoft.Extensions.Logging.Abstractions.dll
                 Private = 'false'
                 HintPath = 'C:\Users\ShShohruz\.nuget\packages\microsoft.extensions.logging.abstractions\10.0.3\lib\net10.0\Microsoft.Extensions.Logging.Abstractions.dll'
             C:\Users\ShShohruz\.nuget\packages\microsoft.extensions.options\10.0.3\lib\net10.0\Microsoft.Extensions.Options.dll
                 Private = 'false'
                 HintPath = 'C:\Users\ShShohruz\.nuget\packages\microsoft.extensions.options\10.0.3\lib\net10.0\Microsoft.Extensions.Options.dll'
             C:\Users\ShShohruz\.nuget\packages\microsoft.extensions.primitives\10.0.3\lib\net10.0\Microsoft.Extensions.Primitives.dll
                 Private = 'false'
                 HintPath = 'C:\Users\ShShohruz\.nuget\packages\microsoft.extensions.primitives\10.0.3\lib\net10.0\Microsoft.Extensions.Primitives.dll'
             C:\Users\ShShohruz\.nuget\packages\microsoft.windowsappsdk.ai\1.8.47\lib\net6.0-windows10.0.17763.0\Microsoft.Graphics.Imaging.Projection.dll
                 Private = 'false'
                 HintPath = 'C:\Users\ShShohruz\.nuget\packages\microsoft.windowsappsdk.ai\1.8.47\lib\net6.0-windows10.0.17763.0\Microsoft.Graphics.Imaging.Projection.dll'
             C:\Users\ShShohruz\.nuget\packages\microsoft.windowsappsdk.ai\1.8.47\lib\net6.0-windows10.0.17763.0\Microsoft.Windows.AI.ContentSafety.Projection.dll
                 Private = 'false'
                 HintPath = 'C:\Users\ShShohruz\.nuget\packages\microsoft.windowsappsdk.ai\1.8.47\lib\net6.0-windows10.0.17763.0\Microsoft.Windows.AI.ContentSafety.Projection.dll'
             C:\Users\ShShohruz\.nuget\packages\microsoft.windowsappsdk.ai\1.8.47\lib\net6.0-windows10.0.17763.0\Microsoft.Windows.AI.Foundation.Projection.dll
                 Private = 'false'
                 HintPath = 'C:\Users\ShShohruz\.nuget\packages\microsoft.windowsappsdk.ai\1.8.47\lib\net6.0-windows10.0.17763.0\Microsoft.Windows.AI.Foundation.Projection.dll'
             C:\Users\ShShohruz\.nuget\packages\microsoft.windowsappsdk.ai\1.8.47\lib\net6.0-windows10.0.17763.0\Microsoft.Windows.AI.Imaging.Projection.dll
                 Private = 'false'
                 HintPath = 'C:\Users\ShShohruz\.nuget\packages\microsoft.windowsappsdk.ai\1.8.47\lib\net6.0-windows10.0.17763.0\Microsoft.Windows.AI.Imaging.Projection.dll'
             C:\Users\ShShohruz\.nuget\packages\microsoft.windowsappsdk.ai\1.8.47\lib\net6.0-windows10.0.17763.0\Microsoft.Windows.AI.Projection.dll
                 Private = 'false'
                 HintPath = 'C:\Users\ShShohruz\.nuget\packages\microsoft.windowsappsdk.ai\1.8.47\lib\net6.0-windows10.0.17763.0\Microsoft.Windows.AI.Projection.dll'
             C:\Users\ShShohruz\.nuget\packages\microsoft.windowsappsdk.ai\1.8.47\lib\net6.0-windows10.0.17763.0\Microsoft.Windows.AI.Text.Projection.dll
                 Private = 'false'
                 HintPath = 'C:\Users\ShShohruz\.nuget\packages\microsoft.windowsappsdk.ai\1.8.47\lib\net6.0-windows10.0.17763.0\Microsoft.Windows.AI.Text.Projection.dll'
             C:\Users\ShShohruz\.nuget\packages\microsoft.windowsappsdk.foundation\1.8.260203002\lib\net6.0-windows10.0.17763.0\Microsoft.Security.Authentication.OAuth.Projection.dll
                 Private = 'false'
                 HintPath = 'C:\Users\ShShohruz\.nuget\packages\microsoft.windowsappsdk.foundation\1.8.260203002\lib\net6.0-windows10.0.17763.0\Microsoft.Security.Authentication.OAuth.Projection.dll'
             C:\Users\ShShohruz\.nuget\packages\microsoft.windowsappsdk.foundation\1.8.260203002\lib\net6.0-windows10.0.17763.0\Microsoft.Windows.AppLifecycle.Projection.dll
                 Private = 'false'
                 HintPath = 'C:\Users\ShShohruz\.nuget\packages\microsoft.windowsappsdk.foundation\1.8.260203002\lib\net6.0-windows10.0.17763.0\Microsoft.Windows.AppLifecycle.Projection.dll'
             C:\Users\ShShohruz\.nuget\packages\microsoft.windowsappsdk.foundation\1.8.260203002\lib\net6.0-windows10.0.17763.0\Microsoft.Windows.AppNotifications.Builder.Projection.dll
                 Private = 'false'
                 HintPath = 'C:\Users\ShShohruz\.nuget\packages\microsoft.windowsappsdk.foundation\1.8.260203002\lib\net6.0-windows10.0.17763.0\Microsoft.Windows.AppNotifications.Builder.Projection.dll'
             C:\Users\ShShohruz\.nuget\packages\microsoft.windowsappsdk.foundation\1.8.260203002\lib\net6.0-windows10.0.17763.0\Microsoft.Windows.AppNotifications.Projection.dll
                 Private = 'false'
                 HintPath = 'C:\Users\ShShohruz\.nuget\packages\microsoft.windowsappsdk.foundation\1.8.260203002\lib\net6.0-windows10.0.17763.0\Microsoft.Windows.AppNotifications.Projection.dll'
             C:\Users\ShShohruz\.nuget\packages\microsoft.windowsappsdk.foundation\1.8.260203002\lib\net6.0-windows10.0.17763.0\Microsoft.Windows.ApplicationModel.Background.Projection.dll
                 Private = 'false'
                 HintPath = 'C:\Users\ShShohruz\.nuget\packages\microsoft.windowsappsdk.foundation\1.8.260203002\lib\net6.0-windows10.0.17763.0\Microsoft.Windows.ApplicationModel.Background.Projection.dll'
             C:\Users\ShShohruz\.nuget\packages\microsoft.windowsappsdk.foundation\1.8.260203002\lib\net6.0-windows10.0.17763.0\Microsoft.Windows.ApplicationModel.DynamicDependency.Projection.dll
                 Private = 'false'
                 HintPath = 'C:\Users\ShShohruz\.nuget\packages\microsoft.windowsappsdk.foundation\1.8.260203002\lib\net6.0-windows10.0.17763.0\Microsoft.Windows.ApplicationModel.DynamicDependency.Projection.dll'
             C:\Users\ShShohruz\.nuget\packages\microsoft.windowsappsdk.foundation\1.8.260203002\lib\net6.0-windows10.0.17763.0\Microsoft.Windows.ApplicationModel.Resources.Projection.dll
                 Private = 'false'
                 HintPath = 'C:\Users\ShShohruz\.nuget\packages\microsoft.windowsappsdk.foundation\1.8.260203002\lib\net6.0-windows10.0.17763.0\Microsoft.Windows.ApplicationModel.Resources.Projection.dll'
             C:\Users\ShShohruz\.nuget\packages\microsoft.windowsappsdk.foundation\1.8.260203002\lib\net6.0-windows10.0.17763.0\Microsoft.Windows.ApplicationModel.WindowsAppRuntime.Projection.dll
                 Private = 'false'
                 HintPath = 'C:\Users\ShShohruz\.nuget\packages\microsoft.windowsappsdk.foundation\1.8.260203002\lib\net6.0-windows10.0.17763.0\Microsoft.Windows.ApplicationModel.WindowsAppRuntime.Projection.dll'
             C:\Users\ShShohruz\.nuget\packages\microsoft.windowsappsdk.foundation\1.8.260203002\lib\net6.0-windows10.0.17763.0\Microsoft.Windows.BadgeNotifications.Projection.dll
                 Private = 'false'
                 HintPath = 'C:\Users\ShShohruz\.nuget\packages\microsoft.windowsappsdk.foundation\1.8.260203002\lib\net6.0-windows10.0.17763.0\Microsoft.Windows.BadgeNotifications.Projection.dll'
             C:\Users\ShShohruz\.nuget\packages\microsoft.windowsappsdk.foundation\1.8.260203002\lib\net6.0-windows10.0.17763.0\Microsoft.Windows.Foundation.Projection.dll
                 Private = 'false'
                 HintPath = 'C:\Users\ShShohruz\.nuget\packages\microsoft.windowsappsdk.foundation\1.8.260203002\lib\net6.0-windows10.0.17763.0\Microsoft.Windows.Foundation.Projection.dll'
             C:\Users\ShShohruz\.nuget\packages\microsoft.windowsappsdk.foundation\1.8.260203002\lib\net6.0-windows10.0.17763.0\Microsoft.Windows.Management.Deployment.Projection.dll
                 Private = 'false'
                 HintPath = 'C:\Users\ShShohruz\.nuget\packages\microsoft.windowsappsdk.foundation\1.8.260203002\lib\net6.0-windows10.0.17763.0\Microsoft.Windows.Management.Deployment.Projection.dll'
             C:\Users\ShShohruz\.nuget\packages\microsoft.windowsappsdk.foundation\1.8.260203002\lib\net6.0-windows10.0.17763.0\Microsoft.Windows.Media.Capture.Projection.dll
                 Private = 'false'
                 HintPath = 'C:\Users\ShShohruz\.nuget\packages\microsoft.windowsappsdk.foundation\1.8.260203002\lib\net6.0-windows10.0.17763.0\Microsoft.Windows.Media.Capture.Projection.dll'
             C:\Users\ShShohruz\.nuget\packages\microsoft.windowsappsdk.foundation\1.8.260203002\lib\net6.0-windows10.0.17763.0\Microsoft.Windows.PushNotifications.Projection.dll
                 Private = 'false'
                 HintPath = 'C:\Users\ShShohruz\.nuget\packages\microsoft.windowsappsdk.foundation\1.8.260203002\lib\net6.0-windows10.0.17763.0\Microsoft.Windows.PushNotifications.Projection.dll'
             C:\Users\ShShohruz\.nuget\packages\microsoft.windowsappsdk.foundation\1.8.260203002\lib\net6.0-windows10.0.17763.0\Microsoft.Windows.Security.AccessControl.Projection.dll
                 Private = 'false'
                 HintPath = 'C:\Users\ShShohruz\.nuget\packages\microsoft.windowsappsdk.foundation\1.8.260203002\lib\net6.0-windows10.0.17763.0\Microsoft.Windows.Security.AccessControl.Projection.dll'
             C:\Users\ShShohruz\.nuget\packages\microsoft.windowsappsdk.foundation\1.8.260203002\lib\net6.0-windows10.0.17763.0\Microsoft.Windows.Storage.Pickers.Projection.dll
                 Private = 'false'
                 HintPath = 'C:\Users\ShShohruz\.nuget\packages\microsoft.windowsappsdk.foundation\1.8.260203002\lib\net6.0-windows10.0.17763.0\Microsoft.Windows.Storage.Pickers.Projection.dll'
             C:\Users\ShShohruz\.nuget\packages\microsoft.windowsappsdk.foundation\1.8.260203002\lib\net6.0-windows10.0.17763.0\Microsoft.Windows.Storage.Projection.dll
                 Private = 'false'
                 HintPath = 'C:\Users\ShShohruz\.nuget\packages\microsoft.windowsappsdk.foundation\1.8.260203002\lib\net6.0-windows10.0.17763.0\Microsoft.Windows.Storage.Projection.dll'
             C:\Users\ShShohruz\.nuget\packages\microsoft.windowsappsdk.foundation\1.8.260203002\lib\net6.0-windows10.0.17763.0\Microsoft.Windows.System.Power.Projection.dll
                 Private = 'false'
                 HintPath = 'C:\Users\ShShohruz\.nuget\packages\microsoft.windowsappsdk.foundation\1.8.260203002\lib\net6.0-windows10.0.17763.0\Microsoft.Windows.System.Power.Projection.dll'
             C:\Users\ShShohruz\.nuget\packages\microsoft.windowsappsdk.foundation\1.8.260203002\lib\net6.0-windows10.0.17763.0\Microsoft.Windows.System.Projection.dll
                 Private = 'false'
                 HintPath = 'C:\Users\ShShohruz\.nuget\packages\microsoft.windowsappsdk.foundation\1.8.260203002\lib\net6.0-windows10.0.17763.0\Microsoft.Windows.System.Projection.dll'
             C:\Users\ShShohruz\.nuget\packages\microsoft.windowsappsdk.foundation\1.8.260203002\lib\net6.0-windows10.0.17763.0\Microsoft.WindowsAppRuntime.Bootstrap.Net.dll
                 Private = 'false'
                 HintPath = 'C:\Users\ShShohruz\.nuget\packages\microsoft.windowsappsdk.foundation\1.8.260203002\lib\net6.0-windows10.0.17763.0\Microsoft.WindowsAppRuntime.Bootstrap.Net.dll'
             C:\Users\ShShohruz\.nuget\packages\microsoft.windowsappsdk.interactiveexperiences\1.8.260125001\lib\net6.0-windows10.0.18362.0\Microsoft.InteractiveExperiences.Projection.dll
                 Private = 'false'
                 HintPath = 'C:\Users\ShShohruz\.nuget\packages\microsoft.windowsappsdk.interactiveexperiences\1.8.260125001\lib\net6.0-windows10.0.18362.0\Microsoft.InteractiveExperiences.Projection.dll'
             C:\Users\ShShohruz\.nuget\packages\microsoft.windowsappsdk.ml\1.8.2124\lib\net8.0-windows10.0.17763.0\Microsoft.ML.OnnxRuntime.dll
                 Private = 'false'
                 HintPath = 'C:\Users\ShShohruz\.nuget\packages\microsoft.windowsappsdk.ml\1.8.2124\lib\net8.0-windows10.0.17763.0\Microsoft.ML.OnnxRuntime.dll'
             C:\Users\ShShohruz\.nuget\packages\microsoft.windowsappsdk.ml\1.8.2124\lib\net8.0-windows10.0.17763.0\Microsoft.Windows.AI.MachineLearning.Projection.dll
                 Private = 'false'
                 HintPath = 'C:\Users\ShShohruz\.nuget\packages\microsoft.windowsappsdk.ml\1.8.2124\lib\net8.0-windows10.0.17763.0\Microsoft.Windows.AI.MachineLearning.Projection.dll'
             C:\Users\ShShohruz\.nuget\packages\microsoft.windowsappsdk.widgets\1.8.251231004\lib\net6.0-windows10.0.17763.0\Microsoft.Windows.Widgets.Projection.dll
                 Private = 'false'
                 HintPath = 'C:\Users\ShShohruz\.nuget\packages\microsoft.windowsappsdk.widgets\1.8.251231004\lib\net6.0-windows10.0.17763.0\Microsoft.Windows.Widgets.Projection.dll'
             C:\Users\ShShohruz\.nuget\packages\microsoft.windowsappsdk.winui\1.8.260204000\lib\net6.0-windows10.0.17763.0\Microsoft.WinUI.dll
                 Private = 'false'
                 HintPath = 'C:\Users\ShShohruz\.nuget\packages\microsoft.windowsappsdk.winui\1.8.260204000\lib\net6.0-windows10.0.17763.0\Microsoft.WinUI.dll'
             C:\Users\ShShohruz\.nuget\packages\newtonsoft.json\13.0.4\lib\net6.0\Newtonsoft.Json.dll
                 Private = 'false'
                 HintPath = 'C:\Users\ShShohruz\.nuget\packages\newtonsoft.json\13.0.4\lib\net6.0\Newtonsoft.Json.dll'
             C:\Users\ShShohruz\.nuget\packages\socketioclient\4.0.1\lib\net8.0\SocketIOClient.dll
                 Private = 'false'
                 HintPath = 'C:\Users\ShShohruz\.nuget\packages\socketioclient\4.0.1\lib\net8.0\SocketIOClient.dll'
             C:\Users\ShShohruz\.nuget\packages\socketioclient.common\4.0.0\lib\net8.0\SocketIOClient.Common.dll
                 Private = 'false'
                 HintPath = 'C:\Users\ShShohruz\.nuget\packages\socketioclient.common\4.0.0\lib\net8.0\SocketIOClient.Common.dll'
             C:\Users\ShShohruz\.nuget\packages\socketioclient.serializer\4.0.0.1\lib\net8.0\SocketIOClient.Serializer.dll
                 Private = 'false'
                 HintPath = 'C:\Users\ShShohruz\.nuget\packages\socketioclient.serializer\4.0.0.1\lib\net8.0\SocketIOClient.Serializer.dll'
             C:\Users\ShShohruz\.nuget\packages\system.numerics.tensors\9.0.0\lib\net9.0\System.Numerics.Tensors.dll
                 Private = 'false'
                 HintPath = 'C:\Users\ShShohruz\.nuget\packages\system.numerics.tensors\9.0.0\lib\net9.0\System.Numerics.Tensors.dll'
             C:\Program Files\dotnet\packs\Microsoft.NETCore.App.Ref\10.0.2\ref/net10.0/Microsoft.CSharp.dll
                 Private = 'false'
             C:\Program Files\dotnet\packs\Microsoft.NETCore.App.Ref\10.0.2\ref/net10.0/Microsoft.VisualBasic.Core.dll
                 Private = 'false'
             C:\Program Files\dotnet\packs\Microsoft.NETCore.App.Ref\10.0.2\ref/net10.0/Microsoft.VisualBasic.dll
                 Private = 'false'
             C:\Program Files\dotnet\packs\Microsoft.NETCore.App.Ref\10.0.2\ref/net10.0/Microsoft.Win32.Primitives.dll
                 Private = 'false'
             C:\Program Files\dotnet\packs\Microsoft.NETCore.App.Ref\10.0.2\ref/net10.0/Microsoft.Win32.Registry.dll
                 Private = 'false'
             C:\Program Files\dotnet\packs\Microsoft.NETCore.App.Ref\10.0.2\ref/net10.0/System.AppContext.dll
                 Private = 'false'
             C:\Program Files\dotnet\packs\Microsoft.NETCore.App.Ref\10.0.2\ref/net10.0/System.Buffers.dll
                 Private = 'false'
             C:\Program Files\dotnet\packs\Microsoft.NETCore.App.Ref\10.0.2\ref/net10.0/System.Collections.Concurrent.dll
                 Private = 'false'
             C:\Program Files\dotnet\packs\Microsoft.NETCore.App.Ref\10.0.2\ref/net10.0/System.Collections.Immutable.dll
                 Private = 'false'
             C:\Program Files\dotnet\packs\Microsoft.NETCore.App.Ref\10.0.2\ref/net10.0/System.Collections.NonGeneric.dll
                 Private = 'false'
             C:\Program Files\dotnet\packs\Microsoft.NETCore.App.Ref\10.0.2\ref/net10.0/System.Collections.Specialized.dll
                 Private = 'false'
             C:\Program Files\dotnet\packs\Microsoft.NETCore.App.Ref\10.0.2\ref/net10.0/System.Collections.dll
                 Private = 'false'
             C:\Program Files\dotnet\packs\Microsoft.NETCore.App.Ref\10.0.2\ref/net10.0/System.ComponentModel.Annotations.dll
                 Private = 'false'
             C:\Program Files\dotnet\packs\Microsoft.NETCore.App.Ref\10.0.2\ref/net10.0/System.ComponentModel.DataAnnotations.dll
                 Private = 'false'
             C:\Program Files\dotnet\packs\Microsoft.NETCore.App.Ref\10.0.2\ref/net10.0/System.ComponentModel.EventBasedAsync.dll
                 Private = 'false'
             C:\Program Files\dotnet\packs\Microsoft.NETCore.App.Ref\10.0.2\ref/net10.0/System.ComponentModel.Primitives.dll
                 Private = 'false'
             C:\Program Files\dotnet\packs\Microsoft.NETCore.App.Ref\10.0.2\ref/net10.0/System.ComponentModel.TypeConverter.dll
                 Private = 'false'
             C:\Program Files\dotnet\packs\Microsoft.NETCore.App.Ref\10.0.2\ref/net10.0/System.ComponentModel.dll
                 Private = 'false'
             C:\Program Files\dotnet\packs\Microsoft.NETCore.App.Ref\10.0.2\ref/net10.0/System.Configuration.dll
                 Private = 'false'
             C:\Program Files\dotnet\packs\Microsoft.NETCore.App.Ref\10.0.2\ref/net10.0/System.Console.dll
                 Private = 'false'
             C:\Program Files\dotnet\packs\Microsoft.NETCore.App.Ref\10.0.2\ref/net10.0/System.Core.dll
                 Private = 'false'
             C:\Program Files\dotnet\packs\Microsoft.NETCore.App.Ref\10.0.2\ref/net10.0/System.Data.Common.dll
                 Private = 'false'
             C:\Program Files\dotnet\packs\Microsoft.NETCore.App.Ref\10.0.2\ref/net10.0/System.Data.DataSetExtensions.dll
                 Private = 'false'
             C:\Program Files\dotnet\packs\Microsoft.NETCore.App.Ref\10.0.2\ref/net10.0/System.Data.dll
                 Private = 'false'
             C:\Program Files\dotnet\packs\Microsoft.NETCore.App.Ref\10.0.2\ref/net10.0/System.Diagnostics.Contracts.dll
                 Private = 'false'
             C:\Program Files\dotnet\packs\Microsoft.NETCore.App.Ref\10.0.2\ref/net10.0/System.Diagnostics.Debug.dll
                 Private = 'false'
             C:\Program Files\dotnet\packs\Microsoft.NETCore.App.Ref\10.0.2\ref/net10.0/System.Diagnostics.DiagnosticSource.dll
                 Private = 'false'
             C:\Program Files\dotnet\packs\Microsoft.NETCore.App.Ref\10.0.2\ref/net10.0/System.Diagnostics.FileVersionInfo.dll
                 Private = 'false'
             C:\Program Files\dotnet\packs\Microsoft.NETCore.App.Ref\10.0.2\ref/net10.0/System.Diagnostics.Process.dll
                 Private = 'false'
             C:\Program Files\dotnet\packs\Microsoft.NETCore.App.Ref\10.0.2\ref/net10.0/System.Diagnostics.StackTrace.dll
                 Private = 'false'
             C:\Program Files\dotnet\packs\Microsoft.NETCore.App.Ref\10.0.2\ref/net10.0/System.Diagnostics.TextWriterTraceListener.dll
                 Private = 'false'
             C:\Program Files\dotnet\packs\Microsoft.NETCore.App.Ref\10.0.2\ref/net10.0/System.Diagnostics.Tools.dll
                 Private = 'false'
             C:\Program Files\dotnet\packs\Microsoft.NETCore.App.Ref\10.0.2\ref/net10.0/System.Diagnostics.TraceSource.dll
                 Private = 'false'
             C:\Program Files\dotnet\packs\Microsoft.NETCore.App.Ref\10.0.2\ref/net10.0/System.Diagnostics.Tracing.dll
                 Private = 'false'
             C:\Program Files\dotnet\packs\Microsoft.NETCore.App.Ref\10.0.2\ref/net10.0/System.Drawing.Primitives.dll
                 Private = 'false'
             C:\Program Files\dotnet\packs\Microsoft.NETCore.App.Ref\10.0.2\ref/net10.0/System.Drawing.dll
                 Private = 'false'
             C:\Program Files\dotnet\packs\Microsoft.NETCore.App.Ref\10.0.2\ref/net10.0/System.Dynamic.Runtime.dll
                 Private = 'false'
             C:\Program Files\dotnet\packs\Microsoft.NETCore.App.Ref\10.0.2\ref/net10.0/System.Formats.Asn1.dll
                 Private = 'false'
             C:\Program Files\dotnet\packs\Microsoft.NETCore.App.Ref\10.0.2\ref/net10.0/System.Formats.Tar.dll
                 Private = 'false'
             C:\Program Files\dotnet\packs\Microsoft.NETCore.App.Ref\10.0.2\ref/net10.0/System.Globalization.Calendars.dll
                 Private = 'false'
             C:\Program Files\dotnet\packs\Microsoft.NETCore.App.Ref\10.0.2\ref/net10.0/System.Globalization.Extensions.dll
                 Private = 'false'
             C:\Program Files\dotnet\packs\Microsoft.NETCore.App.Ref\10.0.2\ref/net10.0/System.Globalization.dll
                 Private = 'false'
             C:\Program Files\dotnet\packs\Microsoft.NETCore.App.Ref\10.0.2\ref/net10.0/System.IO.Compression.Brotli.dll
                 Private = 'false'
             C:\Program Files\dotnet\packs\Microsoft.NETCore.App.Ref\10.0.2\ref/net10.0/System.IO.Compression.FileSystem.dll
                 Private = 'false'
             C:\Program Files\dotnet\packs\Microsoft.NETCore.App.Ref\10.0.2\ref/net10.0/System.IO.Compression.ZipFile.dll
                 Private = 'false'
             C:\Program Files\dotnet\packs\Microsoft.NETCore.App.Ref\10.0.2\ref/net10.0/System.IO.Compression.dll
                 Private = 'false'
             C:\Program Files\dotnet\packs\Microsoft.NETCore.App.Ref\10.0.2\ref/net10.0/System.IO.FileSystem.AccessControl.dll
                 Private = 'false'
             C:\Program Files\dotnet\packs\Microsoft.NETCore.App.Ref\10.0.2\ref/net10.0/System.IO.FileSystem.DriveInfo.dll
                 Private = 'false'
             C:\Program Files\dotnet\packs\Microsoft.NETCore.App.Ref\10.0.2\ref/net10.0/System.IO.FileSystem.Primitives.dll
                 Private = 'false'
             C:\Program Files\dotnet\packs\Microsoft.NETCore.App.Ref\10.0.2\ref/net10.0/System.IO.FileSystem.Watcher.dll
                 Private = 'false'
             C:\Program Files\dotnet\packs\Microsoft.NETCore.App.Ref\10.0.2\ref/net10.0/System.IO.FileSystem.dll
                 Private = 'false'
             C:\Program Files\dotnet\packs\Microsoft.NETCore.App.Ref\10.0.2\ref/net10.0/System.IO.IsolatedStorage.dll
                 Private = 'false'
             C:\Program Files\dotnet\packs\Microsoft.NETCore.App.Ref\10.0.2\ref/net10.0/System.IO.MemoryMappedFiles.dll
                 Private = 'false'
             C:\Program Files\dotnet\packs\Microsoft.NETCore.App.Ref\10.0.2\ref/net10.0/System.IO.Pipelines.dll
                 Private = 'false'
             C:\Program Files\dotnet\packs\Microsoft.NETCore.App.Ref\10.0.2\ref/net10.0/System.IO.Pipes.AccessControl.dll
                 Private = 'false'
             C:\Program Files\dotnet\packs\Microsoft.NETCore.App.Ref\10.0.2\ref/net10.0/System.IO.Pipes.dll
                 Private = 'false'
             C:\Program Files\dotnet\packs\Microsoft.NETCore.App.Ref\10.0.2\ref/net10.0/System.IO.UnmanagedMemoryStream.dll
                 Private = 'false'
             C:\Program Files\dotnet\packs\Microsoft.NETCore.App.Ref\10.0.2\ref/net10.0/System.IO.dll
                 Private = 'false'
             C:\Program Files\dotnet\packs\Microsoft.NETCore.App.Ref\10.0.2\ref/net10.0/System.Linq.AsyncEnumerable.dll
                 Private = 'false'
             C:\Program Files\dotnet\packs\Microsoft.NETCore.App.Ref\10.0.2\ref/net10.0/System.Linq.Expressions.dll
                 Private = 'false'
             C:\Program Files\dotnet\packs\Microsoft.NETCore.App.Ref\10.0.2\ref/net10.0/System.Linq.Parallel.dll
                 Private = 'false'
             C:\Program Files\dotnet\packs\Microsoft.NETCore.App.Ref\10.0.2\ref/net10.0/System.Linq.Queryable.dll
                 Private = 'false'
             C:\Program Files\dotnet\packs\Microsoft.NETCore.App.Ref\10.0.2\ref/net10.0/System.Linq.dll
                 Private = 'false'
             C:\Program Files\dotnet\packs\Microsoft.NETCore.App.Ref\10.0.2\ref/net10.0/System.Memory.dll
                 Private = 'false'
             C:\Program Files\dotnet\packs\Microsoft.NETCore.App.Ref\10.0.2\ref/net10.0/System.Net.Http.Json.dll
                 Private = 'false'
             C:\Program Files\dotnet\packs\Microsoft.NETCore.App.Ref\10.0.2\ref/net10.0/System.Net.Http.dll
                 Private = 'false'
             C:\Program Files\dotnet\packs\Microsoft.NETCore.App.Ref\10.0.2\ref/net10.0/System.Net.HttpListener.dll
                 Private = 'false'
             C:\Program Files\dotnet\packs\Microsoft.NETCore.App.Ref\10.0.2\ref/net10.0/System.Net.Mail.dll
                 Private = 'false'
             C:\Program Files\dotnet\packs\Microsoft.NETCore.App.Ref\10.0.2\ref/net10.0/System.Net.NameResolution.dll
                 Private = 'false'
             C:\Program Files\dotnet\packs\Microsoft.NETCore.App.Ref\10.0.2\ref/net10.0/System.Net.NetworkInformation.dll
                 Private = 'false'
             C:\Program Files\dotnet\packs\Microsoft.NETCore.App.Ref\10.0.2\ref/net10.0/System.Net.Ping.dll
                 Private = 'false'
             C:\Program Files\dotnet\packs\Microsoft.NETCore.App.Ref\10.0.2\ref/net10.0/System.Net.Primitives.dll
                 Private = 'false'
             C:\Program Files\dotnet\packs\Microsoft.NETCore.App.Ref\10.0.2\ref/net10.0/System.Net.Quic.dll
                 Private = 'false'
             C:\Program Files\dotnet\packs\Microsoft.NETCore.App.Ref\10.0.2\ref/net10.0/System.Net.Requests.dll
                 Private = 'false'
             C:\Program Files\dotnet\packs\Microsoft.NETCore.App.Ref\10.0.2\ref/net10.0/System.Net.Security.dll
                 Private = 'false'
             C:\Program Files\dotnet\packs\Microsoft.NETCore.App.Ref\10.0.2\ref/net10.0/System.Net.ServerSentEvents.dll
                 Private = 'false'
             C:\Program Files\dotnet\packs\Microsoft.NETCore.App.Ref\10.0.2\ref/net10.0/System.Net.ServicePoint.dll
                 Private = 'false'
             C:\Program Files\dotnet\packs\Microsoft.NETCore.App.Ref\10.0.2\ref/net10.0/System.Net.Sockets.dll
                 Private = 'false'
             C:\Program Files\dotnet\packs\Microsoft.NETCore.App.Ref\10.0.2\ref/net10.0/System.Net.WebClient.dll
                 Private = 'false'
             C:\Program Files\dotnet\packs\Microsoft.NETCore.App.Ref\10.0.2\ref/net10.0/System.Net.WebHeaderCollection.dll
                 Private = 'false'
             C:\Program Files\dotnet\packs\Microsoft.NETCore.App.Ref\10.0.2\ref/net10.0/System.Net.WebProxy.dll
                 Private = 'false'
             C:\Program Files\dotnet\packs\Microsoft.NETCore.App.Ref\10.0.2\ref/net10.0/System.Net.WebSockets.Client.dll
                 Private = 'false'
             C:\Program Files\dotnet\packs\Microsoft.NETCore.App.Ref\10.0.2\ref/net10.0/System.Net.WebSockets.dll
                 Private = 'false'
             C:\Program Files\dotnet\packs\Microsoft.NETCore.App.Ref\10.0.2\ref/net10.0/System.Net.dll
                 Private = 'false'
             C:\Program Files\dotnet\packs\Microsoft.NETCore.App.Ref\10.0.2\ref/net10.0/System.Numerics.Vectors.dll
                 Private = 'false'
             C:\Program Files\dotnet\packs\Microsoft.NETCore.App.Ref\10.0.2\ref/net10.0/System.Numerics.dll
                 Private = 'false'
             C:\Program Files\dotnet\packs\Microsoft.NETCore.App.Ref\10.0.2\ref/net10.0/System.ObjectModel.dll
                 Private = 'false'
             C:\Program Files\dotnet\packs\Microsoft.NETCore.App.Ref\10.0.2\ref/net10.0/System.Reflection.DispatchProxy.dll
                 Private = 'false'
             C:\Program Files\dotnet\packs\Microsoft.NETCore.App.Ref\10.0.2\ref/net10.0/System.Reflection.Emit.ILGeneration.dll
                 Private = 'false'
             C:\Program Files\dotnet\packs\Microsoft.NETCore.App.Ref\10.0.2\ref/net10.0/System.Reflection.Emit.Lightweight.dll
                 Private = 'false'
             C:\Program Files\dotnet\packs\Microsoft.NETCore.App.Ref\10.0.2\ref/net10.0/System.Reflection.Emit.dll
                 Private = 'false'
             C:\Program Files\dotnet\packs\Microsoft.NETCore.App.Ref\10.0.2\ref/net10.0/System.Reflection.Extensions.dll
                 Private = 'false'
             C:\Program Files\dotnet\packs\Microsoft.NETCore.App.Ref\10.0.2\ref/net10.0/System.Reflection.Metadata.dll
                 Private = 'false'
             C:\Program Files\dotnet\packs\Microsoft.NETCore.App.Ref\10.0.2\ref/net10.0/System.Reflection.Primitives.dll
                 Private = 'false'
             C:\Program Files\dotnet\packs\Microsoft.NETCore.App.Ref\10.0.2\ref/net10.0/System.Reflection.TypeExtensions.dll
                 Private = 'false'
             C:\Program Files\dotnet\packs\Microsoft.NETCore.App.Ref\10.0.2\ref/net10.0/System.Reflection.dll
                 Private = 'false'
             C:\Program Files\dotnet\packs\Microsoft.NETCore.App.Ref\10.0.2\ref/net10.0/System.Resources.Reader.dll
                 Private = 'false'
             C:\Program Files\dotnet\packs\Microsoft.NETCore.App.Ref\10.0.2\ref/net10.0/System.Resources.ResourceManager.dll
                 Private = 'false'
             C:\Program Files\dotnet\packs\Microsoft.NETCore.App.Ref\10.0.2\ref/net10.0/System.Resources.Writer.dll
                 Private = 'false'
             C:\Program Files\dotnet\packs\Microsoft.NETCore.App.Ref\10.0.2\ref/net10.0/System.Runtime.CompilerServices.Unsafe.dll
                 Private = 'false'
             C:\Program Files\dotnet\packs\Microsoft.NETCore.App.Ref\10.0.2\ref/net10.0/System.Runtime.CompilerServices.VisualC.dll
                 Private = 'false'
             C:\Program Files\dotnet\packs\Microsoft.NETCore.App.Ref\10.0.2\ref/net10.0/System.Runtime.Extensions.dll
                 Private = 'false'
             C:\Program Files\dotnet\packs\Microsoft.NETCore.App.Ref\10.0.2\ref/net10.0/System.Runtime.Handles.dll
                 Private = 'false'
             C:\Program Files\dotnet\packs\Microsoft.NETCore.App.Ref\10.0.2\ref/net10.0/System.Runtime.InteropServices.JavaScript.dll
                 Private = 'false'
             C:\Program Files\dotnet\packs\Microsoft.NETCore.App.Ref\10.0.2\ref/net10.0/System.Runtime.InteropServices.RuntimeInformation.dll
                 Private = 'false'
             C:\Program Files\dotnet\packs\Microsoft.NETCore.App.Ref\10.0.2\ref/net10.0/System.Runtime.InteropServices.dll
                 Private = 'false'
             C:\Program Files\dotnet\packs\Microsoft.NETCore.App.Ref\10.0.2\ref/net10.0/System.Runtime.Intrinsics.dll
                 Private = 'false'
             C:\Program Files\dotnet\packs\Microsoft.NETCore.App.Ref\10.0.2\ref/net10.0/System.Runtime.Loader.dll
                 Private = 'false'
             C:\Program Files\dotnet\packs\Microsoft.NETCore.App.Ref\10.0.2\ref/net10.0/System.Runtime.Numerics.dll
                 Private = 'false'
             C:\Program Files\dotnet\packs\Microsoft.NETCore.App.Ref\10.0.2\ref/net10.0/System.Runtime.Serialization.Formatters.dll
                 Private = 'false'
             C:\Program Files\dotnet\packs\Microsoft.NETCore.App.Ref\10.0.2\ref/net10.0/System.Runtime.Serialization.Json.dll
                 Private = 'false'
             C:\Program Files\dotnet\packs\Microsoft.NETCore.App.Ref\10.0.2\ref/net10.0/System.Runtime.Serialization.Primitives.dll
                 Private = 'false'
             C:\Program Files\dotnet\packs\Microsoft.NETCore.App.Ref\10.0.2\ref/net10.0/System.Runtime.Serialization.Xml.dll
                 Private = 'false'
             C:\Program Files\dotnet\packs\Microsoft.NETCore.App.Ref\10.0.2\ref/net10.0/System.Runtime.Serialization.dll
                 Private = 'false'
             C:\Program Files\dotnet\packs\Microsoft.NETCore.App.Ref\10.0.2\ref/net10.0/System.Runtime.dll
                 Private = 'false'
             C:\Program Files\dotnet\packs\Microsoft.NETCore.App.Ref\10.0.2\ref/net10.0/System.Security.AccessControl.dll
                 Private = 'false'
             C:\Program Files\dotnet\packs\Microsoft.NETCore.App.Ref\10.0.2\ref/net10.0/System.Security.Claims.dll
                 Private = 'false'
             C:\Program Files\dotnet\packs\Microsoft.NETCore.App.Ref\10.0.2\ref/net10.0/System.Security.Cryptography.Algorithms.dll
                 Private = 'false'
             C:\Program Files\dotnet\packs\Microsoft.NETCore.App.Ref\10.0.2\ref/net10.0/System.Security.Cryptography.Cng.dll
                 Private = 'false'
             C:\Program Files\dotnet\packs\Microsoft.NETCore.App.Ref\10.0.2\ref/net10.0/System.Security.Cryptography.Csp.dll
                 Private = 'false'
             C:\Program Files\dotnet\packs\Microsoft.NETCore.App.Ref\10.0.2\ref/net10.0/System.Security.Cryptography.Encoding.dll
                 Private = 'false'
             C:\Program Files\dotnet\packs\Microsoft.NETCore.App.Ref\10.0.2\ref/net10.0/System.Security.Cryptography.OpenSsl.dll
                 Private = 'false'
             C:\Program Files\dotnet\packs\Microsoft.NETCore.App.Ref\10.0.2\ref/net10.0/System.Security.Cryptography.Primitives.dll
                 Private = 'false'
             C:\Program Files\dotnet\packs\Microsoft.NETCore.App.Ref\10.0.2\ref/net10.0/System.Security.Cryptography.X509Certificates.dll
                 Private = 'false'
             C:\Program Files\dotnet\packs\Microsoft.NETCore.App.Ref\10.0.2\ref/net10.0/System.Security.Cryptography.dll
                 Private = 'false'
             C:\Program Files\dotnet\packs\Microsoft.NETCore.App.Ref\10.0.2\ref/net10.0/System.Security.Principal.Windows.dll
                 Private = 'false'
             C:\Program Files\dotnet\packs\Microsoft.NETCore.App.Ref\10.0.2\ref/net10.0/System.Security.Principal.dll
                 Private = 'false'
             C:\Program Files\dotnet\packs\Microsoft.NETCore.App.Ref\10.0.2\ref/net10.0/System.Security.SecureString.dll
                 Private = 'false'
             C:\Program Files\dotnet\packs\Microsoft.NETCore.App.Ref\10.0.2\ref/net10.0/System.Security.dll
                 Private = 'false'
             C:\Program Files\dotnet\packs\Microsoft.NETCore.App.Ref\10.0.2\ref/net10.0/System.ServiceModel.Web.dll
                 Private = 'false'
             C:\Program Files\dotnet\packs\Microsoft.NETCore.App.Ref\10.0.2\ref/net10.0/System.ServiceProcess.dll
                 Private = 'false'
             C:\Program Files\dotnet\packs\Microsoft.NETCore.App.Ref\10.0.2\ref/net10.0/System.Text.Encoding.CodePages.dll
                 Private = 'false'
             C:\Program Files\dotnet\packs\Microsoft.NETCore.App.Ref\10.0.2\ref/net10.0/System.Text.Encoding.Extensions.dll
                 Private = 'false'
             C:\Program Files\dotnet\packs\Microsoft.NETCore.App.Ref\10.0.2\ref/net10.0/System.Text.Encoding.dll
                 Private = 'false'
             C:\Program Files\dotnet\packs\Microsoft.NETCore.App.Ref\10.0.2\ref/net10.0/System.Text.Encodings.Web.dll
                 Private = 'false'
             C:\Program Files\dotnet\packs\Microsoft.NETCore.App.Ref\10.0.2\ref/net10.0/System.Text.Json.dll
                 Private = 'false'
             C:\Program Files\dotnet\packs\Microsoft.NETCore.App.Ref\10.0.2\ref/net10.0/System.Text.RegularExpressions.dll
                 Private = 'false'
             C:\Program Files\dotnet\packs\Microsoft.NETCore.App.Ref\10.0.2\ref/net10.0/System.Threading.AccessControl.dll
                 Private = 'false'
             C:\Program Files\dotnet\packs\Microsoft.NETCore.App.Ref\10.0.2\ref/net10.0/System.Threading.Channels.dll
                 Private = 'false'
             C:\Program Files\dotnet\packs\Microsoft.NETCore.App.Ref\10.0.2\ref/net10.0/System.Threading.Overlapped.dll
                 Private = 'false'
             C:\Program Files\dotnet\packs\Microsoft.NETCore.App.Ref\10.0.2\ref/net10.0/System.Threading.Tasks.Dataflow.dll
                 Private = 'false'
             C:\Program Files\dotnet\packs\Microsoft.NETCore.App.Ref\10.0.2\ref/net10.0/System.Threading.Tasks.Extensions.dll
                 Private = 'false'
             C:\Program Files\dotnet\packs\Microsoft.NETCore.App.Ref\10.0.2\ref/net10.0/System.Threading.Tasks.Parallel.dll
                 Private = 'false'
             C:\Program Files\dotnet\packs\Microsoft.NETCore.App.Ref\10.0.2\ref/net10.0/System.Threading.Tasks.dll
                 Private = 'false'
             C:\Program Files\dotnet\packs\Microsoft.NETCore.App.Ref\10.0.2\ref/net10.0/System.Threading.Thread.dll
                 Private = 'false'
             C:\Program Files\dotnet\packs\Microsoft.NETCore.App.Ref\10.0.2\ref/net10.0/System.Threading.ThreadPool.dll
                 Private = 'false'
             C:\Program Files\dotnet\packs\Microsoft.NETCore.App.Ref\10.0.2\ref/net10.0/System.Threading.Timer.dll
                 Private = 'false'
             C:\Program Files\dotnet\packs\Microsoft.NETCore.App.Ref\10.0.2\ref/net10.0/System.Threading.dll
                 Private = 'false'
             C:\Program Files\dotnet\packs\Microsoft.NETCore.App.Ref\10.0.2\ref/net10.0/System.Transactions.Local.dll
                 Private = 'false'
             C:\Program Files\dotnet\packs\Microsoft.NETCore.App.Ref\10.0.2\ref/net10.0/System.Transactions.dll
                 Private = 'false'
             C:\Program Files\dotnet\packs\Microsoft.NETCore.App.Ref\10.0.2\ref/net10.0/System.ValueTuple.dll
                 Private = 'false'
             C:\Program Files\dotnet\packs\Microsoft.NETCore.App.Ref\10.0.2\ref/net10.0/System.Web.HttpUtility.dll
                 Private = 'false'
             C:\Program Files\dotnet\packs\Microsoft.NETCore.App.Ref\10.0.2\ref/net10.0/System.Web.dll
                 Private = 'false'
             C:\Program Files\dotnet\packs\Microsoft.NETCore.App.Ref\10.0.2\ref/net10.0/System.Windows.dll
                 Private = 'false'
             C:\Program Files\dotnet\packs\Microsoft.NETCore.App.Ref\10.0.2\ref/net10.0/System.Xml.Linq.dll
                 Private = 'false'
             C:\Program Files\dotnet\packs\Microsoft.NETCore.App.Ref\10.0.2\ref/net10.0/System.Xml.ReaderWriter.dll
                 Private = 'false'
             C:\Program Files\dotnet\packs\Microsoft.NETCore.App.Ref\10.0.2\ref/net10.0/System.Xml.Serialization.dll
                 Private = 'false'
             C:\Program Files\dotnet\packs\Microsoft.NETCore.App.Ref\10.0.2\ref/net10.0/System.Xml.XDocument.dll
                 Private = 'false'
             C:\Program Files\dotnet\packs\Microsoft.NETCore.App.Ref\10.0.2\ref/net10.0/System.Xml.XPath.XDocument.dll
                 Private = 'false'
             C:\Program Files\dotnet\packs\Microsoft.NETCore.App.Ref\10.0.2\ref/net10.0/System.Xml.XPath.dll
                 Private = 'false'
             C:\Program Files\dotnet\packs\Microsoft.NETCore.App.Ref\10.0.2\ref/net10.0/System.Xml.XmlDocument.dll
                 Private = 'false'
             C:\Program Files\dotnet\packs\Microsoft.NETCore.App.Ref\10.0.2\ref/net10.0/System.Xml.XmlSerializer.dll
                 Private = 'false'
             C:\Program Files\dotnet\packs\Microsoft.NETCore.App.Ref\10.0.2\ref/net10.0/System.Xml.dll
                 Private = 'false'
             C:\Program Files\dotnet\packs\Microsoft.NETCore.App.Ref\10.0.2\ref/net10.0/System.dll
                 Private = 'false'
             C:\Program Files\dotnet\packs\Microsoft.NETCore.App.Ref\10.0.2\ref/net10.0/WindowsBase.dll
                 Private = 'false'
             C:\Program Files\dotnet\packs\Microsoft.NETCore.App.Ref\10.0.2\ref/net10.0/mscorlib.dll
                 Private = 'false'
             C:\Program Files\dotnet\packs\Microsoft.NETCore.App.Ref\10.0.2\ref/net10.0/netstandard.dll
                 Private = 'false'
             C:\Users\ShShohruz\.nuget\packages\microsoft.windows.sdk.net.ref\10.0.19041.57\lib/net8.0/Microsoft.Windows.SDK.NET.dll
                 Private = 'false'
             C:\Users\ShShohruz\.nuget\packages\microsoft.windows.sdk.net.ref\10.0.19041.57\lib/net8.0/WinRT.Runtime.dll
                 Private = 'false'
         AssemblyFiles:
         CandidateAssemblyFiles:
         TargetFrameworkDirectories:
             
         NonCultureResourceDirectories:
             
         InstalledAssemblyTables:
         IgnoreInstalledAssemblyTable:
             False
         SearchPaths:
             {CandidateAssemblyFiles}
             {HintPathFromItem}
             {TargetFrameworkDirectory}
             {RawFileName}
         AllowedAssemblyExtensions:
             .winmd
             .dll
             .exe
         AllowedRelatedFileExtensions:
             .pdb
             .xml
             .pri
             .dll.config
             .exe.config
         AppConfigFile:
             
         AutoUnify:
             True
         EnableCustomCulture:
             False
         EnableCustomCulture:
             False
         CopyLocalDependenciesWhenParentReferenceInGac:
             True
         FindDependencies:
             True
         TargetProcessorArchitecture:
             amd64
         StateFile:
             obj\x64\Debug\net10.0-windows10.0.19041.0\win-x64\ChatmeWindows.csproj.AssemblyReference.cache
         InstalledAssemblySubsetTables:
         IgnoreInstalledAssemblySubsetTable:
             False
         TargetFrameworkSubsets:
         FullTargetFrameworkSubsetNames:
             Full
         ProfileName:
             
         FullFrameworkFolders:
         LatestTargetFrameworkDirectories:
         ProfileTablesLocation:
         Primary reference "Microsoft.Web.WebView2.Core.Projection, Version=1.0.3179.45, Culture=neutral, PublicKeyToken=2a8ab48044d2601e".
             Resolved file path is "C:\Users\ShShohruz\.nuget\packages\microsoft.web.webview2\1.0.3179.45\lib_manual\net8.0-windows10.0.17763.0\Microsoft.Web.WebView2.Core.Projection.dll".
             Reference found at search path location "{RawFileName}".
         Primary reference "Microsoft.Extensions.DependencyInjection, Version=10.0.0.0, Culture=neutral, PublicKeyToken=adb9793829ddae60".
             Resolved file path is "C:\Users\ShShohruz\.nuget\packages\microsoft.extensions.dependencyinjection\10.0.3\lib\net10.0\Microsoft.Extensions.DependencyInjection.dll".
             Reference found at search path location "{HintPathFromItem}".
             Found related file "C:\Users\ShShohruz\.nuget\packages\microsoft.extensions.dependencyinjection\10.0.3\lib\net10.0\Microsoft.Extensions.DependencyInjection.xml".
             This reference is not "CopyLocal" because at least one source item had "Private" set to "false" and no source items had "Private" set to "true".
         Primary reference "Microsoft.Extensions.DependencyInjection.Abstractions, Version=10.0.0.0, Culture=neutral, PublicKeyToken=adb9793829ddae60".
             Resolved file path is "C:\Users\ShShohruz\.nuget\packages\microsoft.extensions.dependencyinjection.abstractions\10.0.3\lib\net10.0\Microsoft.Extensions.DependencyInjection.Abstractions.dll".
             Reference found at search path location "{HintPathFromItem}".
             Found related file "C:\Users\ShShohruz\.nuget\packages\microsoft.extensions.dependencyinjection.abstractions\10.0.3\lib\net10.0\Microsoft.Extensions.DependencyInjection.Abstractions.xml".
             This reference is not "CopyLocal" because at least one source item had "Private" set to "false" and no source items had "Private" set to "true".
         Primary reference "Microsoft.Extensions.Logging, Version=10.0.0.0, Culture=neutral, PublicKeyToken=adb9793829ddae60".
             Resolved file path is "C:\Users\ShShohruz\.nuget\packages\microsoft.extensions.logging\10.0.3\lib\net10.0\Microsoft.Extensions.Logging.dll".
             Reference found at search path location "{HintPathFromItem}".
             Found related file "C:\Users\ShShohruz\.nuget\packages\microsoft.extensions.logging\10.0.3\lib\net10.0\Microsoft.Extensions.Logging.xml".
             This reference is not "CopyLocal" because at least one source item had "Private" set to "false" and no source items had "Private" set to "true".
         Primary reference "Microsoft.Extensions.Logging.Abstractions, Version=10.0.0.0, Culture=neutral, PublicKeyToken=adb9793829ddae60".
             Resolved file path is "C:\Users\ShShohruz\.nuget\packages\microsoft.extensions.logging.abstractions\10.0.3\lib\net10.0\Microsoft.Extensions.Logging.Abstractions.dll".
             Reference found at search path location "{HintPathFromItem}".
             Found related file "C:\Users\ShShohruz\.nuget\packages\microsoft.extensions.logging.abstractions\10.0.3\lib\net10.0\Microsoft.Extensions.Logging.Abstractions.xml".
             This reference is not "CopyLocal" because at least one source item had "Private" set to "false" and no source items had "Private" set to "true".
         Primary reference "Microsoft.Extensions.Options, Version=10.0.0.0, Culture=neutral, PublicKeyToken=adb9793829ddae60".
             Resolved file path is "C:\Users\ShShohruz\.nuget\packages\microsoft.extensions.options\10.0.3\lib\net10.0\Microsoft.Extensions.Options.dll".
             Reference found at search path location "{HintPathFromItem}".
             Found related file "C:\Users\ShShohruz\.nuget\packages\microsoft.extensions.options\10.0.3\lib\net10.0\Microsoft.Extensions.Options.xml".
             This reference is not "CopyLocal" because at least one source item had "Private" set to "false" and no source items had "Private" set to "true".
         Primary reference "Microsoft.Extensions.Primitives, Version=10.0.0.0, Culture=neutral, PublicKeyToken=adb9793829ddae60".
             Resolved file path is "C:\Users\ShShohruz\.nuget\packages\microsoft.extensions.primitives\10.0.3\lib\net10.0\Microsoft.Extensions.Primitives.dll".
             Reference found at search path location "{HintPathFromItem}".
             Found related file "C:\Users\ShShohruz\.nuget\packages\microsoft.extensions.primitives\10.0.3\lib\net10.0\Microsoft.Extensions.Primitives.xml".
             This reference is not "CopyLocal" because at least one source item had "Private" set to "false" and no source items had "Private" set to "true".
         Primary reference "Microsoft.Graphics.Imaging.Projection, Version=1.8.46.13936, Culture=neutral, PublicKeyToken=null".
             Resolved file path is "C:\Users\ShShohruz\.nuget\packages\microsoft.windowsappsdk.ai\1.8.47\lib\net6.0-windows10.0.17763.0\Microsoft.Graphics.Imaging.Projection.dll".
             Reference found at search path location "{HintPathFromItem}".
             This reference is not "CopyLocal" because at least one source item had "Private" set to "false" and no source items had "Private" set to "true".
         Primary reference "Microsoft.Windows.AI.ContentSafety.Projection, Version=1.8.46.13936, Culture=neutral, PublicKeyToken=null".
             Resolved file path is "C:\Users\ShShohruz\.nuget\packages\microsoft.windowsappsdk.ai\1.8.47\lib\net6.0-windows10.0.17763.0\Microsoft.Windows.AI.ContentSafety.Projection.dll".
             Reference found at search path location "{HintPathFromItem}".
             This reference is not "CopyLocal" because at least one source item had "Private" set to "false" and no source items had "Private" set to "true".
         Primary reference "Microsoft.Windows.AI.Foundation.Projection, Version=1.8.46.13936, Culture=neutral, PublicKeyToken=null".
             Resolved file path is "C:\Users\ShShohruz\.nuget\packages\microsoft.windowsappsdk.ai\1.8.47\lib\net6.0-windows10.0.17763.0\Microsoft.Windows.AI.Foundation.Projection.dll".
             Reference found at search path location "{HintPathFromItem}".
             This reference is not "CopyLocal" because at least one source item had "Private" set to "false" and no source items had "Private" set to "true".
         Primary reference "Microsoft.Windows.AI.Imaging.Projection, Version=1.8.46.13936, Culture=neutral, PublicKeyToken=null".
             Resolved file path is "C:\Users\ShShohruz\.nuget\packages\microsoft.windowsappsdk.ai\1.8.47\lib\net6.0-windows10.0.17763.0\Microsoft.Windows.AI.Imaging.Projection.dll".
             Reference found at search path location "{HintPathFromItem}".
             This reference is not "CopyLocal" because at least one source item had "Private" set to "false" and no source items had "Private" set to "true".
         Primary reference "Microsoft.Windows.AI.Projection, Version=1.8.46.13936, Culture=neutral, PublicKeyToken=null".
             Resolved file path is "C:\Users\ShShohruz\.nuget\packages\microsoft.windowsappsdk.ai\1.8.47\lib\net6.0-windows10.0.17763.0\Microsoft.Windows.AI.Projection.dll".
             Reference found at search path location "{HintPathFromItem}".
             This reference is not "CopyLocal" because at least one source item had "Private" set to "false" and no source items had "Private" set to "true".
         Primary reference "Microsoft.Windows.AI.Text.Projection, Version=1.8.46.13936, Culture=neutral, PublicKeyToken=null".
             Resolved file path is "C:\Users\ShShohruz\.nuget\packages\microsoft.windowsappsdk.ai\1.8.47\lib\net6.0-windows10.0.17763.0\Microsoft.Windows.AI.Text.Projection.dll".
             Reference found at search path location "{HintPathFromItem}".
             This reference is not "CopyLocal" because at least one source item had "Private" set to "false" and no source items had "Private" set to "true".
         Primary reference "Microsoft.Security.Authentication.OAuth.Projection, Version=1.8.0.0, Culture=neutral, PublicKeyToken=61733769cca94f40".
             Resolved file path is "C:\Users\ShShohruz\.nuget\packages\microsoft.windowsappsdk.foundation\1.8.260203002\lib\net6.0-windows10.0.17763.0\Microsoft.Security.Authentication.OAuth.Projection.dll".
             Reference found at search path location "{HintPathFromItem}".
             This reference is not "CopyLocal" because at least one source item had "Private" set to "false" and no source items had "Private" set to "true".
         Primary reference "Microsoft.Windows.AppLifecycle.Projection, Version=1.8.0.0, Culture=neutral, PublicKeyToken=61733769cca94f40".
             Resolved file path is "C:\Users\ShShohruz\.nuget\packages\microsoft.windowsappsdk.foundation\1.8.260203002\lib\net6.0-windows10.0.17763.0\Microsoft.Windows.AppLifecycle.Projection.dll".
             Reference found at search path location "{HintPathFromItem}".
             Found related file "C:\Users\ShShohruz\.nuget\packages\microsoft.windowsappsdk.foundation\1.8.260203002\lib\net6.0-windows10.0.17763.0\Microsoft.Windows.AppLifecycle.Projection.xml".
             This reference is not "CopyLocal" because at least one source item had "Private" set to "false" and no source items had "Private" set to "true".
         Primary reference "Microsoft.Windows.AppNotifications.Builder.Projection, Version=1.8.0.0, Culture=neutral, PublicKeyToken=61733769cca94f40".
             Resolved file path is "C:\Users\ShShohruz\.nuget\packages\microsoft.windowsappsdk.foundation\1.8.260203002\lib\net6.0-windows10.0.17763.0\Microsoft.Windows.AppNotifications.Builder.Projection.dll".
             Reference found at search path location "{HintPathFromItem}".
             Found related file "C:\Users\ShShohruz\.nuget\packages\microsoft.windowsappsdk.foundation\1.8.260203002\lib\net6.0-windows10.0.17763.0\Microsoft.Windows.AppNotifications.Builder.Projection.xml".
             This reference is not "CopyLocal" because at least one source item had "Private" set to "false" and no source items had "Private" set to "true".
         Primary reference "Microsoft.Windows.AppNotifications.Projection, Version=1.8.0.0, Culture=neutral, PublicKeyToken=61733769cca94f40".
             Resolved file path is "C:\Users\ShShohruz\.nuget\packages\microsoft.windowsappsdk.foundation\1.8.260203002\lib\net6.0-windows10.0.17763.0\Microsoft.Windows.AppNotifications.Projection.dll".
             Reference found at search path location "{HintPathFromItem}".
             Found related file "C:\Users\ShShohruz\.nuget\packages\microsoft.windowsappsdk.foundation\1.8.260203002\lib\net6.0-windows10.0.17763.0\Microsoft.Windows.AppNotifications.Projection.xml".
             This reference is not "CopyLocal" because at least one source item had "Private" set to "false" and no source items had "Private" set to "true".
         Primary reference "Microsoft.Windows.ApplicationModel.Background.Projection, Version=1.8.0.0, Culture=neutral, PublicKeyToken=61733769cca94f40".
             Resolved file path is "C:\Users\ShShohruz\.nuget\packages\microsoft.windowsappsdk.foundation\1.8.260203002\lib\net6.0-windows10.0.17763.0\Microsoft.Windows.ApplicationModel.Background.Projection.dll".
             Reference found at search path location "{HintPathFromItem}".
             This reference is not "CopyLocal" because at least one source item had "Private" set to "false" and no source items had "Private" set to "true".
         Primary reference "Microsoft.Windows.ApplicationModel.DynamicDependency.Projection, Version=1.8.0.0, Culture=neutral, PublicKeyToken=61733769cca94f40".
             Resolved file path is "C:\Users\ShShohruz\.nuget\packages\microsoft.windowsappsdk.foundation\1.8.260203002\lib\net6.0-windows10.0.17763.0\Microsoft.Windows.ApplicationModel.DynamicDependency.Projection.dll".
             Reference found at search path location "{HintPathFromItem}".
             Found related file "C:\Users\ShShohruz\.nuget\packages\microsoft.windowsappsdk.foundation\1.8.260203002\lib\net6.0-windows10.0.17763.0\Microsoft.Windows.ApplicationModel.DynamicDependency.Projection.xml".
             This reference is not "CopyLocal" because at least one source item had "Private" set to "false" and no source items had "Private" set to "true".
         Primary reference "Microsoft.Windows.ApplicationModel.Resources.Projection, Version=1.8.0.0, Culture=neutral, PublicKeyToken=61733769cca94f40".
             Resolved file path is "C:\Users\ShShohruz\.nuget\packages\microsoft.windowsappsdk.foundation\1.8.260203002\lib\net6.0-windows10.0.17763.0\Microsoft.Windows.ApplicationModel.Resources.Projection.dll".
             Reference found at search path location "{HintPathFromItem}".
             Found related file "C:\Users\ShShohruz\.nuget\packages\microsoft.windowsappsdk.foundation\1.8.260203002\lib\net6.0-windows10.0.17763.0\Microsoft.Windows.ApplicationModel.Resources.Projection.xml".
             This reference is not "CopyLocal" because at least one source item had "Private" set to "false" and no source items had "Private" set to "true".
         Primary reference "Microsoft.Windows.ApplicationModel.WindowsAppRuntime.Projection, Version=1.8.0.0, Culture=neutral, PublicKeyToken=61733769cca94f40".
             Resolved file path is "C:\Users\ShShohruz\.nuget\packages\microsoft.windowsappsdk.foundation\1.8.260203002\lib\net6.0-windows10.0.17763.0\Microsoft.Windows.ApplicationModel.WindowsAppRuntime.Projection.dll".
             Reference found at search path location "{HintPathFromItem}".
             Found related file "C:\Users\ShShohruz\.nuget\packages\microsoft.windowsappsdk.foundation\1.8.260203002\lib\net6.0-windows10.0.17763.0\Microsoft.Windows.ApplicationModel.WindowsAppRuntime.Projection.xml".
             This reference is not "CopyLocal" because at least one source item had "Private" set to "false" and no source items had "Private" set to "true".
         Primary reference "Microsoft.Windows.BadgeNotifications.Projection, Version=1.8.0.0, Culture=neutral, PublicKeyToken=61733769cca94f40".
             Resolved file path is "C:\Users\ShShohruz\.nuget\packages\microsoft.windowsappsdk.foundation\1.8.260203002\lib\net6.0-windows10.0.17763.0\Microsoft.Windows.BadgeNotifications.Projection.dll".
             Reference found at search path location "{HintPathFromItem}".
             This reference is not "CopyLocal" because at least one source item had "Private" set to "false" and no source items had "Private" set to "true".
         Primary reference "Microsoft.Windows.Foundation.Projection, Version=1.8.0.0, Culture=neutral, PublicKeyToken=61733769cca94f40".
             Resolved file path is "C:\Users\ShShohruz\.nuget\packages\microsoft.windowsappsdk.foundation\1.8.260203002\lib\net6.0-windows10.0.17763.0\Microsoft.Windows.Foundation.Projection.dll".
             Reference found at search path location "{HintPathFromItem}".
             This reference is not "CopyLocal" because at least one source item had "Private" set to "false" and no source items had "Private" set to "true".
         Primary reference "Microsoft.Windows.Management.Deployment.Projection, Version=1.8.0.0, Culture=neutral, PublicKeyToken=61733769cca94f40".
             Resolved file path is "C:\Users\ShShohruz\.nuget\packages\microsoft.windowsappsdk.foundation\1.8.260203002\lib\net6.0-windows10.0.17763.0\Microsoft.Windows.Management.Deployment.Projection.dll".
             Reference found at search path location "{HintPathFromItem}".
             Found related file "C:\Users\ShShohruz\.nuget\packages\microsoft.windowsappsdk.foundation\1.8.260203002\lib\net6.0-windows10.0.17763.0\Microsoft.Windows.Management.Deployment.Projection.xml".
             This reference is not "CopyLocal" because at least one source item had "Private" set to "false" and no source items had "Private" set to "true".
         Primary reference "Microsoft.Windows.Media.Capture.Projection, Version=1.8.0.0, Culture=neutral, PublicKeyToken=61733769cca94f40".
             Resolved file path is "C:\Users\ShShohruz\.nuget\packages\microsoft.windowsappsdk.foundation\1.8.260203002\lib\net6.0-windows10.0.17763.0\Microsoft.Windows.Media.Capture.Projection.dll".
             Reference found at search path location "{HintPathFromItem}".
             This reference is not "CopyLocal" because at least one source item had "Private" set to "false" and no source items had "Private" set to "true".
         Primary reference "Microsoft.Windows.PushNotifications.Projection, Version=1.8.0.0, Culture=neutral, PublicKeyToken=61733769cca94f40".
             Resolved file path is "C:\Users\ShShohruz\.nuget\packages\microsoft.windowsappsdk.foundation\1.8.260203002\lib\net6.0-windows10.0.17763.0\Microsoft.Windows.PushNotifications.Projection.dll".
             Reference found at search path location "{HintPathFromItem}".
             Found related file "C:\Users\ShShohruz\.nuget\packages\microsoft.windowsappsdk.foundation\1.8.260203002\lib\net6.0-windows10.0.17763.0\Microsoft.Windows.PushNotifications.Projection.xml".
             This reference is not "CopyLocal" because at least one source item had "Private" set to "false" and no source items had "Private" set to "true".
         Primary reference "Microsoft.Windows.Security.AccessControl.Projection, Version=1.8.0.0, Culture=neutral, PublicKeyToken=61733769cca94f40".
             Resolved file path is "C:\Users\ShShohruz\.nuget\packages\microsoft.windowsappsdk.foundation\1.8.260203002\lib\net6.0-windows10.0.17763.0\Microsoft.Windows.Security.AccessControl.Projection.dll".
             Reference found at search path location "{HintPathFromItem}".
             Found related file "C:\Users\ShShohruz\.nuget\packages\microsoft.windowsappsdk.foundation\1.8.260203002\lib\net6.0-windows10.0.17763.0\Microsoft.Windows.Security.AccessControl.Projection.xml".
             This reference is not "CopyLocal" because at least one source item had "Private" set to "false" and no source items had "Private" set to "true".
         Primary reference "Microsoft.Windows.Storage.Pickers.Projection, Version=1.8.0.0, Culture=neutral, PublicKeyToken=61733769cca94f40".
             Resolved file path is "C:\Users\ShShohruz\.nuget\packages\microsoft.windowsappsdk.foundation\1.8.260203002\lib\net6.0-windows10.0.17763.0\Microsoft.Windows.Storage.Pickers.Projection.dll".
             Reference found at search path location "{HintPathFromItem}".
             This reference is not "CopyLocal" because at least one source item had "Private" set to "false" and no source items had "Private" set to "true".
         Primary reference "Microsoft.Windows.Storage.Projection, Version=1.8.0.0, Culture=neutral, PublicKeyToken=61733769cca94f40".
             Resolved file path is "C:\Users\ShShohruz\.nuget\packages\microsoft.windowsappsdk.foundation\1.8.260203002\lib\net6.0-windows10.0.17763.0\Microsoft.Windows.Storage.Projection.dll".
             Reference found at search path location "{HintPathFromItem}".
             Found related file "C:\Users\ShShohruz\.nuget\packages\microsoft.windowsappsdk.foundation\1.8.260203002\lib\net6.0-windows10.0.17763.0\Microsoft.Windows.Storage.Projection.xml".
             This reference is not "CopyLocal" because at least one source item had "Private" set to "false" and no source items had "Private" set to "true".
         Primary reference "Microsoft.Windows.System.Power.Projection, Version=1.8.0.0, Culture=neutral, PublicKeyToken=61733769cca94f40".
             Resolved file path is "C:\Users\ShShohruz\.nuget\packages\microsoft.windowsappsdk.foundation\1.8.260203002\lib\net6.0-windows10.0.17763.0\Microsoft.Windows.System.Power.Projection.dll".
             Reference found at search path location "{HintPathFromItem}".
             Found related file "C:\Users\ShShohruz\.nuget\packages\microsoft.windowsappsdk.foundation\1.8.260203002\lib\net6.0-windows10.0.17763.0\Microsoft.Windows.System.Power.Projection.xml".
             This reference is not "CopyLocal" because at least one source item had "Private" set to "false" and no source items had "Private" set to "true".
         Primary reference "Microsoft.Windows.System.Projection, Version=1.8.0.0, Culture=neutral, PublicKeyToken=61733769cca94f40".
             Resolved file path is "C:\Users\ShShohruz\.nuget\packages\microsoft.windowsappsdk.foundation\1.8.260203002\lib\net6.0-windows10.0.17763.0\Microsoft.Windows.System.Projection.dll".
             Reference found at search path location "{HintPathFromItem}".
             Found related file "C:\Users\ShShohruz\.nuget\packages\microsoft.windowsappsdk.foundation\1.8.260203002\lib\net6.0-windows10.0.17763.0\Microsoft.Windows.System.Projection.xml".
             This reference is not "CopyLocal" because at least one source item had "Private" set to "false" and no source items had "Private" set to "true".
         Primary reference "Microsoft.WindowsAppRuntime.Bootstrap.Net, Version=1.8.0.0, Culture=neutral, PublicKeyToken=61733769cca94f40".
             Resolved file path is "C:\Users\ShShohruz\.nuget\packages\microsoft.windowsappsdk.foundation\1.8.260203002\lib\net6.0-windows10.0.17763.0\Microsoft.WindowsAppRuntime.Bootstrap.Net.dll".
             Reference found at search path location "{HintPathFromItem}".
             This reference is not "CopyLocal" because at least one source item had "Private" set to "false" and no source items had "Private" set to "true".
         Primary reference "Microsoft.InteractiveExperiences.Projection, Version=10.0.0.0, Culture=neutral, PublicKeyToken=31bf3856ad364e35".
             Resolved file path is "C:\Users\ShShohruz\.nuget\packages\microsoft.windowsappsdk.interactiveexperiences\1.8.260125001\lib\net6.0-windows10.0.18362.0\Microsoft.InteractiveExperiences.Projection.dll".
             Reference found at search path location "{HintPathFromItem}".
             Found related file "C:\Users\ShShohruz\.nuget\packages\microsoft.windowsappsdk.interactiveexperiences\1.8.260125001\lib\net6.0-windows10.0.18362.0\Microsoft.InteractiveExperiences.Projection.xml".
             This reference is not "CopyLocal" because at least one source item had "Private" set to "false" and no source items had "Private" set to "true".
         Primary reference "Microsoft.ML.OnnxRuntime, Version=0.0.0.0, Culture=neutral, PublicKeyToken=f27f157f0a5b7bb6".
             Resolved file path is "C:\Users\ShShohruz\.nuget\packages\microsoft.windowsappsdk.ml\1.8.2124\lib\net8.0-windows10.0.17763.0\Microsoft.ML.OnnxRuntime.dll".
             Reference found at search path location "{HintPathFromItem}".
             This reference is not "CopyLocal" because at least one source item had "Private" set to "false" and no source items had "Private" set to "true".
         Primary reference "Microsoft.Windows.AI.MachineLearning.Projection, Version=1.8.2124.44804, Culture=neutral, PublicKeyToken=null".
             Resolved file path is "C:\Users\ShShohruz\.nuget\packages\microsoft.windowsappsdk.ml\1.8.2124\lib\net8.0-windows10.0.17763.0\Microsoft.Windows.AI.MachineLearning.Projection.dll".
             Reference found at search path location "{HintPathFromItem}".
             This reference is not "CopyLocal" because at least one source item had "Private" set to "false" and no source items had "Private" set to "true".
         Primary reference "Microsoft.Windows.Widgets.Projection, Version=1.0.0.0, Culture=neutral, PublicKeyToken=null".
             Resolved file path is "C:\Users\ShShohruz\.nuget\packages\microsoft.windowsappsdk.widgets\1.8.251231004\lib\net6.0-windows10.0.17763.0\Microsoft.Windows.Widgets.Projection.dll".
             Reference found at search path location "{HintPathFromItem}".
             Found related file "C:\Users\ShShohruz\.nuget\packages\microsoft.windowsappsdk.widgets\1.8.251231004\lib\net6.0-windows10.0.17763.0\Microsoft.Windows.Widgets.Projection.xml".
             This reference is not "CopyLocal" because at least one source item had "Private" set to "false" and no source items had "Private" set to "true".
         Primary reference "Microsoft.WinUI, Version=3.0.0.0, Culture=neutral, PublicKeyToken=de31ebe4ad15742b".
             Resolved file path is "C:\Users\ShShohruz\.nuget\packages\microsoft.windowsappsdk.winui\1.8.260204000\lib\net6.0-windows10.0.17763.0\Microsoft.WinUI.dll".
             Reference found at search path location "{HintPathFromItem}".
             Found related file "C:\Users\ShShohruz\.nuget\packages\microsoft.windowsappsdk.winui\1.8.260204000\lib\net6.0-windows10.0.17763.0\Microsoft.WinUI.xml".
             This reference is not "CopyLocal" because at least one source item had "Private" set to "false" and no source items had "Private" set to "true".
         Primary reference "Newtonsoft.Json, Version=13.0.0.0, Culture=neutral, PublicKeyToken=30ad4fe6b2a6aeed".
             Resolved file path is "C:\Users\ShShohruz\.nuget\packages\newtonsoft.json\13.0.4\lib\net6.0\Newtonsoft.Json.dll".
             Reference found at search path location "{HintPathFromItem}".
             Found related file "C:\Users\ShShohruz\.nuget\packages\newtonsoft.json\13.0.4\lib\net6.0\Newtonsoft.Json.xml".
             This reference is not "CopyLocal" because at least one source item had "Private" set to "false" and no source items had "Private" set to "true".
         Primary reference "SocketIOClient, Version=4.0.1.0, Culture=neutral, PublicKeyToken=null".
             Resolved file path is "C:\Users\ShShohruz\.nuget\packages\socketioclient\4.0.1\lib\net8.0\SocketIOClient.dll".
             Reference found at search path location "{HintPathFromItem}".
             This reference is not "CopyLocal" because at least one source item had "Private" set to "false" and no source items had "Private" set to "true".
         Primary reference "SocketIOClient.Common, Version=4.0.0.0, Culture=neutral, PublicKeyToken=null".
             Resolved file path is "C:\Users\ShShohruz\.nuget\packages\socketioclient.common\4.0.0\lib\net8.0\SocketIOClient.Common.dll".
             Reference found at search path location "{HintPathFromItem}".
             This reference is not "CopyLocal" because at least one source item had "Private" set to "false" and no source items had "Private" set to "true".
         Primary reference "SocketIOClient.Serializer, Version=4.0.0.1, Culture=neutral, PublicKeyToken=null".
             Resolved file path is "C:\Users\ShShohruz\.nuget\packages\socketioclient.serializer\4.0.0.1\lib\net8.0\SocketIOClient.Serializer.dll".
             Reference found at search path location "{HintPathFromItem}".
             This reference is not "CopyLocal" because at least one source item had "Private" set to "false" and no source items had "Private" set to "true".
         Primary reference "System.Numerics.Tensors, Version=9.0.0.0, Culture=neutral, PublicKeyToken=cc7b13ffcd2ddd51".
             Resolved file path is "C:\Users\ShShohruz\.nuget\packages\system.numerics.tensors\9.0.0\lib\net9.0\System.Numerics.Tensors.dll".
             Reference found at search path location "{HintPathFromItem}".
             Found related file "C:\Users\ShShohruz\.nuget\packages\system.numerics.tensors\9.0.0\lib\net9.0\System.Numerics.Tensors.xml".
             This reference is not "CopyLocal" because at least one source item had "Private" set to "false" and no source items had "Private" set to "true".
         Primary reference "Microsoft.CSharp, Version=10.0.0.0, Culture=neutral, PublicKeyToken=b03f5f7f11d50a3a".
             Resolved file path is "C:\Program Files\dotnet\packs\Microsoft.NETCore.App.Ref\10.0.2\ref\net10.0\Microsoft.CSharp.dll".
             Reference found at search path location "{RawFileName}".
             This reference is not "CopyLocal" because at least one source item had "Private" set to "false" and no source items had "Private" set to "true".
         Primary reference "Microsoft.VisualBasic.Core, Version=15.0.0.0, Culture=neutral, PublicKeyToken=b03f5f7f11d50a3a".
             Resolved file path is "C:\Program Files\dotnet\packs\Microsoft.NETCore.App.Ref\10.0.2\ref\net10.0\Microsoft.VisualBasic.Core.dll".
             Reference found at search path location "{RawFileName}".
             This reference is not "CopyLocal" because at least one source item had "Private" set to "false" and no source items had "Private" set to "true".
         Primary reference "Microsoft.VisualBasic, Version=10.0.0.0, Culture=neutral, PublicKeyToken=b03f5f7f11d50a3a".
             Resolved file path is "C:\Program Files\dotnet\packs\Microsoft.NETCore.App.Ref\10.0.2\ref\net10.0\Microsoft.VisualBasic.dll".
             Reference found at search path location "{RawFileName}".
             This reference is not "CopyLocal" because at least one source item had "Private" set to "false" and no source items had "Private" set to "true".
         Primary reference "Microsoft.Win32.Primitives, Version=10.0.0.0, Culture=neutral, PublicKeyToken=b03f5f7f11d50a3a".
             Resolved file path is "C:\Program Files\dotnet\packs\Microsoft.NETCore.App.Ref\10.0.2\ref\net10.0\Microsoft.Win32.Primitives.dll".
             Reference found at search path location "{RawFileName}".
             This reference is not "CopyLocal" because at least one source item had "Private" set to "false" and no source items had "Private" set to "true".
         Primary reference "Microsoft.Win32.Registry, Version=10.0.0.0, Culture=neutral, PublicKeyToken=b03f5f7f11d50a3a".
             Resolved file path is "C:\Program Files\dotnet\packs\Microsoft.NETCore.App.Ref\10.0.2\ref\net10.0\Microsoft.Win32.Registry.dll".
             Reference found at search path location "{RawFileName}".
             This reference is not "CopyLocal" because at least one source item had "Private" set to "false" and no source items had "Private" set to "true".
         Primary reference "System.AppContext, Version=10.0.0.0, Culture=neutral, PublicKeyToken=b03f5f7f11d50a3a".
             Resolved file path is "C:\Program Files\dotnet\packs\Microsoft.NETCore.App.Ref\10.0.2\ref\net10.0\System.AppContext.dll".
             Reference found at search path location "{RawFileName}".
             This reference is not "CopyLocal" because at least one source item had "Private" set to "false" and no source items had "Private" set to "true".
         Primary reference "System.Buffers, Version=10.0.0.0, Culture=neutral, PublicKeyToken=cc7b13ffcd2ddd51".
             Resolved file path is "C:\Program Files\dotnet\packs\Microsoft.NETCore.App.Ref\10.0.2\ref\net10.0\System.Buffers.dll".
             Reference found at search path location "{RawFileName}".
             This reference is not "CopyLocal" because at least one source item had "Private" set to "false" and no source items had "Private" set to "true".
         Unified primary reference "System.Collections.Concurrent, Version=10.0.0.0, Culture=neutral, PublicKeyToken=b03f5f7f11d50a3a".
             Using this version instead of original version "8.0.0.0" in "C:\Users\ShShohruz\.nuget\packages\microsoft.web.webview2\1.0.3179.45\lib_manual\net8.0-windows10.0.17763.0\Microsoft.Web.WebView2.Core.Projection.dll" because AutoUnify is 'true'.
             Using this version instead of original version "6.0.0.0" in "C:\Users\ShShohruz\.nuget\packages\microsoft.windowsappsdk.ai\1.8.47\lib\net6.0-windows10.0.17763.0\Microsoft.Graphics.Imaging.Projection.dll" because AutoUnify is 'true'.
             Using this version instead of original version "6.0.0.0" in "C:\Users\ShShohruz\.nuget\packages\microsoft.windowsappsdk.ai\1.8.47\lib\net6.0-windows10.0.17763.0\Microsoft.Windows.AI.ContentSafety.Projection.dll" because AutoUnify is 'true'.
             Using this version instead of original version "6.0.0.0" in "C:\Users\ShShohruz\.nuget\packages\microsoft.windowsappsdk.ai\1.8.47\lib\net6.0-windows10.0.17763.0\Microsoft.Windows.AI.Foundation.Projection.dll" because AutoUnify is 'true'.
             Using this version instead of original version "6.0.0.0" in "C:\Users\ShShohruz\.nuget\packages\microsoft.windowsappsdk.ai\1.8.47\lib\net6.0-windows10.0.17763.0\Microsoft.Windows.AI.Imaging.Projection.dll" because AutoUnify is 'true'.
             Using this version instead of original version "6.0.0.0" in "C:\Users\ShShohruz\.nuget\packages\microsoft.windowsappsdk.ai\1.8.47\lib\net6.0-windows10.0.17763.0\Microsoft.Windows.AI.Projection.dll" because AutoUnify is 'true'.
             Using this version instead of original version "6.0.0.0" in "C:\Users\ShShohruz\.nuget\packages\microsoft.windowsappsdk.ai\1.8.47\lib\net6.0-windows10.0.17763.0\Microsoft.Windows.AI.Text.Projection.dll" because AutoUnify is 'true'.
             Using this version instead of original version "6.0.0.0" in "C:\Users\ShShohruz\.nuget\packages\microsoft.windowsappsdk.foundation\1.8.260203002\lib\net6.0-windows10.0.17763.0\Microsoft.Security.Authentication.OAuth.Projection.dll" because AutoUnify is 'true'.
             Using this version instead of original version "6.0.0.0" in "C:\Users\ShShohruz\.nuget\packages\microsoft.windowsappsdk.foundation\1.8.260203002\lib\net6.0-windows10.0.17763.0\Microsoft.Windows.AppLifecycle.Projection.dll" because AutoUnify is 'true'.
             Using this version instead of original version "6.0.0.0" in "C:\Users\ShShohruz\.nuget\packages\microsoft.windowsappsdk.foundation\1.8.260203002\lib\net6.0-windows10.0.17763.0\Microsoft.Windows.AppNotifications.Builder.Projection.dll" because AutoUnify is 'true'.
             Using this version instead of original version "6.0.0.0" in "C:\Users\ShShohruz\.nuget\packages\microsoft.windowsappsdk.foundation\1.8.260203002\lib\net6.0-windows10.0.17763.0\Microsoft.Windows.AppNotifications.Projection.dll" because AutoUnify is 'true'.
             Using this version instead of original version "6.0.0.0" in "C:\Users\ShShohruz\.nuget\packages\microsoft.windowsappsdk.foundation\1.8.260203002\lib\net6.0-windows10.0.17763.0\Microsoft.Windows.ApplicationModel.Background.Projection.dll" because AutoUnify is 'true'.
             Using this version instead of original version "6.0.0.0" in "C:\Users\ShShohruz\.nuget\packages\microsoft.windowsappsdk.foundation\1.8.260203002\lib\net6.0-windows10.0.17763.0\Microsoft.Windows.ApplicationModel.DynamicDependency.Projection.dll" because AutoUnify is 'true'.
             Using this version instead of original version "6.0.0.0" in "C:\Users\ShShohruz\.nuget\packages\microsoft.windowsappsdk.foundation\1.8.260203002\lib\net6.0-windows10.0.17763.0\Microsoft.Windows.ApplicationModel.Resources.Projection.dll" because AutoUnify is 'true'.
             Using this version instead of original version "6.0.0.0" in "C:\Users\ShShohruz\.nuget\packages\microsoft.windowsappsdk.foundation\1.8.260203002\lib\net6.0-windows10.0.17763.0\Microsoft.Windows.ApplicationModel.WindowsAppRuntime.Projection.dll" because AutoUnify is 'true'.
             Using this version instead of original version "6.0.0.0" in "C:\Users\ShShohruz\.nuget\packages\microsoft.windowsappsdk.foundation\1.8.260203002\lib\net6.0-windows10.0.17763.0\Microsoft.Windows.BadgeNotifications.Projection.dll" because AutoUnify is 'true'.
             Using this version instead of original version "6.0.0.0" in "C:\Users\ShShohruz\.nuget\packages\microsoft.windowsappsdk.foundation\1.8.260203002\lib\net6.0-windows10.0.17763.0\Microsoft.Windows.Management.Deployment.Projection.dll" because AutoUnify is 'true'.
             Using this version instead of original version "6.0.0.0" in "C:\Users\ShShohruz\.nuget\packages\microsoft.windowsappsdk.foundation\1.8.260203002\lib\net6.0-windows10.0.17763.0\Microsoft.Windows.Media.Capture.Projection.dll" because AutoUnify is 'true'.
             Using this version instead of original version "6.0.0.0" in "C:\Users\ShShohruz\.nuget\packages\microsoft.windowsappsdk.foundation\1.8.260203002\lib\net6.0-windows10.0.17763.0\Microsoft.Windows.PushNotifications.Projection.dll" because AutoUnify is 'true'.
             Using this version instead of original version "6.0.0.0" in "C:\Users\ShShohruz\.nuget\packages\microsoft.windowsappsdk.foundation\1.8.260203002\lib\net6.0-windows10.0.17763.0\Microsoft.Windows.Storage.Pickers.Projection.dll" because AutoUnify is 'true'.
             Using this version instead of original version "6.0.0.0" in "C:\Users\ShShohruz\.nuget\packages\microsoft.windowsappsdk.foundation\1.8.260203002\lib\net6.0-windows10.0.17763.0\Microsoft.Windows.Storage.Projection.dll" because AutoUnify is 'true'.
             Using this version instead of original version "6.0.0.0" in "C:\Users\ShShohruz\.nuget\packages\microsoft.windowsappsdk.foundation\1.8.260203002\lib\net6.0-windows10.0.17763.0\Microsoft.Windows.System.Projection.dll" because AutoUnify is 'true'.
             Using this version instead of original version "6.0.0.0" in "C:\Users\ShShohruz\.nuget\packages\microsoft.windowsappsdk.interactiveexperiences\1.8.260125001\lib\net6.0-windows10.0.18362.0\Microsoft.InteractiveExperiences.Projection.dll" because AutoUnify is 'true'.
             Using this version instead of original version "6.0.0.0" in "C:\Users\ShShohruz\.nuget\packages\microsoft.windowsappsdk.ml\1.8.2124\lib\net8.0-windows10.0.17763.0\Microsoft.Windows.AI.MachineLearning.Projection.dll" because AutoUnify is 'true'.
             Using this version instead of original version "6.0.0.0" in "C:\Users\ShShohruz\.nuget\packages\microsoft.windowsappsdk.widgets\1.8.251231004\lib\net6.0-windows10.0.17763.0\Microsoft.Windows.Widgets.Projection.dll" because AutoUnify is 'true'.
             Using this version instead of original version "6.0.0.0" in "C:\Users\ShShohruz\.nuget\packages\microsoft.windowsappsdk.winui\1.8.260204000\lib\net6.0-windows10.0.17763.0\Microsoft.WinUI.dll" because AutoUnify is 'true'.
             Using this version instead of original version "6.0.0.0" in "C:\Users\ShShohruz\.nuget\packages\newtonsoft.json\13.0.4\lib\net6.0\Newtonsoft.Json.dll" because AutoUnify is 'true'.
             Resolved file path is "C:\Program Files\dotnet\packs\Microsoft.NETCore.App.Ref\10.0.2\ref\net10.0\System.Collections.Concurrent.dll".
             Reference found at search path location "{RawFileName}".
             This reference is not "CopyLocal" because at least one source item had "Private" set to "false" and no source items had "Private" set to "true".
         Primary reference "System.Collections.Immutable, Version=10.0.0.0, Culture=neutral, PublicKeyToken=b03f5f7f11d50a3a".
             Resolved file path is "C:\Program Files\dotnet\packs\Microsoft.NETCore.App.Ref\10.0.2\ref\net10.0\System.Collections.Immutable.dll".
             Reference found at search path location "{RawFileName}".
             This reference is not "CopyLocal" because at least one source item had "Private" set to "false" and no source items had "Private" set to "true".
         Primary reference "System.Collections.NonGeneric, Version=10.0.0.0, Culture=neutral, PublicKeyToken=b03f5f7f11d50a3a".
             Resolved file path is "C:\Program Files\dotnet\packs\Microsoft.NETCore.App.Ref\10.0.2\ref\net10.0\System.Collections.NonGeneric.dll".
             Reference found at search path location "{RawFileName}".
             This reference is not "CopyLocal" because at least one source item had "Private" set to "false" and no source items had "Private" set to "true".
         Unified primary reference "System.Collections.Specialized, Version=10.0.0.0, Culture=neutral, PublicKeyToken=b03f5f7f11d50a3a".
             Using this version instead of original version "8.0.0.0" in "C:\Users\ShShohruz\.nuget\packages\socketioclient\4.0.1\lib\net8.0\SocketIOClient.dll" because AutoUnify is 'true'.
             Resolved file path is "C:\Program Files\dotnet\packs\Microsoft.NETCore.App.Ref\10.0.2\ref\net10.0\System.Collections.Specialized.dll".
             Reference found at search path location "{RawFileName}".
             This reference is not "CopyLocal" because at least one source item had "Private" set to "false" and no source items had "Private" set to "true".
         Unified primary reference "System.Collections, Version=10.0.0.0, Culture=neutral, PublicKeyToken=b03f5f7f11d50a3a".
             Using this version instead of original version "8.0.0.0" in "C:\Users\ShShohruz\.nuget\packages\microsoft.web.webview2\1.0.3179.45\lib_manual\net8.0-windows10.0.17763.0\Microsoft.Web.WebView2.Core.Projection.dll" because AutoUnify is 'true'.
             Using this version instead of original version "6.0.0.0" in "C:\Users\ShShohruz\.nuget\packages\microsoft.windowsappsdk.interactiveexperiences\1.8.260125001\lib\net6.0-windows10.0.18362.0\Microsoft.InteractiveExperiences.Projection.dll" because AutoUnify is 'true'.
             Using this version instead of original version "8.0.0.0" in "C:\Users\ShShohruz\.nuget\packages\microsoft.windowsappsdk.ml\1.8.2124\lib\net8.0-windows10.0.17763.0\Microsoft.ML.OnnxRuntime.dll" because AutoUnify is 'true'.
             Using this version instead of original version "6.0.0.0" in "C:\Users\ShShohruz\.nuget\packages\microsoft.windowsappsdk.winui\1.8.260204000\lib\net6.0-windows10.0.17763.0\Microsoft.WinUI.dll" because AutoUnify is 'true'.
             Using this version instead of original version "6.0.0.0" in "C:\Users\ShShohruz\.nuget\packages\newtonsoft.json\13.0.4\lib\net6.0\Newtonsoft.Json.dll" because AutoUnify is 'true'.
             Using this version instead of original version "8.0.0.0" in "C:\Users\ShShohruz\.nuget\packages\socketioclient\4.0.1\lib\net8.0\SocketIOClient.dll" because AutoUnify is 'true'.
             Using this version instead of original version "8.0.0.0" in "C:\Users\ShShohruz\.nuget\packages\socketioclient.common\4.0.0\lib\net8.0\SocketIOClient.Common.dll" because AutoUnify is 'true'.
             Using this version instead of original version "8.0.0.0" in "C:\Users\ShShohruz\.nuget\packages\socketioclient.serializer\4.0.0.1\lib\net8.0\SocketIOClient.Serializer.dll" because AutoUnify is 'true'.
             Using this version instead of original version "9.0.0.0" in "C:\Users\ShShohruz\.nuget\packages\system.numerics.tensors\9.0.0\lib\net9.0\System.Numerics.Tensors.dll" because AutoUnify is 'true'.
             Resolved file path is "C:\Program Files\dotnet\packs\Microsoft.NETCore.App.Ref\10.0.2\ref\net10.0\System.Collections.dll".
             Reference found at search path location "{RawFileName}".
             This reference is not "CopyLocal" because at least one source item had "Private" set to "false" and no source items had "Private" set to "true".
         Primary reference "System.ComponentModel.Annotations, Version=10.0.0.0, Culture=neutral, PublicKeyToken=b03f5f7f11d50a3a".
             Resolved file path is "C:\Program Files\dotnet\packs\Microsoft.NETCore.App.Ref\10.0.2\ref\net10.0\System.ComponentModel.Annotations.dll".
             Reference found at search path location "{RawFileName}".
             This reference is not "CopyLocal" because at least one source item had "Private" set to "false" and no source items had "Private" set to "true".
         Primary reference "System.ComponentModel.DataAnnotations, Version=4.0.0.0, Culture=neutral, PublicKeyToken=31bf3856ad364e35".
             Resolved file path is "C:\Program Files\dotnet\packs\Microsoft.NETCore.App.Ref\10.0.2\ref\net10.0\System.ComponentModel.DataAnnotations.dll".
             Reference found at search path location "{RawFileName}".
             This reference is not "CopyLocal" because at least one source item had "Private" set to "false" and no source items had "Private" set to "true".
         Primary reference "System.ComponentModel.EventBasedAsync, Version=10.0.0.0, Culture=neutral, PublicKeyToken=b03f5f7f11d50a3a".
             Resolved file path is "C:\Program Files\dotnet\packs\Microsoft.NETCore.App.Ref\10.0.2\ref\net10.0\System.ComponentModel.EventBasedAsync.dll".
             Reference found at search path location "{RawFileName}".
             This reference is not "CopyLocal" because at least one source item had "Private" set to "false" and no source items had "Private" set to "true".
         Unified primary reference "System.ComponentModel.Primitives, Version=10.0.0.0, Culture=neutral, PublicKeyToken=b03f5f7f11d50a3a".
             Using this version instead of original version "6.0.0.0" in "C:\Users\ShShohruz\.nuget\packages\newtonsoft.json\13.0.4\lib\net6.0\Newtonsoft.Json.dll" because AutoUnify is 'true'.
             Resolved file path is "C:\Program Files\dotnet\packs\Microsoft.NETCore.App.Ref\10.0.2\ref\net10.0\System.ComponentModel.Primitives.dll".
             Reference found at search path location "{RawFileName}".
             This reference is not "CopyLocal" because at least one source item had "Private" set to "false" and no source items had "Private" set to "true".
         Unified primary reference "System.ComponentModel.TypeConverter, Version=10.0.0.0, Culture=neutral, PublicKeyToken=b03f5f7f11d50a3a".
             Using this version instead of original version "6.0.0.0" in "C:\Users\ShShohruz\.nuget\packages\newtonsoft.json\13.0.4\lib\net6.0\Newtonsoft.Json.dll" because AutoUnify is 'true'.
             Resolved file path is "C:\Program Files\dotnet\packs\Microsoft.NETCore.App.Ref\10.0.2\ref\net10.0\System.ComponentModel.TypeConverter.dll".
             Reference found at search path location "{RawFileName}".
             This reference is not "CopyLocal" because at least one source item had "Private" set to "false" and no source items had "Private" set to "true".
         Unified primary reference "System.ComponentModel, Version=10.0.0.0, Culture=neutral, PublicKeyToken=b03f5f7f11d50a3a".
             Using this version instead of original version "8.0.0.0" in "C:\Users\ShShohruz\.nuget\packages\socketioclient\4.0.1\lib\net8.0\SocketIOClient.dll" because AutoUnify is 'true'.
             Resolved file path is "C:\Program Files\dotnet\packs\Microsoft.NETCore.App.Ref\10.0.2\ref\net10.0\System.ComponentModel.dll".
             Reference found at search path location "{RawFileName}".
             This reference is not "CopyLocal" because at least one source item had "Private" set to "false" and no source items had "Private" set to "true".
         Primary reference "System.Configuration, Version=4.0.0.0, Culture=neutral, PublicKeyToken=b03f5f7f11d50a3a".
             Resolved file path is "C:\Program Files\dotnet\packs\Microsoft.NETCore.App.Ref\10.0.2\ref\net10.0\System.Configuration.dll".
             Reference found at search path location "{RawFileName}".
             This reference is not "CopyLocal" because at least one source item had "Private" set to "false" and no source items had "Private" set to "true".
         Primary reference "System.Console, Version=10.0.0.0, Culture=neutral, PublicKeyToken=b03f5f7f11d50a3a".
             Resolved file path is "C:\Program Files\dotnet\packs\Microsoft.NETCore.App.Ref\10.0.2\ref\net10.0\System.Console.dll".
             Reference found at search path location "{RawFileName}".
             This reference is not "CopyLocal" because at least one source item had "Private" set to "false" and no source items had "Private" set to "true".
         Primary reference "System.Core, Version=4.0.0.0, Culture=neutral, PublicKeyToken=b77a5c561934e089".
             Resolved file path is "C:\Program Files\dotnet\packs\Microsoft.NETCore.App.Ref\10.0.2\ref\net10.0\System.Core.dll".
             Reference found at search path location "{RawFileName}".
             This reference is not "CopyLocal" because at least one source item had "Private" set to "false" and no source items had "Private" set to "true".
         Unified primary reference "System.Data.Common, Version=10.0.0.0, Culture=neutral, PublicKeyToken=b03f5f7f11d50a3a".
             Using this version instead of original version "6.0.0.0" in "C:\Users\ShShohruz\.nuget\packages\newtonsoft.json\13.0.4\lib\net6.0\Newtonsoft.Json.dll" because AutoUnify is 'true'.
             Resolved file path is "C:\Program Files\dotnet\packs\Microsoft.NETCore.App.Ref\10.0.2\ref\net10.0\System.Data.Common.dll".
             Reference found at search path location "{RawFileName}".
             This reference is not "CopyLocal" because at least one source item had "Private" set to "false" and no source items had "Private" set to "true".
         Primary reference "System.Data.DataSetExtensions, Version=10.0.0.0, Culture=neutral, PublicKeyToken=b77a5c561934e089".
             Resolved file path is "C:\Program Files\dotnet\packs\Microsoft.NETCore.App.Ref\10.0.2\ref\net10.0\System.Data.DataSetExtensions.dll".
             Reference found at search path location "{RawFileName}".
             This reference is not "CopyLocal" because at least one source item had "Private" set to "false" and no source items had "Private" set to "true".
         Primary reference "System.Data, Version=4.0.0.0, Culture=neutral, PublicKeyToken=b77a5c561934e089".
             Resolved file path is "C:\Program Files\dotnet\packs\Microsoft.NETCore.App.Ref\10.0.2\ref\net10.0\System.Data.dll".
             Reference found at search path location "{RawFileName}".
             This reference is not "CopyLocal" because at least one source item had "Private" set to "false" and no source items had "Private" set to "true".
         Primary reference "System.Diagnostics.Contracts, Version=10.0.0.0, Culture=neutral, PublicKeyToken=b03f5f7f11d50a3a".
             Resolved file path is "C:\Program Files\dotnet\packs\Microsoft.NETCore.App.Ref\10.0.2\ref\net10.0\System.Diagnostics.Contracts.dll".
             Reference found at search path location "{RawFileName}".
             This reference is not "CopyLocal" because at least one source item had "Private" set to "false" and no source items had "Private" set to "true".
         Primary reference "System.Diagnostics.Debug, Version=10.0.0.0, Culture=neutral, PublicKeyToken=b03f5f7f11d50a3a".
             Resolved file path is "C:\Program Files\dotnet\packs\Microsoft.NETCore.App.Ref\10.0.2\ref\net10.0\System.Diagnostics.Debug.dll".
             Reference found at search path location "{RawFileName}".
             This reference is not "CopyLocal" because at least one source item had "Private" set to "false" and no source items had "Private" set to "true".
         Primary reference "System.Diagnostics.DiagnosticSource, Version=10.0.0.0, Culture=neutral, PublicKeyToken=cc7b13ffcd2ddd51".
             Resolved file path is "C:\Program Files\dotnet\packs\Microsoft.NETCore.App.Ref\10.0.2\ref\net10.0\System.Diagnostics.DiagnosticSource.dll".
             Reference found at search path location "{RawFileName}".
             This reference is not "CopyLocal" because at least one source item had "Private" set to "false" and no source items had "Private" set to "true".
         Primary reference "System.Diagnostics.FileVersionInfo, Version=10.0.0.0, Culture=neutral, PublicKeyToken=b03f5f7f11d50a3a".
             Resolved file path is "C:\Program Files\dotnet\packs\Microsoft.NETCore.App.Ref\10.0.2\ref\net10.0\System.Diagnostics.FileVersionInfo.dll".
             Reference found at search path location "{RawFileName}".
             This reference is not "CopyLocal" because at least one source item had "Private" set to "false" and no source items had "Private" set to "true".
         Primary reference "System.Diagnostics.Process, Version=10.0.0.0, Culture=neutral, PublicKeyToken=b03f5f7f11d50a3a".
             Resolved file path is "C:\Program Files\dotnet\packs\Microsoft.NETCore.App.Ref\10.0.2\ref\net10.0\System.Diagnostics.Process.dll".
             Reference found at search path location "{RawFileName}".
             This reference is not "CopyLocal" because at least one source item had "Private" set to "false" and no source items had "Private" set to "true".
         Primary reference "System.Diagnostics.StackTrace, Version=10.0.0.0, Culture=neutral, PublicKeyToken=b03f5f7f11d50a3a".
             Resolved file path is "C:\Program Files\dotnet\packs\Microsoft.NETCore.App.Ref\10.0.2\ref\net10.0\System.Diagnostics.StackTrace.dll".
             Reference found at search path location "{RawFileName}".
             This reference is not "CopyLocal" because at least one source item had "Private" set to "false" and no source items had "Private" set to "true".
         Primary reference "System.Diagnostics.TextWriterTraceListener, Version=10.0.0.0, Culture=neutral, PublicKeyToken=b03f5f7f11d50a3a".
             Resolved file path is "C:\Program Files\dotnet\packs\Microsoft.NETCore.App.Ref\10.0.2\ref\net10.0\System.Diagnostics.TextWriterTraceListener.dll".
             Reference found at search path location "{RawFileName}".
             This reference is not "CopyLocal" because at least one source item had "Private" set to "false" and no source items had "Private" set to "true".
         Primary reference "System.Diagnostics.Tools, Version=10.0.0.0, Culture=neutral, PublicKeyToken=b03f5f7f11d50a3a".
             Resolved file path is "C:\Program Files\dotnet\packs\Microsoft.NETCore.App.Ref\10.0.2\ref\net10.0\System.Diagnostics.Tools.dll".
             Reference found at search path location "{RawFileName}".
             This reference is not "CopyLocal" because at least one source item had "Private" set to "false" and no source items had "Private" set to "true".
         Unified primary reference "System.Diagnostics.TraceSource, Version=10.0.0.0, Culture=neutral, PublicKeyToken=b03f5f7f11d50a3a".
             Using this version instead of original version "6.0.0.0" in "C:\Users\ShShohruz\.nuget\packages\newtonsoft.json\13.0.4\lib\net6.0\Newtonsoft.Json.dll" because AutoUnify is 'true'.
             Resolved file path is "C:\Program Files\dotnet\packs\Microsoft.NETCore.App.Ref\10.0.2\ref\net10.0\System.Diagnostics.TraceSource.dll".
             Reference found at search path location "{RawFileName}".
             This reference is not "CopyLocal" because at least one source item had "Private" set to "false" and no source items had "Private" set to "true".
         Primary reference "System.Diagnostics.Tracing, Version=10.0.0.0, Culture=neutral, PublicKeyToken=b03f5f7f11d50a3a".
             Resolved file path is "C:\Program Files\dotnet\packs\Microsoft.NETCore.App.Ref\10.0.2\ref\net10.0\System.Diagnostics.Tracing.dll".
             Reference found at search path location "{RawFileName}".
             This reference is not "CopyLocal" because at least one source item had "Private" set to "false" and no source items had "Private" set to "true".
         Primary reference "System.Drawing.Primitives, Version=10.0.0.0, Culture=neutral, PublicKeyToken=b03f5f7f11d50a3a".
             Resolved file path is "C:\Program Files\dotnet\packs\Microsoft.NETCore.App.Ref\10.0.2\ref\net10.0\System.Drawing.Primitives.dll".
             Reference found at search path location "{RawFileName}".
             This reference is not "CopyLocal" because at least one source item had "Private" set to "false" and no source items had "Private" set to "true".
         Primary reference "System.Drawing, Version=4.0.0.0, Culture=neutral, PublicKeyToken=b03f5f7f11d50a3a".
             Resolved file path is "C:\Program Files\dotnet\packs\Microsoft.NETCore.App.Ref\10.0.2\ref\net10.0\System.Drawing.dll".
             Reference found at search path location "{RawFileName}".
             This reference is not "CopyLocal" because at least one source item had "Private" set to "false" and no source items had "Private" set to "true".
         Primary reference "System.Dynamic.Runtime, Version=10.0.0.0, Culture=neutral, PublicKeyToken=b03f5f7f11d50a3a".
             Resolved file path is "C:\Program Files\dotnet\packs\Microsoft.NETCore.App.Ref\10.0.2\ref\net10.0\System.Dynamic.Runtime.dll".
             Reference found at search path location "{RawFileName}".
             This reference is not "CopyLocal" because at least one source item had "Private" set to "false" and no source items had "Private" set to "true".
         Primary reference "System.Formats.Asn1, Version=10.0.0.0, Culture=neutral, PublicKeyToken=cc7b13ffcd2ddd51".
             Resolved file path is "C:\Program Files\dotnet\packs\Microsoft.NETCore.App.Ref\10.0.2\ref\net10.0\System.Formats.Asn1.dll".
             Reference found at search path location "{RawFileName}".
             This reference is not "CopyLocal" because at least one source item had "Private" set to "false" and no source items had "Private" set to "true".
         Primary reference "System.Formats.Tar, Version=10.0.0.0, Culture=neutral, PublicKeyToken=cc7b13ffcd2ddd51".
             Resolved file path is "C:\Program Files\dotnet\packs\Microsoft.NETCore.App.Ref\10.0.2\ref\net10.0\System.Formats.Tar.dll".
             Reference found at search path location "{RawFileName}".
             This reference is not "CopyLocal" because at least one source item had "Private" set to "false" and no source items had "Private" set to "true".
         Primary reference "System.Globalization.Calendars, Version=10.0.0.0, Culture=neutral, PublicKeyToken=b03f5f7f11d50a3a".
             Resolved file path is "C:\Program Files\dotnet\packs\Microsoft.NETCore.App.Ref\10.0.2\ref\net10.0\System.Globalization.Calendars.dll".
             Reference found at search path location "{RawFileName}".
             This reference is not "CopyLocal" because at least one source item had "Private" set to "false" and no source items had "Private" set to "true".
         Primary reference "System.Globalization.Extensions, Version=10.0.0.0, Culture=neutral, PublicKeyToken=b03f5f7f11d50a3a".
             Resolved file path is "C:\Program Files\dotnet\packs\Microsoft.NETCore.App.Ref\10.0.2\ref\net10.0\System.Globalization.Extensions.dll".
             Reference found at search path location "{RawFileName}".
             This reference is not "CopyLocal" because at least one source item had "Private" set to "false" and no source items had "Private" set to "true".
         Primary reference "System.Globalization, Version=10.0.0.0, Culture=neutral, PublicKeyToken=b03f5f7f11d50a3a".
             Resolved file path is "C:\Program Files\dotnet\packs\Microsoft.NETCore.App.Ref\10.0.2\ref\net10.0\System.Globalization.dll".
             Reference found at search path location "{RawFileName}".
             This reference is not "CopyLocal" because at least one source item had "Private" set to "false" and no source items had "Private" set to "true".
         Primary reference "System.IO.Compression.Brotli, Version=10.0.0.0, Culture=neutral, PublicKeyToken=b77a5c561934e089".
             Resolved file path is "C:\Program Files\dotnet\packs\Microsoft.NETCore.App.Ref\10.0.2\ref\net10.0\System.IO.Compression.Brotli.dll".
             Reference found at search path location "{RawFileName}".
             This reference is not "CopyLocal" because at least one source item had "Private" set to "false" and no source items had "Private" set to "true".
         Primary reference "System.IO.Compression.FileSystem, Version=4.0.0.0, Culture=neutral, PublicKeyToken=b77a5c561934e089".
             Resolved file path is "C:\Program Files\dotnet\packs\Microsoft.NETCore.App.Ref\10.0.2\ref\net10.0\System.IO.Compression.FileSystem.dll".
             Reference found at search path location "{RawFileName}".
             This reference is not "CopyLocal" because at least one source item had "Private" set to "false" and no source items had "Private" set to "true".
         Primary reference "System.IO.Compression.ZipFile, Version=10.0.0.0, Culture=neutral, PublicKeyToken=b77a5c561934e089".
             Resolved file path is "C:\Program Files\dotnet\packs\Microsoft.NETCore.App.Ref\10.0.2\ref\net10.0\System.IO.Compression.ZipFile.dll".
             Reference found at search path location "{RawFileName}".
             This reference is not "CopyLocal" because at least one source item had "Private" set to "false" and no source items had "Private" set to "true".
         Primary reference "System.IO.Compression, Version=10.0.0.0, Culture=neutral, PublicKeyToken=b77a5c561934e089".
             Resolved file path is "C:\Program Files\dotnet\packs\Microsoft.NETCore.App.Ref\10.0.2\ref\net10.0\System.IO.Compression.dll".
             Reference found at search path location "{RawFileName}".
             This reference is not "CopyLocal" because at least one source item had "Private" set to "false" and no source items had "Private" set to "true".
         Primary reference "System.IO.FileSystem.AccessControl, Version=10.0.0.0, Culture=neutral, PublicKeyToken=b03f5f7f11d50a3a".
             Resolved file path is "C:\Program Files\dotnet\packs\Microsoft.NETCore.App.Ref\10.0.2\ref\net10.0\System.IO.FileSystem.AccessControl.dll".
             Reference found at search path location "{RawFileName}".
             This reference is not "CopyLocal" because at least one source item had "Private" set to "false" and no source items had "Private" set to "true".
         Primary reference "System.IO.FileSystem.DriveInfo, Version=10.0.0.0, Culture=neutral, PublicKeyToken=b03f5f7f11d50a3a".
             Resolved file path is "C:\Program Files\dotnet\packs\Microsoft.NETCore.App.Ref\10.0.2\ref\net10.0\System.IO.FileSystem.DriveInfo.dll".
             Reference found at search path location "{RawFileName}".
             This reference is not "CopyLocal" because at least one source item had "Private" set to "false" and no source items had "Private" set to "true".
         Primary reference "System.IO.FileSystem.Primitives, Version=10.0.0.0, Culture=neutral, PublicKeyToken=b03f5f7f11d50a3a".
             Resolved file path is "C:\Program Files\dotnet\packs\Microsoft.NETCore.App.Ref\10.0.2\ref\net10.0\System.IO.FileSystem.Primitives.dll".
             Reference found at search path location "{RawFileName}".
             This reference is not "CopyLocal" because at least one source item had "Private" set to "false" and no source items had "Private" set to "true".
         Primary reference "System.IO.FileSystem.Watcher, Version=10.0.0.0, Culture=neutral, PublicKeyToken=b03f5f7f11d50a3a".
             Resolved file path is "C:\Program Files\dotnet\packs\Microsoft.NETCore.App.Ref\10.0.2\ref\net10.0\System.IO.FileSystem.Watcher.dll".
             Reference found at search path location "{RawFileName}".
             This reference is not "CopyLocal" because at least one source item had "Private" set to "false" and no source items had "Private" set to "true".
         Primary reference "System.IO.FileSystem, Version=10.0.0.0, Culture=neutral, PublicKeyToken=b03f5f7f11d50a3a".
             Resolved file path is "C:\Program Files\dotnet\packs\Microsoft.NETCore.App.Ref\10.0.2\ref\net10.0\System.IO.FileSystem.dll".
             Reference found at search path location "{RawFileName}".
             This reference is not "CopyLocal" because at least one source item had "Private" set to "false" and no source items had "Private" set to "true".
         Primary reference "System.IO.IsolatedStorage, Version=10.0.0.0, Culture=neutral, PublicKeyToken=b03f5f7f11d50a3a".
             Resolved file path is "C:\Program Files\dotnet\packs\Microsoft.NETCore.App.Ref\10.0.2\ref\net10.0\System.IO.IsolatedStorage.dll".
             Reference found at search path location "{RawFileName}".
             This reference is not "CopyLocal" because at least one source item had "Private" set to "false" and no source items had "Private" set to "true".
         Primary reference "System.IO.MemoryMappedFiles, Version=10.0.0.0, Culture=neutral, PublicKeyToken=b03f5f7f11d50a3a".
             Resolved file path is "C:\Program Files\dotnet\packs\Microsoft.NETCore.App.Ref\10.0.2\ref\net10.0\System.IO.MemoryMappedFiles.dll".
             Reference found at search path location "{RawFileName}".
             This reference is not "CopyLocal" because at least one source item had "Private" set to "false" and no source items had "Private" set to "true".
         Primary reference "System.IO.Pipelines, Version=10.0.0.0, Culture=neutral, PublicKeyToken=cc7b13ffcd2ddd51".
             Resolved file path is "C:\Program Files\dotnet\packs\Microsoft.NETCore.App.Ref\10.0.2\ref\net10.0\System.IO.Pipelines.dll".
             Reference found at search path location "{RawFileName}".
             This reference is not "CopyLocal" because at least one source item had "Private" set to "false" and no source items had "Private" set to "true".
         Primary reference "System.IO.Pipes.AccessControl, Version=10.0.0.0, Culture=neutral, PublicKeyToken=b03f5f7f11d50a3a".
             Resolved file path is "C:\Program Files\dotnet\packs\Microsoft.NETCore.App.Ref\10.0.2\ref\net10.0\System.IO.Pipes.AccessControl.dll".
             Reference found at search path location "{RawFileName}".
             This reference is not "CopyLocal" because at least one source item had "Private" set to "false" and no source items had "Private" set to "true".
         Primary reference "System.IO.Pipes, Version=10.0.0.0, Culture=neutral, PublicKeyToken=b03f5f7f11d50a3a".
             Resolved file path is "C:\Program Files\dotnet\packs\Microsoft.NETCore.App.Ref\10.0.2\ref\net10.0\System.IO.Pipes.dll".
             Reference found at search path location "{RawFileName}".
             This reference is not "CopyLocal" because at least one source item had "Private" set to "false" and no source items had "Private" set to "true".
         Primary reference "System.IO.UnmanagedMemoryStream, Version=10.0.0.0, Culture=neutral, PublicKeyToken=b03f5f7f11d50a3a".
             Resolved file path is "C:\Program Files\dotnet\packs\Microsoft.NETCore.App.Ref\10.0.2\ref\net10.0\System.IO.UnmanagedMemoryStream.dll".
             Reference found at search path location "{RawFileName}".
             This reference is not "CopyLocal" because at least one source item had "Private" set to "false" and no source items had "Private" set to "true".
         Primary reference "System.IO, Version=10.0.0.0, Culture=neutral, PublicKeyToken=b03f5f7f11d50a3a".
             Resolved file path is "C:\Program Files\dotnet\packs\Microsoft.NETCore.App.Ref\10.0.2\ref\net10.0\System.IO.dll".
             Reference found at search path location "{RawFileName}".
             This reference is not "CopyLocal" because at least one source item had "Private" set to "false" and no source items had "Private" set to "true".
         Primary reference "System.Linq.AsyncEnumerable, Version=10.0.0.0, Culture=neutral, PublicKeyToken=b03f5f7f11d50a3a".
             Resolved file path is "C:\Program Files\dotnet\packs\Microsoft.NETCore.App.Ref\10.0.2\ref\net10.0\System.Linq.AsyncEnumerable.dll".
             Reference found at search path location "{RawFileName}".
             This reference is not "CopyLocal" because at least one source item had "Private" set to "false" and no source items had "Private" set to "true".
         Unified primary reference "System.Linq.Expressions, Version=10.0.0.0, Culture=neutral, PublicKeyToken=b03f5f7f11d50a3a".
             Using this version instead of original version "6.0.0.0" in "C:\Users\ShShohruz\.nuget\packages\newtonsoft.json\13.0.4\lib\net6.0\Newtonsoft.Json.dll" because AutoUnify is 'true'.
             Resolved file path is "C:\Program Files\dotnet\packs\Microsoft.NETCore.App.Ref\10.0.2\ref\net10.0\System.Linq.Expressions.dll".
             Reference found at search path location "{RawFileName}".
             This reference is not "CopyLocal" because at least one source item had "Private" set to "false" and no source items had "Private" set to "true".
         Primary reference "System.Linq.Parallel, Version=10.0.0.0, Culture=neutral, PublicKeyToken=b03f5f7f11d50a3a".
             Resolved file path is "C:\Program Files\dotnet\packs\Microsoft.NETCore.App.Ref\10.0.2\ref\net10.0\System.Linq.Parallel.dll".
             Reference found at search path location "{RawFileName}".
             This reference is not "CopyLocal" because at least one source item had "Private" set to "false" and no source items had "Private" set to "true".
         Primary reference "System.Linq.Queryable, Version=10.0.0.0, Culture=neutral, PublicKeyToken=b03f5f7f11d50a3a".
             Resolved file path is "C:\Program Files\dotnet\packs\Microsoft.NETCore.App.Ref\10.0.2\ref\net10.0\System.Linq.Queryable.dll".
             Reference found at search path location "{RawFileName}".
             This reference is not "CopyLocal" because at least one source item had "Private" set to "false" and no source items had "Private" set to "true".
         Unified primary reference "System.Linq, Version=10.0.0.0, Culture=neutral, PublicKeyToken=b03f5f7f11d50a3a".
             Using this version instead of original version "8.0.0.0" in "C:\Users\ShShohruz\.nuget\packages\microsoft.windowsappsdk.ml\1.8.2124\lib\net8.0-windows10.0.17763.0\Microsoft.ML.OnnxRuntime.dll" because AutoUnify is 'true'.
             Using this version instead of original version "6.0.0.0" in "C:\Users\ShShohruz\.nuget\packages\newtonsoft.json\13.0.4\lib\net6.0\Newtonsoft.Json.dll" because AutoUnify is 'true'.
             Using this version instead of original version "8.0.0.0" in "C:\Users\ShShohruz\.nuget\packages\socketioclient\4.0.1\lib\net8.0\SocketIOClient.dll" because AutoUnify is 'true'.
             Using this version instead of original version "8.0.0.0" in "C:\Users\ShShohruz\.nuget\packages\socketioclient.serializer\4.0.0.1\lib\net8.0\SocketIOClient.Serializer.dll" because AutoUnify is 'true'.
             Using this version instead of original version "9.0.0.0" in "C:\Users\ShShohruz\.nuget\packages\system.numerics.tensors\9.0.0\lib\net9.0\System.Numerics.Tensors.dll" because AutoUnify is 'true'.
             Resolved file path is "C:\Program Files\dotnet\packs\Microsoft.NETCore.App.Ref\10.0.2\ref\net10.0\System.Linq.dll".
             Reference found at search path location "{RawFileName}".
             This reference is not "CopyLocal" because at least one source item had "Private" set to "false" and no source items had "Private" set to "true".
         Unified primary reference "System.Memory, Version=10.0.0.0, Culture=neutral, PublicKeyToken=cc7b13ffcd2ddd51".
             Using this version instead of original version "8.0.0.0" in "C:\Users\ShShohruz\.nuget\packages\microsoft.web.webview2\1.0.3179.45\lib_manual\net8.0-windows10.0.17763.0\Microsoft.Web.WebView2.Core.Projection.dll" because AutoUnify is 'true'.
             Using this version instead of original version "6.0.0.0" in "C:\Users\ShShohruz\.nuget\packages\microsoft.windowsappsdk.ai\1.8.47\lib\net6.0-windows10.0.17763.0\Microsoft.Graphics.Imaging.Projection.dll" because AutoUnify is 'true'.
             Using this version instead of original version "6.0.0.0" in "C:\Users\ShShohruz\.nuget\packages\microsoft.windowsappsdk.ai\1.8.47\lib\net6.0-windows10.0.17763.0\Microsoft.Windows.AI.ContentSafety.Projection.dll" because AutoUnify is 'true'.
             Using this version instead of original version "6.0.0.0" in "C:\Users\ShShohruz\.nuget\packages\microsoft.windowsappsdk.ai\1.8.47\lib\net6.0-windows10.0.17763.0\Microsoft.Windows.AI.Foundation.Projection.dll" because AutoUnify is 'true'.
             Using this version instead of original version "6.0.0.0" in "C:\Users\ShShohruz\.nuget\packages\microsoft.windowsappsdk.ai\1.8.47\lib\net6.0-windows10.0.17763.0\Microsoft.Windows.AI.Imaging.Projection.dll" because AutoUnify is 'true'.
             Using this version instead of original version "6.0.0.0" in "C:\Users\ShShohruz\.nuget\packages\microsoft.windowsappsdk.ai\1.8.47\lib\net6.0-windows10.0.17763.0\Microsoft.Windows.AI.Projection.dll" because AutoUnify is 'true'.
             Using this version instead of original version "6.0.0.0" in "C:\Users\ShShohruz\.nuget\packages\microsoft.windowsappsdk.ai\1.8.47\lib\net6.0-windows10.0.17763.0\Microsoft.Windows.AI.Text.Projection.dll" because AutoUnify is 'true'.
             Using this version instead of original version "6.0.0.0" in "C:\Users\ShShohruz\.nuget\packages\microsoft.windowsappsdk.foundation\1.8.260203002\lib\net6.0-windows10.0.17763.0\Microsoft.Security.Authentication.OAuth.Projection.dll" because AutoUnify is 'true'.
             Using this version instead of original version "6.0.0.0" in "C:\Users\ShShohruz\.nuget\packages\microsoft.windowsappsdk.foundation\1.8.260203002\lib\net6.0-windows10.0.17763.0\Microsoft.Windows.AppLifecycle.Projection.dll" because AutoUnify is 'true'.
             Using this version instead of original version "6.0.0.0" in "C:\Users\ShShohruz\.nuget\packages\microsoft.windowsappsdk.foundation\1.8.260203002\lib\net6.0-windows10.0.17763.0\Microsoft.Windows.AppNotifications.Builder.Projection.dll" because AutoUnify is 'true'.
             Using this version instead of original version "6.0.0.0" in "C:\Users\ShShohruz\.nuget\packages\microsoft.windowsappsdk.foundation\1.8.260203002\lib\net6.0-windows10.0.17763.0\Microsoft.Windows.AppNotifications.Projection.dll" because AutoUnify is 'true'.
             Using this version instead of original version "6.0.0.0" in "C:\Users\ShShohruz\.nuget\packages\microsoft.windowsappsdk.foundation\1.8.260203002\lib\net6.0-windows10.0.17763.0\Microsoft.Windows.ApplicationModel.Background.Projection.dll" because AutoUnify is 'true'.
             Using this version instead of original version "6.0.0.0" in "C:\Users\ShShohruz\.nuget\packages\microsoft.windowsappsdk.foundation\1.8.260203002\lib\net6.0-windows10.0.17763.0\Microsoft.Windows.ApplicationModel.DynamicDependency.Projection.dll" because AutoUnify is 'true'.
             Using this version instead of original version "6.0.0.0" in "C:\Users\ShShohruz\.nuget\packages\microsoft.windowsappsdk.foundation\1.8.260203002\lib\net6.0-windows10.0.17763.0\Microsoft.Windows.ApplicationModel.Resources.Projection.dll" because AutoUnify is 'true'.
             Using this version instead of original version "6.0.0.0" in "C:\Users\ShShohruz\.nuget\packages\microsoft.windowsappsdk.foundation\1.8.260203002\lib\net6.0-windows10.0.17763.0\Microsoft.Windows.ApplicationModel.WindowsAppRuntime.Projection.dll" because AutoUnify is 'true'.
             Using this version instead of original version "6.0.0.0" in "C:\Users\ShShohruz\.nuget\packages\microsoft.windowsappsdk.foundation\1.8.260203002\lib\net6.0-windows10.0.17763.0\Microsoft.Windows.BadgeNotifications.Projection.dll" because AutoUnify is 'true'.
             Using this version instead of original version "6.0.0.0" in "C:\Users\ShShohruz\.nuget\packages\microsoft.windowsappsdk.foundation\1.8.260203002\lib\net6.0-windows10.0.17763.0\Microsoft.Windows.Foundation.Projection.dll" because AutoUnify is 'true'.
             Using this version instead of original version "6.0.0.0" in "C:\Users\ShShohruz\.nuget\packages\microsoft.windowsappsdk.foundation\1.8.260203002\lib\net6.0-windows10.0.17763.0\Microsoft.Windows.Management.Deployment.Projection.dll" because AutoUnify is 'true'.
             Using this version instead of original version "6.0.0.0" in "C:\Users\ShShohruz\.nuget\packages\microsoft.windowsappsdk.foundation\1.8.260203002\lib\net6.0-windows10.0.17763.0\Microsoft.Windows.Media.Capture.Projection.dll" because AutoUnify is 'true'.
             Using this version instead of original version "6.0.0.0" in "C:\Users\ShShohruz\.nuget\packages\microsoft.windowsappsdk.foundation\1.8.260203002\lib\net6.0-windows10.0.17763.0\Microsoft.Windows.PushNotifications.Projection.dll" because AutoUnify is 'true'.
             Using this version instead of original version "6.0.0.0" in "C:\Users\ShShohruz\.nuget\packages\microsoft.windowsappsdk.foundation\1.8.260203002\lib\net6.0-windows10.0.17763.0\Microsoft.Windows.Security.AccessControl.Projection.dll" because AutoUnify is 'true'.
             Using this version instead of original version "6.0.0.0" in "C:\Users\ShShohruz\.nuget\packages\microsoft.windowsappsdk.foundation\1.8.260203002\lib\net6.0-windows10.0.17763.0\Microsoft.Windows.Storage.Pickers.Projection.dll" because AutoUnify is 'true'.
             Using this version instead of original version "6.0.0.0" in "C:\Users\ShShohruz\.nuget\packages\microsoft.windowsappsdk.foundation\1.8.260203002\lib\net6.0-windows10.0.17763.0\Microsoft.Windows.Storage.Projection.dll" because AutoUnify is 'true'.
             Using this version instead of original version "6.0.0.0" in "C:\Users\ShShohruz\.nuget\packages\microsoft.windowsappsdk.foundation\1.8.260203002\lib\net6.0-windows10.0.17763.0\Microsoft.Windows.System.Power.Projection.dll" because AutoUnify is 'true'.
             Using this version instead of original version "6.0.0.0" in "C:\Users\ShShohruz\.nuget\packages\microsoft.windowsappsdk.foundation\1.8.260203002\lib\net6.0-windows10.0.17763.0\Microsoft.Windows.System.Projection.dll" because AutoUnify is 'true'.
             Using this version instead of original version "6.0.0.0" in "C:\Users\ShShohruz\.nuget\packages\microsoft.windowsappsdk.interactiveexperiences\1.8.260125001\lib\net6.0-windows10.0.18362.0\Microsoft.InteractiveExperiences.Projection.dll" because AutoUnify is 'true'.
             Using this version instead of original version "8.0.0.0" in "C:\Users\ShShohruz\.nuget\packages\microsoft.windowsappsdk.ml\1.8.2124\lib\net8.0-windows10.0.17763.0\Microsoft.ML.OnnxRuntime.dll" because AutoUnify is 'true'.
             Using this version instead of original version "6.0.0.0" in "C:\Users\ShShohruz\.nuget\packages\microsoft.windowsappsdk.ml\1.8.2124\lib\net8.0-windows10.0.17763.0\Microsoft.Windows.AI.MachineLearning.Projection.dll" because AutoUnify is 'true'.
             Using this version instead of original version "6.0.0.0" in "C:\Users\ShShohruz\.nuget\packages\microsoft.windowsappsdk.widgets\1.8.251231004\lib\net6.0-windows10.0.17763.0\Microsoft.Windows.Widgets.Projection.dll" because AutoUnify is 'true'.
             Using this version instead of original version "6.0.0.0" in "C:\Users\ShShohruz\.nuget\packages\microsoft.windowsappsdk.winui\1.8.260204000\lib\net6.0-windows10.0.17763.0\Microsoft.WinUI.dll" because AutoUnify is 'true'.
             Using this version instead of original version "9.0.0.0" in "C:\Users\ShShohruz\.nuget\packages\system.numerics.tensors\9.0.0\lib\net9.0\System.Numerics.Tensors.dll" because AutoUnify is 'true'.
             Resolved file path is "C:\Program Files\dotnet\packs\Microsoft.NETCore.App.Ref\10.0.2\ref\net10.0\System.Memory.dll".
             Reference found at search path location "{RawFileName}".
             This reference is not "CopyLocal" because at least one source item had "Private" set to "false" and no source items had "Private" set to "true".
         Primary reference "System.Net.Http.Json, Version=10.0.0.0, Culture=neutral, PublicKeyToken=cc7b13ffcd2ddd51".
             Resolved file path is "C:\Program Files\dotnet\packs\Microsoft.NETCore.App.Ref\10.0.2\ref\net10.0\System.Net.Http.Json.dll".
             Reference found at search path location "{RawFileName}".
             This reference is not "CopyLocal" because at least one source item had "Private" set to "false" and no source items had "Private" set to "true".
         Unified primary reference "System.Net.Http, Version=10.0.0.0, Culture=neutral, PublicKeyToken=b03f5f7f11d50a3a".
             Using this version instead of original version "8.0.0.0" in "C:\Users\ShShohruz\.nuget\packages\socketioclient\4.0.1\lib\net8.0\SocketIOClient.dll" because AutoUnify is 'true'.
             Resolved file path is "C:\Program Files\dotnet\packs\Microsoft.NETCore.App.Ref\10.0.2\ref\net10.0\System.Net.Http.dll".
             Reference found at search path location "{RawFileName}".
             This reference is not "CopyLocal" because at least one source item had "Private" set to "false" and no source items had "Private" set to "true".
         Primary reference "System.Net.HttpListener, Version=10.0.0.0, Culture=neutral, PublicKeyToken=cc7b13ffcd2ddd51".
             Resolved file path is "C:\Program Files\dotnet\packs\Microsoft.NETCore.App.Ref\10.0.2\ref\net10.0\System.Net.HttpListener.dll".
             Reference found at search path location "{RawFileName}".
             This reference is not "CopyLocal" because at least one source item had "Private" set to "false" and no source items had "Private" set to "true".
         Primary reference "System.Net.Mail, Version=10.0.0.0, Culture=neutral, PublicKeyToken=cc7b13ffcd2ddd51".
             Resolved file path is "C:\Program Files\dotnet\packs\Microsoft.NETCore.App.Ref\10.0.2\ref\net10.0\System.Net.Mail.dll".
             Reference found at search path location "{RawFileName}".
             This reference is not "CopyLocal" because at least one source item had "Private" set to "false" and no source items had "Private" set to "true".
         Primary reference "System.Net.NameResolution, Version=10.0.0.0, Culture=neutral, PublicKeyToken=b03f5f7f11d50a3a".
             Resolved file path is "C:\Program Files\dotnet\packs\Microsoft.NETCore.App.Ref\10.0.2\ref\net10.0\System.Net.NameResolution.dll".
             Reference found at search path location "{RawFileName}".
             This reference is not "CopyLocal" because at least one source item had "Private" set to "false" and no source items had "Private" set to "true".
         Primary reference "System.Net.NetworkInformation, Version=10.0.0.0, Culture=neutral, PublicKeyToken=b03f5f7f11d50a3a".
             Resolved file path is "C:\Program Files\dotnet\packs\Microsoft.NETCore.App.Ref\10.0.2\ref\net10.0\System.Net.NetworkInformation.dll".
             Reference found at search path location "{RawFileName}".
             This reference is not "CopyLocal" because at least one source item had "Private" set to "false" and no source items had "Private" set to "true".
         Primary reference "System.Net.Ping, Version=10.0.0.0, Culture=neutral, PublicKeyToken=b03f5f7f11d50a3a".
             Resolved file path is "C:\Program Files\dotnet\packs\Microsoft.NETCore.App.Ref\10.0.2\ref\net10.0\System.Net.Ping.dll".
             Reference found at search path location "{RawFileName}".
             This reference is not "CopyLocal" because at least one source item had "Private" set to "false" and no source items had "Private" set to "true".
         Unified primary reference "System.Net.Primitives, Version=10.0.0.0, Culture=neutral, PublicKeyToken=b03f5f7f11d50a3a".
             Using this version instead of original version "8.0.0.0" in "C:\Users\ShShohruz\.nuget\packages\socketioclient\4.0.1\lib\net8.0\SocketIOClient.dll" because AutoUnify is 'true'.
             Resolved file path is "C:\Program Files\dotnet\packs\Microsoft.NETCore.App.Ref\10.0.2\ref\net10.0\System.Net.Primitives.dll".
             Reference found at search path location "{RawFileName}".
             This reference is not "CopyLocal" because at least one source item had "Private" set to "false" and no source items had "Private" set to "true".
         Primary reference "System.Net.Quic, Version=10.0.0.0, Culture=neutral, PublicKeyToken=b03f5f7f11d50a3a".
             Resolved file path is "C:\Program Files\dotnet\packs\Microsoft.NETCore.App.Ref\10.0.2\ref\net10.0\System.Net.Quic.dll".
             Reference found at search path location "{RawFileName}".
             This reference is not "CopyLocal" because at least one source item had "Private" set to "false" and no source items had "Private" set to "true".
         Primary reference "System.Net.Requests, Version=10.0.0.0, Culture=neutral, PublicKeyToken=b03f5f7f11d50a3a".
             Resolved file path is "C:\Program Files\dotnet\packs\Microsoft.NETCore.App.Ref\10.0.2\ref\net10.0\System.Net.Requests.dll".
             Reference found at search path location "{RawFileName}".
             This reference is not "CopyLocal" because at least one source item had "Private" set to "false" and no source items had "Private" set to "true".
         Unified primary reference "System.Net.Security, Version=10.0.0.0, Culture=neutral, PublicKeyToken=b03f5f7f11d50a3a".
             Using this version instead of original version "8.0.0.0" in "C:\Users\ShShohruz\.nuget\packages\socketioclient\4.0.1\lib\net8.0\SocketIOClient.dll" because AutoUnify is 'true'.
             Resolved file path is "C:\Program Files\dotnet\packs\Microsoft.NETCore.App.Ref\10.0.2\ref\net10.0\System.Net.Security.dll".
             Reference found at search path location "{RawFileName}".
             This reference is not "CopyLocal" because at least one source item had "Private" set to "false" and no source items had "Private" set to "true".
         Primary reference "System.Net.ServerSentEvents, Version=10.0.0.0, Culture=neutral, PublicKeyToken=cc7b13ffcd2ddd51".
             Resolved file path is "C:\Program Files\dotnet\packs\Microsoft.NETCore.App.Ref\10.0.2\ref\net10.0\System.Net.ServerSentEvents.dll".
             Reference found at search path location "{RawFileName}".
             This reference is not "CopyLocal" because at least one source item had "Private" set to "false" and no source items had "Private" set to "true".
         Primary reference "System.Net.ServicePoint, Version=10.0.0.0, Culture=neutral, PublicKeyToken=cc7b13ffcd2ddd51".
             Resolved file path is "C:\Program Files\dotnet\packs\Microsoft.NETCore.App.Ref\10.0.2\ref\net10.0\System.Net.ServicePoint.dll".
             Reference found at search path location "{RawFileName}".
             This reference is not "CopyLocal" because at least one source item had "Private" set to "false" and no source items had "Private" set to "true".
         Primary reference "System.Net.Sockets, Version=10.0.0.0, Culture=neutral, PublicKeyToken=b03f5f7f11d50a3a".
             Resolved file path is "C:\Program Files\dotnet\packs\Microsoft.NETCore.App.Ref\10.0.2\ref\net10.0\System.Net.Sockets.dll".
             Reference found at search path location "{RawFileName}".
             This reference is not "CopyLocal" because at least one source item had "Private" set to "false" and no source items had "Private" set to "true".
         Primary reference "System.Net.WebClient, Version=10.0.0.0, Culture=neutral, PublicKeyToken=cc7b13ffcd2ddd51".
             Resolved file path is "C:\Program Files\dotnet\packs\Microsoft.NETCore.App.Ref\10.0.2\ref\net10.0\System.Net.WebClient.dll".
             Reference found at search path location "{RawFileName}".
             This reference is not "CopyLocal" because at least one source item had "Private" set to "false" and no source items had "Private" set to "true".
         Primary reference "System.Net.WebHeaderCollection, Version=10.0.0.0, Culture=neutral, PublicKeyToken=b03f5f7f11d50a3a".
             Resolved file path is "C:\Program Files\dotnet\packs\Microsoft.NETCore.App.Ref\10.0.2\ref\net10.0\System.Net.WebHeaderCollection.dll".
             Reference found at search path location "{RawFileName}".
             This reference is not "CopyLocal" because at least one source item had "Private" set to "false" and no source items had "Private" set to "true".
         Primary reference "System.Net.WebProxy, Version=10.0.0.0, Culture=neutral, PublicKeyToken=cc7b13ffcd2ddd51".
             Resolved file path is "C:\Program Files\dotnet\packs\Microsoft.NETCore.App.Ref\10.0.2\ref\net10.0\System.Net.WebProxy.dll".
             Reference found at search path location "{RawFileName}".
             This reference is not "CopyLocal" because at least one source item had "Private" set to "false" and no source items had "Private" set to "true".
         Unified primary reference "System.Net.WebSockets.Client, Version=10.0.0.0, Culture=neutral, PublicKeyToken=b03f5f7f11d50a3a".
             Using this version instead of original version "8.0.0.0" in "C:\Users\ShShohruz\.nuget\packages\socketioclient\4.0.1\lib\net8.0\SocketIOClient.dll" because AutoUnify is 'true'.
             Resolved file path is "C:\Program Files\dotnet\packs\Microsoft.NETCore.App.Ref\10.0.2\ref\net10.0\System.Net.WebSockets.Client.dll".
             Reference found at search path location "{RawFileName}".
             This reference is not "CopyLocal" because at least one source item had "Private" set to "false" and no source items had "Private" set to "true".
         Unified primary reference "System.Net.WebSockets, Version=10.0.0.0, Culture=neutral, PublicKeyToken=b03f5f7f11d50a3a".
             Using this version instead of original version "8.0.0.0" in "C:\Users\ShShohruz\.nuget\packages\socketioclient\4.0.1\lib\net8.0\SocketIOClient.dll" because AutoUnify is 'true'.
             Resolved file path is "C:\Program Files\dotnet\packs\Microsoft.NETCore.App.Ref\10.0.2\ref\net10.0\System.Net.WebSockets.dll".
             Reference found at search path location "{RawFileName}".
             This reference is not "CopyLocal" because at least one source item had "Private" set to "false" and no source items had "Private" set to "true".
         Primary reference "System.Net, Version=4.0.0.0, Culture=neutral, PublicKeyToken=b03f5f7f11d50a3a".
             Resolved file path is "C:\Program Files\dotnet\packs\Microsoft.NETCore.App.Ref\10.0.2\ref\net10.0\System.Net.dll".
             Reference found at search path location "{RawFileName}".
             This reference is not "CopyLocal" because at least one source item had "Private" set to "false" and no source items had "Private" set to "true".
         Unified primary reference "System.Numerics.Vectors, Version=10.0.0.0, Culture=neutral, PublicKeyToken=b03f5f7f11d50a3a".
             Using this version instead of original version "6.0.0.0" in "C:\Users\ShShohruz\.nuget\packages\microsoft.windowsappsdk.interactiveexperiences\1.8.260125001\lib\net6.0-windows10.0.18362.0\Microsoft.InteractiveExperiences.Projection.dll" because AutoUnify is 'true'.
             Using this version instead of original version "6.0.0.0" in "C:\Users\ShShohruz\.nuget\packages\microsoft.windowsappsdk.winui\1.8.260204000\lib\net6.0-windows10.0.17763.0\Microsoft.WinUI.dll" because AutoUnify is 'true'.
             Resolved file path is "C:\Program Files\dotnet\packs\Microsoft.NETCore.App.Ref\10.0.2\ref\net10.0\System.Numerics.Vectors.dll".
             Reference found at search path location "{RawFileName}".
             This reference is not "CopyLocal" because at least one source item had "Private" set to "false" and no source items had "Private" set to "true".
         Primary reference "System.Numerics, Version=4.0.0.0, Culture=neutral, PublicKeyToken=b77a5c561934e089".
             Resolved file path is "C:\Program Files\dotnet\packs\Microsoft.NETCore.App.Ref\10.0.2\ref\net10.0\System.Numerics.dll".
             Reference found at search path location "{RawFileName}".
             This reference is not "CopyLocal" because at least one source item had "Private" set to "false" and no source items had "Private" set to "true".
         Unified primary reference "System.ObjectModel, Version=10.0.0.0, Culture=neutral, PublicKeyToken=b03f5f7f11d50a3a".
             Using this version instead of original version "6.0.0.0" in "C:\Users\ShShohruz\.nuget\packages\microsoft.windowsappsdk.winui\1.8.260204000\lib\net6.0-windows10.0.17763.0\Microsoft.WinUI.dll" because AutoUnify is 'true'.
             Using this version instead of original version "6.0.0.0" in "C:\Users\ShShohruz\.nuget\packages\newtonsoft.json\13.0.4\lib\net6.0\Newtonsoft.Json.dll" because AutoUnify is 'true'.
             Resolved file path is "C:\Program Files\dotnet\packs\Microsoft.NETCore.App.Ref\10.0.2\ref\net10.0\System.ObjectModel.dll".
             Reference found at search path location "{RawFileName}".
             This reference is not "CopyLocal" because at least one source item had "Private" set to "false" and no source items had "Private" set to "true".
         Primary reference "System.Reflection.DispatchProxy, Version=10.0.0.0, Culture=neutral, PublicKeyToken=b03f5f7f11d50a3a".
             Resolved file path is "C:\Program Files\dotnet\packs\Microsoft.NETCore.App.Ref\10.0.2\ref\net10.0\System.Reflection.DispatchProxy.dll".
             Reference found at search path location "{RawFileName}".
             This reference is not "CopyLocal" because at least one source item had "Private" set to "false" and no source items had "Private" set to "true".
         Unified primary reference "System.Reflection.Emit.ILGeneration, Version=10.0.0.0, Culture=neutral, PublicKeyToken=b03f5f7f11d50a3a".
             Using this version instead of original version "6.0.0.0" in "C:\Users\ShShohruz\.nuget\packages\newtonsoft.json\13.0.4\lib\net6.0\Newtonsoft.Json.dll" because AutoUnify is 'true'.
             Resolved file path is "C:\Program Files\dotnet\packs\Microsoft.NETCore.App.Ref\10.0.2\ref\net10.0\System.Reflection.Emit.ILGeneration.dll".
             Reference found at search path location "{RawFileName}".
             This reference is not "CopyLocal" because at least one source item had "Private" set to "false" and no source items had "Private" set to "true".
         Unified primary reference "System.Reflection.Emit.Lightweight, Version=10.0.0.0, Culture=neutral, PublicKeyToken=b03f5f7f11d50a3a".
             Using this version instead of original version "6.0.0.0" in "C:\Users\ShShohruz\.nuget\packages\newtonsoft.json\13.0.4\lib\net6.0\Newtonsoft.Json.dll" because AutoUnify is 'true'.
             Resolved file path is "C:\Program Files\dotnet\packs\Microsoft.NETCore.App.Ref\10.0.2\ref\net10.0\System.Reflection.Emit.Lightweight.dll".
             Reference found at search path location "{RawFileName}".
             This reference is not "CopyLocal" because at least one source item had "Private" set to "false" and no source items had "Private" set to "true".
         Primary reference "System.Reflection.Emit, Version=10.0.0.0, Culture=neutral, PublicKeyToken=b03f5f7f11d50a3a".
             Resolved file path is "C:\Program Files\dotnet\packs\Microsoft.NETCore.App.Ref\10.0.2\ref\net10.0\System.Reflection.Emit.dll".
             Reference found at search path location "{RawFileName}".
             This reference is not "CopyLocal" because at least one source item had "Private" set to "false" and no source items had "Private" set to "true".
         Primary reference "System.Reflection.Extensions, Version=10.0.0.0, Culture=neutral, PublicKeyToken=b03f5f7f11d50a3a".
             Resolved file path is "C:\Program Files\dotnet\packs\Microsoft.NETCore.App.Ref\10.0.2\ref\net10.0\System.Reflection.Extensions.dll".
             Reference found at search path location "{RawFileName}".
             This reference is not "CopyLocal" because at least one source item had "Private" set to "false" and no source items had "Private" set to "true".
         Primary reference "System.Reflection.Metadata, Version=10.0.0.0, Culture=neutral, PublicKeyToken=b03f5f7f11d50a3a".
             Resolved file path is "C:\Program Files\dotnet\packs\Microsoft.NETCore.App.Ref\10.0.2\ref\net10.0\System.Reflection.Metadata.dll".
             Reference found at search path location "{RawFileName}".
             This reference is not "CopyLocal" because at least one source item had "Private" set to "false" and no source items had "Private" set to "true".
         Unified primary reference "System.Reflection.Primitives, Version=10.0.0.0, Culture=neutral, PublicKeyToken=b03f5f7f11d50a3a".
             Using this version instead of original version "6.0.0.0" in "C:\Users\ShShohruz\.nuget\packages\newtonsoft.json\13.0.4\lib\net6.0\Newtonsoft.Json.dll" because AutoUnify is 'true'.
             Resolved file path is "C:\Program Files\dotnet\packs\Microsoft.NETCore.App.Ref\10.0.2\ref\net10.0\System.Reflection.Primitives.dll".
             Reference found at search path location "{RawFileName}".
             This reference is not "CopyLocal" because at least one source item had "Private" set to "false" and no source items had "Private" set to "true".
         Primary reference "System.Reflection.TypeExtensions, Version=10.0.0.0, Culture=neutral, PublicKeyToken=b03f5f7f11d50a3a".
             Resolved file path is "C:\Program Files\dotnet\packs\Microsoft.NETCore.App.Ref\10.0.2\ref\net10.0\System.Reflection.TypeExtensions.dll".
             Reference found at search path location "{RawFileName}".
             This reference is not "CopyLocal" because at least one source item had "Private" set to "false" and no source items had "Private" set to "true".
         Primary reference "System.Reflection, Version=10.0.0.0, Culture=neutral, PublicKeyToken=b03f5f7f11d50a3a".
             Resolved file path is "C:\Program Files\dotnet\packs\Microsoft.NETCore.App.Ref\10.0.2\ref\net10.0\System.Reflection.dll".
             Reference found at search path location "{RawFileName}".
             This reference is not "CopyLocal" because at least one source item had "Private" set to "false" and no source items had "Private" set to "true".
         Primary reference "System.Resources.Reader, Version=10.0.0.0, Culture=neutral, PublicKeyToken=b03f5f7f11d50a3a".
             Resolved file path is "C:\Program Files\dotnet\packs\Microsoft.NETCore.App.Ref\10.0.2\ref\net10.0\System.Resources.Reader.dll".
             Reference found at search path location "{RawFileName}".
             This reference is not "CopyLocal" because at least one source item had "Private" set to "false" and no source items had "Private" set to "true".
         Primary reference "System.Resources.ResourceManager, Version=10.0.0.0, Culture=neutral, PublicKeyToken=b03f5f7f11d50a3a".
             Resolved file path is "C:\Program Files\dotnet\packs\Microsoft.NETCore.App.Ref\10.0.2\ref\net10.0\System.Resources.ResourceManager.dll".
             Reference found at search path location "{RawFileName}".
             This reference is not "CopyLocal" because at least one source item had "Private" set to "false" and no source items had "Private" set to "true".
         Primary reference "System.Resources.Writer, Version=10.0.0.0, Culture=neutral, PublicKeyToken=b03f5f7f11d50a3a".
             Resolved file path is "C:\Program Files\dotnet\packs\Microsoft.NETCore.App.Ref\10.0.2\ref\net10.0\System.Resources.Writer.dll".
             Reference found at search path location "{RawFileName}".
             This reference is not "CopyLocal" because at least one source item had "Private" set to "false" and no source items had "Private" set to "true".
         Unified primary reference "System.Runtime.CompilerServices.Unsafe, Version=10.0.0.0, Culture=neutral, PublicKeyToken=b03f5f7f11d50a3a".
             Using this version instead of original version "6.0.0.0" in "C:\Users\ShShohruz\.nuget\packages\microsoft.windowsappsdk.ai\1.8.47\lib\net6.0-windows10.0.17763.0\Microsoft.Graphics.Imaging.Projection.dll" because AutoUnify is 'true'.
             Using this version instead of original version "6.0.0.0" in "C:\Users\ShShohruz\.nuget\packages\microsoft.windowsappsdk.ai\1.8.47\lib\net6.0-windows10.0.17763.0\Microsoft.Windows.AI.ContentSafety.Projection.dll" because AutoUnify is 'true'.
             Using this version instead of original version "6.0.0.0" in "C:\Users\ShShohruz\.nuget\packages\microsoft.windowsappsdk.ai\1.8.47\lib\net6.0-windows10.0.17763.0\Microsoft.Windows.AI.Foundation.Projection.dll" because AutoUnify is 'true'.
             Using this version instead of original version "6.0.0.0" in "C:\Users\ShShohruz\.nuget\packages\microsoft.windowsappsdk.ai\1.8.47\lib\net6.0-windows10.0.17763.0\Microsoft.Windows.AI.Imaging.Projection.dll" because AutoUnify is 'true'.
             Using this version instead of original version "6.0.0.0" in "C:\Users\ShShohruz\.nuget\packages\microsoft.windowsappsdk.ai\1.8.47\lib\net6.0-windows10.0.17763.0\Microsoft.Windows.AI.Projection.dll" because AutoUnify is 'true'.
             Using this version instead of original version "6.0.0.0" in "C:\Users\ShShohruz\.nuget\packages\microsoft.windowsappsdk.ai\1.8.47\lib\net6.0-windows10.0.17763.0\Microsoft.Windows.AI.Text.Projection.dll" because AutoUnify is 'true'.
             Using this version instead of original version "6.0.0.0" in "C:\Users\ShShohruz\.nuget\packages\microsoft.windowsappsdk.foundation\1.8.260203002\lib\net6.0-windows10.0.17763.0\Microsoft.Security.Authentication.OAuth.Projection.dll" because AutoUnify is 'true'.
             Using this version instead of original version "6.0.0.0" in "C:\Users\ShShohruz\.nuget\packages\microsoft.windowsappsdk.foundation\1.8.260203002\lib\net6.0-windows10.0.17763.0\Microsoft.Windows.AppLifecycle.Projection.dll" because AutoUnify is 'true'.
             Using this version instead of original version "6.0.0.0" in "C:\Users\ShShohruz\.nuget\packages\microsoft.windowsappsdk.foundation\1.8.260203002\lib\net6.0-windows10.0.17763.0\Microsoft.Windows.AppNotifications.Builder.Projection.dll" because AutoUnify is 'true'.
             Using this version instead of original version "6.0.0.0" in "C:\Users\ShShohruz\.nuget\packages\microsoft.windowsappsdk.foundation\1.8.260203002\lib\net6.0-windows10.0.17763.0\Microsoft.Windows.AppNotifications.Projection.dll" because AutoUnify is 'true'.
             Using this version instead of original version "6.0.0.0" in "C:\Users\ShShohruz\.nuget\packages\microsoft.windowsappsdk.foundation\1.8.260203002\lib\net6.0-windows10.0.17763.0\Microsoft.Windows.ApplicationModel.Background.Projection.dll" because AutoUnify is 'true'.
             Using this version instead of original version "6.0.0.0" in "C:\Users\ShShohruz\.nuget\packages\microsoft.windowsappsdk.foundation\1.8.260203002\lib\net6.0-windows10.0.17763.0\Microsoft.Windows.ApplicationModel.DynamicDependency.Projection.dll" because AutoUnify is 'true'.
             Using this version instead of original version "6.0.0.0" in "C:\Users\ShShohruz\.nuget\packages\microsoft.windowsappsdk.foundation\1.8.260203002\lib\net6.0-windows10.0.17763.0\Microsoft.Windows.ApplicationModel.Resources.Projection.dll" because AutoUnify is 'true'.
             Using this version instead of original version "6.0.0.0" in "C:\Users\ShShohruz\.nuget\packages\microsoft.windowsappsdk.foundation\1.8.260203002\lib\net6.0-windows10.0.17763.0\Microsoft.Windows.ApplicationModel.WindowsAppRuntime.Projection.dll" because AutoUnify is 'true'.
             Using this version instead of original version "6.0.0.0" in "C:\Users\ShShohruz\.nuget\packages\microsoft.windowsappsdk.foundation\1.8.260203002\lib\net6.0-windows10.0.17763.0\Microsoft.Windows.BadgeNotifications.Projection.dll" because AutoUnify is 'true'.
             Using this version instead of original version "6.0.0.0" in "C:\Users\ShShohruz\.nuget\packages\microsoft.windowsappsdk.foundation\1.8.260203002\lib\net6.0-windows10.0.17763.0\Microsoft.Windows.Foundation.Projection.dll" because AutoUnify is 'true'.
             Using this version instead of original version "6.0.0.0" in "C:\Users\ShShohruz\.nuget\packages\microsoft.windowsappsdk.foundation\1.8.260203002\lib\net6.0-windows10.0.17763.0\Microsoft.Windows.Management.Deployment.Projection.dll" because AutoUnify is 'true'.
             Using this version instead of original version "6.0.0.0" in "C:\Users\ShShohruz\.nuget\packages\microsoft.windowsappsdk.foundation\1.8.260203002\lib\net6.0-windows10.0.17763.0\Microsoft.Windows.Media.Capture.Projection.dll" because AutoUnify is 'true'.
             Using this version instead of original version "6.0.0.0" in "C:\Users\ShShohruz\.nuget\packages\microsoft.windowsappsdk.foundation\1.8.260203002\lib\net6.0-windows10.0.17763.0\Microsoft.Windows.PushNotifications.Projection.dll" because AutoUnify is 'true'.
             Using this version instead of original version "6.0.0.0" in "C:\Users\ShShohruz\.nuget\packages\microsoft.windowsappsdk.foundation\1.8.260203002\lib\net6.0-windows10.0.17763.0\Microsoft.Windows.Security.AccessControl.Projection.dll" because AutoUnify is 'true'.
             Using this version instead of original version "6.0.0.0" in "C:\Users\ShShohruz\.nuget\packages\microsoft.windowsappsdk.foundation\1.8.260203002\lib\net6.0-windows10.0.17763.0\Microsoft.Windows.Storage.Pickers.Projection.dll" because AutoUnify is 'true'.
             Using this version instead of original version "6.0.0.0" in "C:\Users\ShShohruz\.nuget\packages\microsoft.windowsappsdk.foundation\1.8.260203002\lib\net6.0-windows10.0.17763.0\Microsoft.Windows.Storage.Projection.dll" because AutoUnify is 'true'.
             Using this version instead of original version "6.0.0.0" in "C:\Users\ShShohruz\.nuget\packages\microsoft.windowsappsdk.foundation\1.8.260203002\lib\net6.0-windows10.0.17763.0\Microsoft.Windows.System.Power.Projection.dll" because AutoUnify is 'true'.
             Using this version instead of original version "6.0.0.0" in "C:\Users\ShShohruz\.nuget\packages\microsoft.windowsappsdk.foundation\1.8.260203002\lib\net6.0-windows10.0.17763.0\Microsoft.Windows.System.Projection.dll" because AutoUnify is 'true'.
             Using this version instead of original version "6.0.0.0" in "C:\Users\ShShohruz\.nuget\packages\microsoft.windowsappsdk.interactiveexperiences\1.8.260125001\lib\net6.0-windows10.0.18362.0\Microsoft.InteractiveExperiences.Projection.dll" because AutoUnify is 'true'.
             Using this version instead of original version "6.0.0.0" in "C:\Users\ShShohruz\.nuget\packages\microsoft.windowsappsdk.ml\1.8.2124\lib\net8.0-windows10.0.17763.0\Microsoft.Windows.AI.MachineLearning.Projection.dll" because AutoUnify is 'true'.
             Using this version instead of original version "6.0.0.0" in "C:\Users\ShShohruz\.nuget\packages\microsoft.windowsappsdk.widgets\1.8.251231004\lib\net6.0-windows10.0.17763.0\Microsoft.Windows.Widgets.Projection.dll" because AutoUnify is 'true'.
             Using this version instead of original version "6.0.0.0" in "C:\Users\ShShohruz\.nuget\packages\microsoft.windowsappsdk.winui\1.8.260204000\lib\net6.0-windows10.0.17763.0\Microsoft.WinUI.dll" because AutoUnify is 'true'.
             Resolved file path is "C:\Program Files\dotnet\packs\Microsoft.NETCore.App.Ref\10.0.2\ref\net10.0\System.Runtime.CompilerServices.Unsafe.dll".
             Reference found at search path location "{RawFileName}".
             This reference is not "CopyLocal" because at least one source item had "Private" set to "false" and no source items had "Private" set to "true".
         Primary reference "System.Runtime.CompilerServices.VisualC, Version=10.0.0.0, Culture=neutral, PublicKeyToken=b03f5f7f11d50a3a".
             Resolved file path is "C:\Program Files\dotnet\packs\Microsoft.NETCore.App.Ref\10.0.2\ref\net10.0\System.Runtime.CompilerServices.VisualC.dll".
             Reference found at search path location "{RawFileName}".
             This reference is not "CopyLocal" because at least one source item had "Private" set to "false" and no source items had "Private" set to "true".
         Primary reference "System.Runtime.Extensions, Version=10.0.0.0, Culture=neutral, PublicKeyToken=b03f5f7f11d50a3a".
             Resolved file path is "C:\Program Files\dotnet\packs\Microsoft.NETCore.App.Ref\10.0.2\ref\net10.0\System.Runtime.Extensions.dll".
             Reference found at search path location "{RawFileName}".
             This reference is not "CopyLocal" because at least one source item had "Private" set to "false" and no source items had "Private" set to "true".
         Primary reference "System.Runtime.Handles, Version=10.0.0.0, Culture=neutral, PublicKeyToken=b03f5f7f11d50a3a".
             Resolved file path is "C:\Program Files\dotnet\packs\Microsoft.NETCore.App.Ref\10.0.2\ref\net10.0\System.Runtime.Handles.dll".
             Reference found at search path location "{RawFileName}".
             This reference is not "CopyLocal" because at least one source item had "Private" set to "false" and no source items had "Private" set to "true".
         Unified primary reference "System.Runtime.InteropServices.JavaScript, Version=10.0.0.0, Culture=neutral, PublicKeyToken=b03f5f7f11d50a3a".
             Using this version instead of original version "9.0.0.0" in "C:\Users\ShShohruz\.nuget\packages\system.numerics.tensors\9.0.0\lib\net9.0\System.Numerics.Tensors.dll" because AutoUnify is 'true'.
             Resolved file path is "C:\Program Files\dotnet\packs\Microsoft.NETCore.App.Ref\10.0.2\ref\net10.0\System.Runtime.InteropServices.JavaScript.dll".
             Reference found at search path location "{RawFileName}".
             This reference is not "CopyLocal" because at least one source item had "Private" set to "false" and no source items had "Private" set to "true".
         Primary reference "System.Runtime.InteropServices.RuntimeInformation, Version=10.0.0.0, Culture=neutral, PublicKeyToken=b03f5f7f11d50a3a".
             Resolved file path is "C:\Program Files\dotnet\packs\Microsoft.NETCore.App.Ref\10.0.2\ref\net10.0\System.Runtime.InteropServices.RuntimeInformation.dll".
             Reference found at search path location "{RawFileName}".
             This reference is not "CopyLocal" because at least one source item had "Private" set to "false" and no source items had "Private" set to "true".
         Unified primary reference "System.Runtime.InteropServices, Version=10.0.0.0, Culture=neutral, PublicKeyToken=b03f5f7f11d50a3a".
             Using this version instead of original version "8.0.0.0" in "C:\Users\ShShohruz\.nuget\packages\microsoft.web.webview2\1.0.3179.45\lib_manual\net8.0-windows10.0.17763.0\Microsoft.Web.WebView2.Core.Projection.dll" because AutoUnify is 'true'.
             Using this version instead of original version "6.0.0.0" in "C:\Users\ShShohruz\.nuget\packages\microsoft.windowsappsdk.ai\1.8.47\lib\net6.0-windows10.0.17763.0\Microsoft.Graphics.Imaging.Projection.dll" because AutoUnify is 'true'.
             Using this version instead of original version "6.0.0.0" in "C:\Users\ShShohruz\.nuget\packages\microsoft.windowsappsdk.ai\1.8.47\lib\net6.0-windows10.0.17763.0\Microsoft.Windows.AI.ContentSafety.Projection.dll" because AutoUnify is 'true'.
             Using this version instead of original version "6.0.0.0" in "C:\Users\ShShohruz\.nuget\packages\microsoft.windowsappsdk.ai\1.8.47\lib\net6.0-windows10.0.17763.0\Microsoft.Windows.AI.Foundation.Projection.dll" because AutoUnify is 'true'.
             Using this version instead of original version "6.0.0.0" in "C:\Users\ShShohruz\.nuget\packages\microsoft.windowsappsdk.ai\1.8.47\lib\net6.0-windows10.0.17763.0\Microsoft.Windows.AI.Imaging.Projection.dll" because AutoUnify is 'true'.
             Using this version instead of original version "6.0.0.0" in "C:\Users\ShShohruz\.nuget\packages\microsoft.windowsappsdk.ai\1.8.47\lib\net6.0-windows10.0.17763.0\Microsoft.Windows.AI.Projection.dll" because AutoUnify is 'true'.
             Using this version instead of original version "6.0.0.0" in "C:\Users\ShShohruz\.nuget\packages\microsoft.windowsappsdk.ai\1.8.47\lib\net6.0-windows10.0.17763.0\Microsoft.Windows.AI.Text.Projection.dll" because AutoUnify is 'true'.
             Using this version instead of original version "6.0.0.0" in "C:\Users\ShShohruz\.nuget\packages\microsoft.windowsappsdk.foundation\1.8.260203002\lib\net6.0-windows10.0.17763.0\Microsoft.Security.Authentication.OAuth.Projection.dll" because AutoUnify is 'true'.
             Using this version instead of original version "6.0.0.0" in "C:\Users\ShShohruz\.nuget\packages\microsoft.windowsappsdk.foundation\1.8.260203002\lib\net6.0-windows10.0.17763.0\Microsoft.Windows.AppLifecycle.Projection.dll" because AutoUnify is 'true'.
             Using this version instead of original version "6.0.0.0" in "C:\Users\ShShohruz\.nuget\packages\microsoft.windowsappsdk.foundation\1.8.260203002\lib\net6.0-windows10.0.17763.0\Microsoft.Windows.AppNotifications.Builder.Projection.dll" because AutoUnify is 'true'.
             Using this version instead of original version "6.0.0.0" in "C:\Users\ShShohruz\.nuget\packages\microsoft.windowsappsdk.foundation\1.8.260203002\lib\net6.0-windows10.0.17763.0\Microsoft.Windows.AppNotifications.Projection.dll" because AutoUnify is 'true'.
             Using this version instead of original version "6.0.0.0" in "C:\Users\ShShohruz\.nuget\packages\microsoft.windowsappsdk.foundation\1.8.260203002\lib\net6.0-windows10.0.17763.0\Microsoft.Windows.ApplicationModel.Background.Projection.dll" because AutoUnify is 'true'.
             Using this version instead of original version "6.0.0.0" in "C:\Users\ShShohruz\.nuget\packages\microsoft.windowsappsdk.foundation\1.8.260203002\lib\net6.0-windows10.0.17763.0\Microsoft.Windows.ApplicationModel.DynamicDependency.Projection.dll" because AutoUnify is 'true'.
             Using this version instead of original version "6.0.0.0" in "C:\Users\ShShohruz\.nuget\packages\microsoft.windowsappsdk.foundation\1.8.260203002\lib\net6.0-windows10.0.17763.0\Microsoft.Windows.ApplicationModel.Resources.Projection.dll" because AutoUnify is 'true'.
             Using this version instead of original version "6.0.0.0" in "C:\Users\ShShohruz\.nuget\packages\microsoft.windowsappsdk.foundation\1.8.260203002\lib\net6.0-windows10.0.17763.0\Microsoft.Windows.ApplicationModel.WindowsAppRuntime.Projection.dll" because AutoUnify is 'true'.
             Using this version instead of original version "6.0.0.0" in "C:\Users\ShShohruz\.nuget\packages\microsoft.windowsappsdk.foundation\1.8.260203002\lib\net6.0-windows10.0.17763.0\Microsoft.Windows.BadgeNotifications.Projection.dll" because AutoUnify is 'true'.
             Using this version instead of original version "6.0.0.0" in "C:\Users\ShShohruz\.nuget\packages\microsoft.windowsappsdk.foundation\1.8.260203002\lib\net6.0-windows10.0.17763.0\Microsoft.Windows.Foundation.Projection.dll" because AutoUnify is 'true'.
             Using this version instead of original version "6.0.0.0" in "C:\Users\ShShohruz\.nuget\packages\microsoft.windowsappsdk.foundation\1.8.260203002\lib\net6.0-windows10.0.17763.0\Microsoft.Windows.Management.Deployment.Projection.dll" because AutoUnify is 'true'.
             Using this version instead of original version "6.0.0.0" in "C:\Users\ShShohruz\.nuget\packages\microsoft.windowsappsdk.foundation\1.8.260203002\lib\net6.0-windows10.0.17763.0\Microsoft.Windows.Media.Capture.Projection.dll" because AutoUnify is 'true'.
             Using this version instead of original version "6.0.0.0" in "C:\Users\ShShohruz\.nuget\packages\microsoft.windowsappsdk.foundation\1.8.260203002\lib\net6.0-windows10.0.17763.0\Microsoft.Windows.PushNotifications.Projection.dll" because AutoUnify is 'true'.
             Using this version instead of original version "6.0.0.0" in "C:\Users\ShShohruz\.nuget\packages\microsoft.windowsappsdk.foundation\1.8.260203002\lib\net6.0-windows10.0.17763.0\Microsoft.Windows.Security.AccessControl.Projection.dll" because AutoUnify is 'true'.
             Using this version instead of original version "6.0.0.0" in "C:\Users\ShShohruz\.nuget\packages\microsoft.windowsappsdk.foundation\1.8.260203002\lib\net6.0-windows10.0.17763.0\Microsoft.Windows.Storage.Pickers.Projection.dll" because AutoUnify is 'true'.
             Using this version instead of original version "6.0.0.0" in "C:\Users\ShShohruz\.nuget\packages\microsoft.windowsappsdk.foundation\1.8.260203002\lib\net6.0-windows10.0.17763.0\Microsoft.Windows.Storage.Projection.dll" because AutoUnify is 'true'.
             Using this version instead of original version "6.0.0.0" in "C:\Users\ShShohruz\.nuget\packages\microsoft.windowsappsdk.foundation\1.8.260203002\lib\net6.0-windows10.0.17763.0\Microsoft.Windows.System.Power.Projection.dll" because AutoUnify is 'true'.
             Using this version instead of original version "6.0.0.0" in "C:\Users\ShShohruz\.nuget\packages\microsoft.windowsappsdk.foundation\1.8.260203002\lib\net6.0-windows10.0.17763.0\Microsoft.Windows.System.Projection.dll" because AutoUnify is 'true'.
             Using this version instead of original version "6.0.0.0" in "C:\Users\ShShohruz\.nuget\packages\microsoft.windowsappsdk.interactiveexperiences\1.8.260125001\lib\net6.0-windows10.0.18362.0\Microsoft.InteractiveExperiences.Projection.dll" because AutoUnify is 'true'.
             Using this version instead of original version "8.0.0.0" in "C:\Users\ShShohruz\.nuget\packages\microsoft.windowsappsdk.ml\1.8.2124\lib\net8.0-windows10.0.17763.0\Microsoft.ML.OnnxRuntime.dll" because AutoUnify is 'true'.
             Using this version instead of original version "6.0.0.0" in "C:\Users\ShShohruz\.nuget\packages\microsoft.windowsappsdk.ml\1.8.2124\lib\net8.0-windows10.0.17763.0\Microsoft.Windows.AI.MachineLearning.Projection.dll" because AutoUnify is 'true'.
             Using this version instead of original version "6.0.0.0" in "C:\Users\ShShohruz\.nuget\packages\microsoft.windowsappsdk.widgets\1.8.251231004\lib\net6.0-windows10.0.17763.0\Microsoft.Windows.Widgets.Projection.dll" because AutoUnify is 'true'.
             Using this version instead of original version "6.0.0.0" in "C:\Users\ShShohruz\.nuget\packages\microsoft.windowsappsdk.winui\1.8.260204000\lib\net6.0-windows10.0.17763.0\Microsoft.WinUI.dll" because AutoUnify is 'true'.
             Using this version instead of original version "6.0.0.0" in "C:\Users\ShShohruz\.nuget\packages\newtonsoft.json\13.0.4\lib\net6.0\Newtonsoft.Json.dll" because AutoUnify is 'true'.
             Using this version instead of original version "9.0.0.0" in "C:\Users\ShShohruz\.nuget\packages\system.numerics.tensors\9.0.0\lib\net9.0\System.Numerics.Tensors.dll" because AutoUnify is 'true'.
             Resolved file path is "C:\Program Files\dotnet\packs\Microsoft.NETCore.App.Ref\10.0.2\ref\net10.0\System.Runtime.InteropServices.dll".
             Reference found at search path location "{RawFileName}".
             This reference is not "CopyLocal" because at least one source item had "Private" set to "false" and no source items had "Private" set to "true".
         Unified primary reference "System.Runtime.Intrinsics, Version=10.0.0.0, Culture=neutral, PublicKeyToken=cc7b13ffcd2ddd51".
             Using this version instead of original version "9.0.0.0" in "C:\Users\ShShohruz\.nuget\packages\system.numerics.tensors\9.0.0\lib\net9.0\System.Numerics.Tensors.dll" because AutoUnify is 'true'.
             Resolved file path is "C:\Program Files\dotnet\packs\Microsoft.NETCore.App.Ref\10.0.2\ref\net10.0\System.Runtime.Intrinsics.dll".
             Reference found at search path location "{RawFileName}".
             This reference is not "CopyLocal" because at least one source item had "Private" set to "false" and no source items had "Private" set to "true".
         Primary reference "System.Runtime.Loader, Version=10.0.0.0, Culture=neutral, PublicKeyToken=b03f5f7f11d50a3a".
             Resolved file path is "C:\Program Files\dotnet\packs\Microsoft.NETCore.App.Ref\10.0.2\ref\net10.0\System.Runtime.Loader.dll".
             Reference found at search path location "{RawFileName}".
             This reference is not "CopyLocal" because at least one source item had "Private" set to "false" and no source items had "Private" set to "true".
         Unified primary reference "System.Runtime.Numerics, Version=10.0.0.0, Culture=neutral, PublicKeyToken=b03f5f7f11d50a3a".
             Using this version instead of original version "6.0.0.0" in "C:\Users\ShShohruz\.nuget\packages\newtonsoft.json\13.0.4\lib\net6.0\Newtonsoft.Json.dll" because AutoUnify is 'true'.
             Resolved file path is "C:\Program Files\dotnet\packs\Microsoft.NETCore.App.Ref\10.0.2\ref\net10.0\System.Runtime.Numerics.dll".
             Reference found at search path location "{RawFileName}".
             This reference is not "CopyLocal" because at least one source item had "Private" set to "false" and no source items had "Private" set to "true".
         Unified primary reference "System.Runtime.Serialization.Formatters, Version=8.1.0.0, Culture=neutral, PublicKeyToken=b03f5f7f11d50a3a".
             Using this version instead of original version "6.0.0.0" in "C:\Users\ShShohruz\.nuget\packages\newtonsoft.json\13.0.4\lib\net6.0\Newtonsoft.Json.dll" because AutoUnify is 'true'.
             Resolved file path is "C:\Program Files\dotnet\packs\Microsoft.NETCore.App.Ref\10.0.2\ref\net10.0\System.Runtime.Serialization.Formatters.dll".
             Reference found at search path location "{RawFileName}".
             This reference is not "CopyLocal" because at least one source item had "Private" set to "false" and no source items had "Private" set to "true".
         Primary reference "System.Runtime.Serialization.Json, Version=10.0.0.0, Culture=neutral, PublicKeyToken=b03f5f7f11d50a3a".
             Resolved file path is "C:\Program Files\dotnet\packs\Microsoft.NETCore.App.Ref\10.0.2\ref\net10.0\System.Runtime.Serialization.Json.dll".
             Reference found at search path location "{RawFileName}".
             This reference is not "CopyLocal" because at least one source item had "Private" set to "false" and no source items had "Private" set to "true".
         Unified primary reference "System.Runtime.Serialization.Primitives, Version=10.0.0.0, Culture=neutral, PublicKeyToken=b03f5f7f11d50a3a".
             Using this version instead of original version "6.0.0.0" in "C:\Users\ShShohruz\.nuget\packages\newtonsoft.json\13.0.4\lib\net6.0\Newtonsoft.Json.dll" because AutoUnify is 'true'.
             Resolved file path is "C:\Program Files\dotnet\packs\Microsoft.NETCore.App.Ref\10.0.2\ref\net10.0\System.Runtime.Serialization.Primitives.dll".
             Reference found at search path location "{RawFileName}".
             This reference is not "CopyLocal" because at least one source item had "Private" set to "false" and no source items had "Private" set to "true".
         Primary reference "System.Runtime.Serialization.Xml, Version=10.0.0.0, Culture=neutral, PublicKeyToken=b03f5f7f11d50a3a".
             Resolved file path is "C:\Program Files\dotnet\packs\Microsoft.NETCore.App.Ref\10.0.2\ref\net10.0\System.Runtime.Serialization.Xml.dll".
             Reference found at search path location "{RawFileName}".
             This reference is not "CopyLocal" because at least one source item had "Private" set to "false" and no source items had "Private" set to "true".
         Primary reference "System.Runtime.Serialization, Version=4.0.0.0, Culture=neutral, PublicKeyToken=b77a5c561934e089".
             Resolved file path is "C:\Program Files\dotnet\packs\Microsoft.NETCore.App.Ref\10.0.2\ref\net10.0\System.Runtime.Serialization.dll".
             Reference found at search path location "{RawFileName}".
             This reference is not "CopyLocal" because at least one source item had "Private" set to "false" and no source items had "Private" set to "true".
         Unified primary reference "System.Runtime, Version=10.0.0.0, Culture=neutral, PublicKeyToken=b03f5f7f11d50a3a".
             Using this version instead of original version "8.0.0.0" in "C:\Users\ShShohruz\.nuget\packages\microsoft.web.webview2\1.0.3179.45\lib_manual\net8.0-windows10.0.17763.0\Microsoft.Web.WebView2.Core.Projection.dll" because AutoUnify is 'true'.
             Using this version instead of original version "6.0.0.0" in "C:\Users\ShShohruz\.nuget\packages\microsoft.windowsappsdk.ai\1.8.47\lib\net6.0-windows10.0.17763.0\Microsoft.Graphics.Imaging.Projection.dll" because AutoUnify is 'true'.
             Using this version instead of original version "6.0.0.0" in "C:\Users\ShShohruz\.nuget\packages\microsoft.windowsappsdk.ai\1.8.47\lib\net6.0-windows10.0.17763.0\Microsoft.Windows.AI.ContentSafety.Projection.dll" because AutoUnify is 'true'.
             Using this version instead of original version "6.0.0.0" in "C:\Users\ShShohruz\.nuget\packages\microsoft.windowsappsdk.ai\1.8.47\lib\net6.0-windows10.0.17763.0\Microsoft.Windows.AI.Foundation.Projection.dll" because AutoUnify is 'true'.
             Using this version instead of original version "6.0.0.0" in "C:\Users\ShShohruz\.nuget\packages\microsoft.windowsappsdk.ai\1.8.47\lib\net6.0-windows10.0.17763.0\Microsoft.Windows.AI.Imaging.Projection.dll" because AutoUnify is 'true'.
             Using this version instead of original version "6.0.0.0" in "C:\Users\ShShohruz\.nuget\packages\microsoft.windowsappsdk.ai\1.8.47\lib\net6.0-windows10.0.17763.0\Microsoft.Windows.AI.Projection.dll" because AutoUnify is 'true'.
             Using this version instead of original version "6.0.0.0" in "C:\Users\ShShohruz\.nuget\packages\microsoft.windowsappsdk.ai\1.8.47\lib\net6.0-windows10.0.17763.0\Microsoft.Windows.AI.Text.Projection.dll" because AutoUnify is 'true'.
             Using this version instead of original version "6.0.0.0" in "C:\Users\ShShohruz\.nuget\packages\microsoft.windowsappsdk.foundation\1.8.260203002\lib\net6.0-windows10.0.17763.0\Microsoft.Security.Authentication.OAuth.Projection.dll" because AutoUnify is 'true'.
             Using this version instead of original version "6.0.0.0" in "C:\Users\ShShohruz\.nuget\packages\microsoft.windowsappsdk.foundation\1.8.260203002\lib\net6.0-windows10.0.17763.0\Microsoft.Windows.AppLifecycle.Projection.dll" because AutoUnify is 'true'.
             Using this version instead of original version "6.0.0.0" in "C:\Users\ShShohruz\.nuget\packages\microsoft.windowsappsdk.foundation\1.8.260203002\lib\net6.0-windows10.0.17763.0\Microsoft.Windows.AppNotifications.Builder.Projection.dll" because AutoUnify is 'true'.
             Using this version instead of original version "6.0.0.0" in "C:\Users\ShShohruz\.nuget\packages\microsoft.windowsappsdk.foundation\1.8.260203002\lib\net6.0-windows10.0.17763.0\Microsoft.Windows.AppNotifications.Projection.dll" because AutoUnify is 'true'.
             Using this version instead of original version "6.0.0.0" in "C:\Users\ShShohruz\.nuget\packages\microsoft.windowsappsdk.foundation\1.8.260203002\lib\net6.0-windows10.0.17763.0\Microsoft.Windows.ApplicationModel.Background.Projection.dll" because AutoUnify is 'true'.
             Using this version instead of original version "6.0.0.0" in "C:\Users\ShShohruz\.nuget\packages\microsoft.windowsappsdk.foundation\1.8.260203002\lib\net6.0-windows10.0.17763.0\Microsoft.Windows.ApplicationModel.DynamicDependency.Projection.dll" because AutoUnify is 'true'.
             Using this version instead of original version "6.0.0.0" in "C:\Users\ShShohruz\.nuget\packages\microsoft.windowsappsdk.foundation\1.8.260203002\lib\net6.0-windows10.0.17763.0\Microsoft.Windows.ApplicationModel.Resources.Projection.dll" because AutoUnify is 'true'.
             Using this version instead of original version "6.0.0.0" in "C:\Users\ShShohruz\.nuget\packages\microsoft.windowsappsdk.foundation\1.8.260203002\lib\net6.0-windows10.0.17763.0\Microsoft.Windows.ApplicationModel.WindowsAppRuntime.Projection.dll" because AutoUnify is 'true'.
             Using this version instead of original version "6.0.0.0" in "C:\Users\ShShohruz\.nuget\packages\microsoft.windowsappsdk.foundation\1.8.260203002\lib\net6.0-windows10.0.17763.0\Microsoft.Windows.BadgeNotifications.Projection.dll" because AutoUnify is 'true'.
             Using this version instead of original version "6.0.0.0" in "C:\Users\ShShohruz\.nuget\packages\microsoft.windowsappsdk.foundation\1.8.260203002\lib\net6.0-windows10.0.17763.0\Microsoft.Windows.Foundation.Projection.dll" because AutoUnify is 'true'.
             Using this version instead of original version "6.0.0.0" in "C:\Users\ShShohruz\.nuget\packages\microsoft.windowsappsdk.foundation\1.8.260203002\lib\net6.0-windows10.0.17763.0\Microsoft.Windows.Management.Deployment.Projection.dll" because AutoUnify is 'true'.
             Using this version instead of original version "6.0.0.0" in "C:\Users\ShShohruz\.nuget\packages\microsoft.windowsappsdk.foundation\1.8.260203002\lib\net6.0-windows10.0.17763.0\Microsoft.Windows.Media.Capture.Projection.dll" because AutoUnify is 'true'.
             Using this version instead of original version "6.0.0.0" in "C:\Users\ShShohruz\.nuget\packages\microsoft.windowsappsdk.foundation\1.8.260203002\lib\net6.0-windows10.0.17763.0\Microsoft.Windows.PushNotifications.Projection.dll" because AutoUnify is 'true'.
             Using this version instead of original version "6.0.0.0" in "C:\Users\ShShohruz\.nuget\packages\microsoft.windowsappsdk.foundation\1.8.260203002\lib\net6.0-windows10.0.17763.0\Microsoft.Windows.Security.AccessControl.Projection.dll" because AutoUnify is 'true'.
             Using this version instead of original version "6.0.0.0" in "C:\Users\ShShohruz\.nuget\packages\microsoft.windowsappsdk.foundation\1.8.260203002\lib\net6.0-windows10.0.17763.0\Microsoft.Windows.Storage.Pickers.Projection.dll" because AutoUnify is 'true'.
             Using this version instead of original version "6.0.0.0" in "C:\Users\ShShohruz\.nuget\packages\microsoft.windowsappsdk.foundation\1.8.260203002\lib\net6.0-windows10.0.17763.0\Microsoft.Windows.Storage.Projection.dll" because AutoUnify is 'true'.
             Using this version instead of original version "6.0.0.0" in "C:\Users\ShShohruz\.nuget\packages\microsoft.windowsappsdk.foundation\1.8.260203002\lib\net6.0-windows10.0.17763.0\Microsoft.Windows.System.Power.Projection.dll" because AutoUnify is 'true'.
             Using this version instead of original version "6.0.0.0" in "C:\Users\ShShohruz\.nuget\packages\microsoft.windowsappsdk.foundation\1.8.260203002\lib\net6.0-windows10.0.17763.0\Microsoft.Windows.System.Projection.dll" because AutoUnify is 'true'.
             Using this version instead of original version "6.0.0.0" in "C:\Users\ShShohruz\.nuget\packages\microsoft.windowsappsdk.foundation\1.8.260203002\lib\net6.0-windows10.0.17763.0\Microsoft.WindowsAppRuntime.Bootstrap.Net.dll" because AutoUnify is 'true'.
             Using this version instead of original version "6.0.0.0" in "C:\Users\ShShohruz\.nuget\packages\microsoft.windowsappsdk.interactiveexperiences\1.8.260125001\lib\net6.0-windows10.0.18362.0\Microsoft.InteractiveExperiences.Projection.dll" because AutoUnify is 'true'.
             Using this version instead of original version "8.0.0.0" in "C:\Users\ShShohruz\.nuget\packages\microsoft.windowsappsdk.ml\1.8.2124\lib\net8.0-windows10.0.17763.0\Microsoft.ML.OnnxRuntime.dll" because AutoUnify is 'true'.
             Using this version instead of original version "6.0.0.0" in "C:\Users\ShShohruz\.nuget\packages\microsoft.windowsappsdk.ml\1.8.2124\lib\net8.0-windows10.0.17763.0\Microsoft.Windows.AI.MachineLearning.Projection.dll" because AutoUnify is 'true'.
             Using this version instead of original version "6.0.0.0" in "C:\Users\ShShohruz\.nuget\packages\microsoft.windowsappsdk.widgets\1.8.251231004\lib\net6.0-windows10.0.17763.0\Microsoft.Windows.Widgets.Projection.dll" because AutoUnify is 'true'.
             Using this version instead of original version "6.0.0.0" in "C:\Users\ShShohruz\.nuget\packages\microsoft.windowsappsdk.winui\1.8.260204000\lib\net6.0-windows10.0.17763.0\Microsoft.WinUI.dll" because AutoUnify is 'true'.
             Using this version instead of original version "6.0.0.0" in "C:\Users\ShShohruz\.nuget\packages\newtonsoft.json\13.0.4\lib\net6.0\Newtonsoft.Json.dll" because AutoUnify is 'true'.
             Using this version instead of original version "8.0.0.0" in "C:\Users\ShShohruz\.nuget\packages\socketioclient\4.0.1\lib\net8.0\SocketIOClient.dll" because AutoUnify is 'true'.
             Using this version instead of original version "8.0.0.0" in "C:\Users\ShShohruz\.nuget\packages\socketioclient.common\4.0.0\lib\net8.0\SocketIOClient.Common.dll" because AutoUnify is 'true'.
             Using this version instead of original version "8.0.0.0" in "C:\Users\ShShohruz\.nuget\packages\socketioclient.serializer\4.0.0.1\lib\net8.0\SocketIOClient.Serializer.dll" because AutoUnify is 'true'.
             Using this version instead of original version "9.0.0.0" in "C:\Users\ShShohruz\.nuget\packages\system.numerics.tensors\9.0.0\lib\net9.0\System.Numerics.Tensors.dll" because AutoUnify is 'true'.
             Resolved file path is "C:\Program Files\dotnet\packs\Microsoft.NETCore.App.Ref\10.0.2\ref\net10.0\System.Runtime.dll".
             Reference found at search path location "{RawFileName}".
             This reference is not "CopyLocal" because at least one source item had "Private" set to "false" and no source items had "Private" set to "true".
         Primary reference "System.Security.AccessControl, Version=10.0.0.0, Culture=neutral, PublicKeyToken=b03f5f7f11d50a3a".
             Resolved file path is "C:\Program Files\dotnet\packs\Microsoft.NETCore.App.Ref\10.0.2\ref\net10.0\System.Security.AccessControl.dll".
             Reference found at search path location "{RawFileName}".
             This reference is not "CopyLocal" because at least one source item had "Private" set to "false" and no source items had "Private" set to "true".
         Primary reference "System.Security.Claims, Version=10.0.0.0, Culture=neutral, PublicKeyToken=b03f5f7f11d50a3a".
             Resolved file path is "C:\Program Files\dotnet\packs\Microsoft.NETCore.App.Ref\10.0.2\ref\net10.0\System.Security.Claims.dll".
             Reference found at search path location "{RawFileName}".
             This reference is not "CopyLocal" because at least one source item had "Private" set to "false" and no source items had "Private" set to "true".
         Primary reference "System.Security.Cryptography.Algorithms, Version=10.0.0.0, Culture=neutral, PublicKeyToken=b03f5f7f11d50a3a".
             Resolved file path is "C:\Program Files\dotnet\packs\Microsoft.NETCore.App.Ref\10.0.2\ref\net10.0\System.Security.Cryptography.Algorithms.dll".
             Reference found at search path location "{RawFileName}".
             This reference is not "CopyLocal" because at least one source item had "Private" set to "false" and no source items had "Private" set to "true".
         Primary reference "System.Security.Cryptography.Cng, Version=10.0.0.0, Culture=neutral, PublicKeyToken=b03f5f7f11d50a3a".
             Resolved file path is "C:\Program Files\dotnet\packs\Microsoft.NETCore.App.Ref\10.0.2\ref\net10.0\System.Security.Cryptography.Cng.dll".
             Reference found at search path location "{RawFileName}".
             This reference is not "CopyLocal" because at least one source item had "Private" set to "false" and no source items had "Private" set to "true".
         Primary reference "System.Security.Cryptography.Csp, Version=10.0.0.0, Culture=neutral, PublicKeyToken=b03f5f7f11d50a3a".
             Resolved file path is "C:\Program Files\dotnet\packs\Microsoft.NETCore.App.Ref\10.0.2\ref\net10.0\System.Security.Cryptography.Csp.dll".
             Reference found at search path location "{RawFileName}".
             This reference is not "CopyLocal" because at least one source item had "Private" set to "false" and no source items had "Private" set to "true".
         Primary reference "System.Security.Cryptography.Encoding, Version=10.0.0.0, Culture=neutral, PublicKeyToken=b03f5f7f11d50a3a".
             Resolved file path is "C:\Program Files\dotnet\packs\Microsoft.NETCore.App.Ref\10.0.2\ref\net10.0\System.Security.Cryptography.Encoding.dll".
             Reference found at search path location "{RawFileName}".
             This reference is not "CopyLocal" because at least one source item had "Private" set to "false" and no source items had "Private" set to "true".
         Primary reference "System.Security.Cryptography.OpenSsl, Version=10.0.0.0, Culture=neutral, PublicKeyToken=b03f5f7f11d50a3a".
             Resolved file path is "C:\Program Files\dotnet\packs\Microsoft.NETCore.App.Ref\10.0.2\ref\net10.0\System.Security.Cryptography.OpenSsl.dll".
             Reference found at search path location "{RawFileName}".
             This reference is not "CopyLocal" because at least one source item had "Private" set to "false" and no source items had "Private" set to "true".
         Primary reference "System.Security.Cryptography.Primitives, Version=10.0.0.0, Culture=neutral, PublicKeyToken=b03f5f7f11d50a3a".
             Resolved file path is "C:\Program Files\dotnet\packs\Microsoft.NETCore.App.Ref\10.0.2\ref\net10.0\System.Security.Cryptography.Primitives.dll".
             Reference found at search path location "{RawFileName}".
             This reference is not "CopyLocal" because at least one source item had "Private" set to "false" and no source items had "Private" set to "true".
         Primary reference "System.Security.Cryptography.X509Certificates, Version=10.0.0.0, Culture=neutral, PublicKeyToken=b03f5f7f11d50a3a".
             Resolved file path is "C:\Program Files\dotnet\packs\Microsoft.NETCore.App.Ref\10.0.2\ref\net10.0\System.Security.Cryptography.X509Certificates.dll".
             Reference found at search path location "{RawFileName}".
             This reference is not "CopyLocal" because at least one source item had "Private" set to "false" and no source items had "Private" set to "true".
         Primary reference "System.Security.Cryptography, Version=10.0.0.0, Culture=neutral, PublicKeyToken=b03f5f7f11d50a3a".
             Resolved file path is "C:\Program Files\dotnet\packs\Microsoft.NETCore.App.Ref\10.0.2\ref\net10.0\System.Security.Cryptography.dll".
             Reference found at search path location "{RawFileName}".
             This reference is not "CopyLocal" because at least one source item had "Private" set to "false" and no source items had "Private" set to "true".
         Primary reference "System.Security.Principal.Windows, Version=10.0.0.0, Culture=neutral, PublicKeyToken=b03f5f7f11d50a3a".
             Resolved file path is "C:\Program Files\dotnet\packs\Microsoft.NETCore.App.Ref\10.0.2\ref\net10.0\System.Security.Principal.Windows.dll".
             Reference found at search path location "{RawFileName}".
             This reference is not "CopyLocal" because at least one source item had "Private" set to "false" and no source items had "Private" set to "true".
         Primary reference "System.Security.Principal, Version=10.0.0.0, Culture=neutral, PublicKeyToken=b03f5f7f11d50a3a".
             Resolved file path is "C:\Program Files\dotnet\packs\Microsoft.NETCore.App.Ref\10.0.2\ref\net10.0\System.Security.Principal.dll".
             Reference found at search path location "{RawFileName}".
             This reference is not "CopyLocal" because at least one source item had "Private" set to "false" and no source items had "Private" set to "true".
         Primary reference "System.Security.SecureString, Version=10.0.0.0, Culture=neutral, PublicKeyToken=b03f5f7f11d50a3a".
             Resolved file path is "C:\Program Files\dotnet\packs\Microsoft.NETCore.App.Ref\10.0.2\ref\net10.0\System.Security.SecureString.dll".
             Reference found at search path location "{RawFileName}".
             This reference is not "CopyLocal" because at least one source item had "Private" set to "false" and no source items had "Private" set to "true".
         Primary reference "System.Security, Version=4.0.0.0, Culture=neutral, PublicKeyToken=b03f5f7f11d50a3a".
             Resolved file path is "C:\Program Files\dotnet\packs\Microsoft.NETCore.App.Ref\10.0.2\ref\net10.0\System.Security.dll".
             Reference found at search path location "{RawFileName}".
             This reference is not "CopyLocal" because at least one source item had "Private" set to "false" and no source items had "Private" set to "true".
         Primary reference "System.ServiceModel.Web, Version=4.0.0.0, Culture=neutral, PublicKeyToken=31bf3856ad364e35".
             Resolved file path is "C:\Program Files\dotnet\packs\Microsoft.NETCore.App.Ref\10.0.2\ref\net10.0\System.ServiceModel.Web.dll".
             Reference found at search path location "{RawFileName}".
             This reference is not "CopyLocal" because at least one source item had "Private" set to "false" and no source items had "Private" set to "true".
         Primary reference "System.ServiceProcess, Version=4.0.0.0, Culture=neutral, PublicKeyToken=b03f5f7f11d50a3a".
             Resolved file path is "C:\Program Files\dotnet\packs\Microsoft.NETCore.App.Ref\10.0.2\ref\net10.0\System.ServiceProcess.dll".
             Reference found at search path location "{RawFileName}".
             This reference is not "CopyLocal" because at least one source item had "Private" set to "false" and no source items had "Private" set to "true".
         Primary reference "System.Text.Encoding.CodePages, Version=10.0.0.0, Culture=neutral, PublicKeyToken=b03f5f7f11d50a3a".
             Resolved file path is "C:\Program Files\dotnet\packs\Microsoft.NETCore.App.Ref\10.0.2\ref\net10.0\System.Text.Encoding.CodePages.dll".
             Reference found at search path location "{RawFileName}".
             This reference is not "CopyLocal" because at least one source item had "Private" set to "false" and no source items had "Private" set to "true".
         Unified primary reference "System.Text.Encoding.Extensions, Version=10.0.0.0, Culture=neutral, PublicKeyToken=b03f5f7f11d50a3a".
             Using this version instead of original version "6.0.0.0" in "C:\Users\ShShohruz\.nuget\packages\newtonsoft.json\13.0.4\lib\net6.0\Newtonsoft.Json.dll" because AutoUnify is 'true'.
             Resolved file path is "C:\Program Files\dotnet\packs\Microsoft.NETCore.App.Ref\10.0.2\ref\net10.0\System.Text.Encoding.Extensions.dll".
             Reference found at search path location "{RawFileName}".
             This reference is not "CopyLocal" because at least one source item had "Private" set to "false" and no source items had "Private" set to "true".
         Primary reference "System.Text.Encoding, Version=10.0.0.0, Culture=neutral, PublicKeyToken=b03f5f7f11d50a3a".
             Resolved file path is "C:\Program Files\dotnet\packs\Microsoft.NETCore.App.Ref\10.0.2\ref\net10.0\System.Text.Encoding.dll".
             Reference found at search path location "{RawFileName}".
             This reference is not "CopyLocal" because at least one source item had "Private" set to "false" and no source items had "Private" set to "true".
         Primary reference "System.Text.Encodings.Web, Version=10.0.0.0, Culture=neutral, PublicKeyToken=cc7b13ffcd2ddd51".
             Resolved file path is "C:\Program Files\dotnet\packs\Microsoft.NETCore.App.Ref\10.0.2\ref\net10.0\System.Text.Encodings.Web.dll".
             Reference found at search path location "{RawFileName}".
             This reference is not "CopyLocal" because at least one source item had "Private" set to "false" and no source items had "Private" set to "true".
         Primary reference "System.Text.Json, Version=10.0.0.0, Culture=neutral, PublicKeyToken=cc7b13ffcd2ddd51".
             Resolved file path is "C:\Program Files\dotnet\packs\Microsoft.NETCore.App.Ref\10.0.2\ref\net10.0\System.Text.Json.dll".
             Reference found at search path location "{RawFileName}".
             This reference is not "CopyLocal" because at least one source item had "Private" set to "false" and no source items had "Private" set to "true".
         Unified primary reference "System.Text.RegularExpressions, Version=10.0.0.0, Culture=neutral, PublicKeyToken=b03f5f7f11d50a3a".
             Using this version instead of original version "6.0.0.0" in "C:\Users\ShShohruz\.nuget\packages\newtonsoft.json\13.0.4\lib\net6.0\Newtonsoft.Json.dll" because AutoUnify is 'true'.
             Resolved file path is "C:\Program Files\dotnet\packs\Microsoft.NETCore.App.Ref\10.0.2\ref\net10.0\System.Text.RegularExpressions.dll".
             Reference found at search path location "{RawFileName}".
             This reference is not "CopyLocal" because at least one source item had "Private" set to "false" and no source items had "Private" set to "true".
         Primary reference "System.Threading.AccessControl, Version=10.0.0.0, Culture=neutral, PublicKeyToken=b03f5f7f11d50a3a".
             Resolved file path is "C:\Program Files\dotnet\packs\Microsoft.NETCore.App.Ref\10.0.2\ref\net10.0\System.Threading.AccessControl.dll".
             Reference found at search path location "{RawFileName}".
             This reference is not "CopyLocal" because at least one source item had "Private" set to "false" and no source items had "Private" set to "true".
         Primary reference "System.Threading.Channels, Version=10.0.0.0, Culture=neutral, PublicKeyToken=cc7b13ffcd2ddd51".
             Resolved file path is "C:\Program Files\dotnet\packs\Microsoft.NETCore.App.Ref\10.0.2\ref\net10.0\System.Threading.Channels.dll".
             Reference found at search path location "{RawFileName}".
             This reference is not "CopyLocal" because at least one source item had "Private" set to "false" and no source items had "Private" set to "true".
         Primary reference "System.Threading.Overlapped, Version=10.0.0.0, Culture=neutral, PublicKeyToken=b03f5f7f11d50a3a".
             Resolved file path is "C:\Program Files\dotnet\packs\Microsoft.NETCore.App.Ref\10.0.2\ref\net10.0\System.Threading.Overlapped.dll".
             Reference found at search path location "{RawFileName}".
             This reference is not "CopyLocal" because at least one source item had "Private" set to "false" and no source items had "Private" set to "true".
         Primary reference "System.Threading.Tasks.Dataflow, Version=10.0.0.0, Culture=neutral, PublicKeyToken=b03f5f7f11d50a3a".
             Resolved file path is "C:\Program Files\dotnet\packs\Microsoft.NETCore.App.Ref\10.0.2\ref\net10.0\System.Threading.Tasks.Dataflow.dll".
             Reference found at search path location "{RawFileName}".
             This reference is not "CopyLocal" because at least one source item had "Private" set to "false" and no source items had "Private" set to "true".
         Primary reference "System.Threading.Tasks.Extensions, Version=10.0.0.0, Culture=neutral, PublicKeyToken=cc7b13ffcd2ddd51".
             Resolved file path is "C:\Program Files\dotnet\packs\Microsoft.NETCore.App.Ref\10.0.2\ref\net10.0\System.Threading.Tasks.Extensions.dll".
             Reference found at search path location "{RawFileName}".
             This reference is not "CopyLocal" because at least one source item had "Private" set to "false" and no source items had "Private" set to "true".
         Primary reference "System.Threading.Tasks.Parallel, Version=10.0.0.0, Culture=neutral, PublicKeyToken=b03f5f7f11d50a3a".
             Resolved file path is "C:\Program Files\dotnet\packs\Microsoft.NETCore.App.Ref\10.0.2\ref\net10.0\System.Threading.Tasks.Parallel.dll".
             Reference found at search path location "{RawFileName}".
             This reference is not "CopyLocal" because at least one source item had "Private" set to "false" and no source items had "Private" set to "true".
         Primary reference "System.Threading.Tasks, Version=10.0.0.0, Culture=neutral, PublicKeyToken=b03f5f7f11d50a3a".
             Resolved file path is "C:\Program Files\dotnet\packs\Microsoft.NETCore.App.Ref\10.0.2\ref\net10.0\System.Threading.Tasks.dll".
             Reference found at search path location "{RawFileName}".
             This reference is not "CopyLocal" because at least one source item had "Private" set to "false" and no source items had "Private" set to "true".
         Primary reference "System.Threading.Thread, Version=10.0.0.0, Culture=neutral, PublicKeyToken=b03f5f7f11d50a3a".
             Resolved file path is "C:\Program Files\dotnet\packs\Microsoft.NETCore.App.Ref\10.0.2\ref\net10.0\System.Threading.Thread.dll".
             Reference found at search path location "{RawFileName}".
             This reference is not "CopyLocal" because at least one source item had "Private" set to "false" and no source items had "Private" set to "true".
         Primary reference "System.Threading.ThreadPool, Version=10.0.0.0, Culture=neutral, PublicKeyToken=b03f5f7f11d50a3a".
             Resolved file path is "C:\Program Files\dotnet\packs\Microsoft.NETCore.App.Ref\10.0.2\ref\net10.0\System.Threading.ThreadPool.dll".
             Reference found at search path location "{RawFileName}".
             This reference is not "CopyLocal" because at least one source item had "Private" set to "false" and no source items had "Private" set to "true".
         Primary reference "System.Threading.Timer, Version=10.0.0.0, Culture=neutral, PublicKeyToken=b03f5f7f11d50a3a".
             Resolved file path is "C:\Program Files\dotnet\packs\Microsoft.NETCore.App.Ref\10.0.2\ref\net10.0\System.Threading.Timer.dll".
             Reference found at search path location "{RawFileName}".
             This reference is not "CopyLocal" because at least one source item had "Private" set to "false" and no source items had "Private" set to "true".
         Unified primary reference "System.Threading, Version=10.0.0.0, Culture=neutral, PublicKeyToken=b03f5f7f11d50a3a".
             Using this version instead of original version "8.0.0.0" in "C:\Users\ShShohruz\.nuget\packages\microsoft.web.webview2\1.0.3179.45\lib_manual\net8.0-windows10.0.17763.0\Microsoft.Web.WebView2.Core.Projection.dll" because AutoUnify is 'true'.
             Using this version instead of original version "6.0.0.0" in "C:\Users\ShShohruz\.nuget\packages\microsoft.windowsappsdk.ai\1.8.47\lib\net6.0-windows10.0.17763.0\Microsoft.Graphics.Imaging.Projection.dll" because AutoUnify is 'true'.
             Using this version instead of original version "6.0.0.0" in "C:\Users\ShShohruz\.nuget\packages\microsoft.windowsappsdk.ai\1.8.47\lib\net6.0-windows10.0.17763.0\Microsoft.Windows.AI.ContentSafety.Projection.dll" because AutoUnify is 'true'.
             Using this version instead of original version "6.0.0.0" in "C:\Users\ShShohruz\.nuget\packages\microsoft.windowsappsdk.ai\1.8.47\lib\net6.0-windows10.0.17763.0\Microsoft.Windows.AI.Foundation.Projection.dll" because AutoUnify is 'true'.
             Using this version instead of original version "6.0.0.0" in "C:\Users\ShShohruz\.nuget\packages\microsoft.windowsappsdk.ai\1.8.47\lib\net6.0-windows10.0.17763.0\Microsoft.Windows.AI.Imaging.Projection.dll" because AutoUnify is 'true'.
             Using this version instead of original version "6.0.0.0" in "C:\Users\ShShohruz\.nuget\packages\microsoft.windowsappsdk.ai\1.8.47\lib\net6.0-windows10.0.17763.0\Microsoft.Windows.AI.Projection.dll" because AutoUnify is 'true'.
             Using this version instead of original version "6.0.0.0" in "C:\Users\ShShohruz\.nuget\packages\microsoft.windowsappsdk.ai\1.8.47\lib\net6.0-windows10.0.17763.0\Microsoft.Windows.AI.Text.Projection.dll" because AutoUnify is 'true'.
             Using this version instead of original version "6.0.0.0" in "C:\Users\ShShohruz\.nuget\packages\microsoft.windowsappsdk.foundation\1.8.260203002\lib\net6.0-windows10.0.17763.0\Microsoft.Security.Authentication.OAuth.Projection.dll" because AutoUnify is 'true'.
             Using this version instead of original version "6.0.0.0" in "C:\Users\ShShohruz\.nuget\packages\microsoft.windowsappsdk.foundation\1.8.260203002\lib\net6.0-windows10.0.17763.0\Microsoft.Windows.AppLifecycle.Projection.dll" because AutoUnify is 'true'.
             Using this version instead of original version "6.0.0.0" in "C:\Users\ShShohruz\.nuget\packages\microsoft.windowsappsdk.foundation\1.8.260203002\lib\net6.0-windows10.0.17763.0\Microsoft.Windows.AppNotifications.Builder.Projection.dll" because AutoUnify is 'true'.
             Using this version instead of original version "6.0.0.0" in "C:\Users\ShShohruz\.nuget\packages\microsoft.windowsappsdk.foundation\1.8.260203002\lib\net6.0-windows10.0.17763.0\Microsoft.Windows.AppNotifications.Projection.dll" because AutoUnify is 'true'.
             Using this version instead of original version "6.0.0.0" in "C:\Users\ShShohruz\.nuget\packages\microsoft.windowsappsdk.foundation\1.8.260203002\lib\net6.0-windows10.0.17763.0\Microsoft.Windows.ApplicationModel.Background.Projection.dll" because AutoUnify is 'true'.
             Using this version instead of original version "6.0.0.0" in "C:\Users\ShShohruz\.nuget\packages\microsoft.windowsappsdk.foundation\1.8.260203002\lib\net6.0-windows10.0.17763.0\Microsoft.Windows.ApplicationModel.DynamicDependency.Projection.dll" because AutoUnify is 'true'.
             Using this version instead of original version "6.0.0.0" in "C:\Users\ShShohruz\.nuget\packages\microsoft.windowsappsdk.foundation\1.8.260203002\lib\net6.0-windows10.0.17763.0\Microsoft.Windows.ApplicationModel.Resources.Projection.dll" because AutoUnify is 'true'.
             Using this version instead of original version "6.0.0.0" in "C:\Users\ShShohruz\.nuget\packages\microsoft.windowsappsdk.foundation\1.8.260203002\lib\net6.0-windows10.0.17763.0\Microsoft.Windows.ApplicationModel.WindowsAppRuntime.Projection.dll" because AutoUnify is 'true'.
             Using this version instead of original version "6.0.0.0" in "C:\Users\ShShohruz\.nuget\packages\microsoft.windowsappsdk.foundation\1.8.260203002\lib\net6.0-windows10.0.17763.0\Microsoft.Windows.BadgeNotifications.Projection.dll" because AutoUnify is 'true'.
             Using this version instead of original version "6.0.0.0" in "C:\Users\ShShohruz\.nuget\packages\microsoft.windowsappsdk.foundation\1.8.260203002\lib\net6.0-windows10.0.17763.0\Microsoft.Windows.Management.Deployment.Projection.dll" because AutoUnify is 'true'.
             Using this version instead of original version "6.0.0.0" in "C:\Users\ShShohruz\.nuget\packages\microsoft.windowsappsdk.foundation\1.8.260203002\lib\net6.0-windows10.0.17763.0\Microsoft.Windows.Media.Capture.Projection.dll" because AutoUnify is 'true'.
             Using this version instead of original version "6.0.0.0" in "C:\Users\ShShohruz\.nuget\packages\microsoft.windowsappsdk.foundation\1.8.260203002\lib\net6.0-windows10.0.17763.0\Microsoft.Windows.PushNotifications.Projection.dll" because AutoUnify is 'true'.
             Using this version instead of original version "6.0.0.0" in "C:\Users\ShShohruz\.nuget\packages\microsoft.windowsappsdk.foundation\1.8.260203002\lib\net6.0-windows10.0.17763.0\Microsoft.Windows.Storage.Pickers.Projection.dll" because AutoUnify is 'true'.
             Using this version instead of original version "6.0.0.0" in "C:\Users\ShShohruz\.nuget\packages\microsoft.windowsappsdk.foundation\1.8.260203002\lib\net6.0-windows10.0.17763.0\Microsoft.Windows.Storage.Projection.dll" because AutoUnify is 'true'.
             Using this version instead of original version "6.0.0.0" in "C:\Users\ShShohruz\.nuget\packages\microsoft.windowsappsdk.foundation\1.8.260203002\lib\net6.0-windows10.0.17763.0\Microsoft.Windows.System.Power.Projection.dll" because AutoUnify is 'true'.
             Using this version instead of original version "6.0.0.0" in "C:\Users\ShShohruz\.nuget\packages\microsoft.windowsappsdk.foundation\1.8.260203002\lib\net6.0-windows10.0.17763.0\Microsoft.Windows.System.Projection.dll" because AutoUnify is 'true'.
             Using this version instead of original version "6.0.0.0" in "C:\Users\ShShohruz\.nuget\packages\microsoft.windowsappsdk.interactiveexperiences\1.8.260125001\lib\net6.0-windows10.0.18362.0\Microsoft.InteractiveExperiences.Projection.dll" because AutoUnify is 'true'.
             Using this version instead of original version "6.0.0.0" in "C:\Users\ShShohruz\.nuget\packages\microsoft.windowsappsdk.ml\1.8.2124\lib\net8.0-windows10.0.17763.0\Microsoft.Windows.AI.MachineLearning.Projection.dll" because AutoUnify is 'true'.
             Using this version instead of original version "6.0.0.0" in "C:\Users\ShShohruz\.nuget\packages\microsoft.windowsappsdk.widgets\1.8.251231004\lib\net6.0-windows10.0.17763.0\Microsoft.Windows.Widgets.Projection.dll" because AutoUnify is 'true'.
             Using this version instead of original version "6.0.0.0" in "C:\Users\ShShohruz\.nuget\packages\microsoft.windowsappsdk.winui\1.8.260204000\lib\net6.0-windows10.0.17763.0\Microsoft.WinUI.dll" because AutoUnify is 'true'.
             Using this version instead of original version "6.0.0.0" in "C:\Users\ShShohruz\.nuget\packages\newtonsoft.json\13.0.4\lib\net6.0\Newtonsoft.Json.dll" because AutoUnify is 'true'.
             Using this version instead of original version "8.0.0.0" in "C:\Users\ShShohruz\.nuget\packages\socketioclient\4.0.1\lib\net8.0\SocketIOClient.dll" because AutoUnify is 'true'.
             Resolved file path is "C:\Program Files\dotnet\packs\Microsoft.NETCore.App.Ref\10.0.2\ref\net10.0\System.Threading.dll".
             Reference found at search path location "{RawFileName}".
             This reference is not "CopyLocal" because at least one source item had "Private" set to "false" and no source items had "Private" set to "true".
         Primary reference "System.Transactions.Local, Version=10.0.0.0, Culture=neutral, PublicKeyToken=cc7b13ffcd2ddd51".
             Resolved file path is "C:\Program Files\dotnet\packs\Microsoft.NETCore.App.Ref\10.0.2\ref\net10.0\System.Transactions.Local.dll".
             Reference found at search path location "{RawFileName}".
             This reference is not "CopyLocal" because at least one source item had "Private" set to "false" and no source items had "Private" set to "true".
         Primary reference "System.Transactions, Version=4.0.0.0, Culture=neutral, PublicKeyToken=b77a5c561934e089".
             Resolved file path is "C:\Program Files\dotnet\packs\Microsoft.NETCore.App.Ref\10.0.2\ref\net10.0\System.Transactions.dll".
             Reference found at search path location "{RawFileName}".
             This reference is not "CopyLocal" because at least one source item had "Private" set to "false" and no source items had "Private" set to "true".
         Primary reference "System.ValueTuple, Version=10.0.0.0, Culture=neutral, PublicKeyToken=cc7b13ffcd2ddd51".
             Resolved file path is "C:\Program Files\dotnet\packs\Microsoft.NETCore.App.Ref\10.0.2\ref\net10.0\System.ValueTuple.dll".
             Reference found at search path location "{RawFileName}".
             This reference is not "CopyLocal" because at least one source item had "Private" set to "false" and no source items had "Private" set to "true".
         Primary reference "System.Web.HttpUtility, Version=10.0.0.0, Culture=neutral, PublicKeyToken=cc7b13ffcd2ddd51".
             Resolved file path is "C:\Program Files\dotnet\packs\Microsoft.NETCore.App.Ref\10.0.2\ref\net10.0\System.Web.HttpUtility.dll".
             Reference found at search path location "{RawFileName}".
             This reference is not "CopyLocal" because at least one source item had "Private" set to "false" and no source items had "Private" set to "true".
         Primary reference "System.Web, Version=4.0.0.0, Culture=neutral, PublicKeyToken=b03f5f7f11d50a3a".
             Resolved file path is "C:\Program Files\dotnet\packs\Microsoft.NETCore.App.Ref\10.0.2\ref\net10.0\System.Web.dll".
             Reference found at search path location "{RawFileName}".
             This reference is not "CopyLocal" because at least one source item had "Private" set to "false" and no source items had "Private" set to "true".
         Primary reference "System.Windows, Version=4.0.0.0, Culture=neutral, PublicKeyToken=b03f5f7f11d50a3a".
             Resolved file path is "C:\Program Files\dotnet\packs\Microsoft.NETCore.App.Ref\10.0.2\ref\net10.0\System.Windows.dll".
             Reference found at search path location "{RawFileName}".
             This reference is not "CopyLocal" because at least one source item had "Private" set to "false" and no source items had "Private" set to "true".
         Primary reference "System.Xml.Linq, Version=4.0.0.0, Culture=neutral, PublicKeyToken=b77a5c561934e089".
             Resolved file path is "C:\Program Files\dotnet\packs\Microsoft.NETCore.App.Ref\10.0.2\ref\net10.0\System.Xml.Linq.dll".
             Reference found at search path location "{RawFileName}".
             This reference is not "CopyLocal" because at least one source item had "Private" set to "false" and no source items had "Private" set to "true".
         Unified primary reference "System.Xml.ReaderWriter, Version=10.0.0.0, Culture=neutral, PublicKeyToken=b03f5f7f11d50a3a".
             Using this version instead of original version "6.0.0.0" in "C:\Users\ShShohruz\.nuget\packages\newtonsoft.json\13.0.4\lib\net6.0\Newtonsoft.Json.dll" because AutoUnify is 'true'.
             Resolved file path is "C:\Program Files\dotnet\packs\Microsoft.NETCore.App.Ref\10.0.2\ref\net10.0\System.Xml.ReaderWriter.dll".
             Reference found at search path location "{RawFileName}".
             This reference is not "CopyLocal" because at least one source item had "Private" set to "false" and no source items had "Private" set to "true".
         Primary reference "System.Xml.Serialization, Version=4.0.0.0, Culture=neutral, PublicKeyToken=b77a5c561934e089".
             Resolved file path is "C:\Program Files\dotnet\packs\Microsoft.NETCore.App.Ref\10.0.2\ref\net10.0\System.Xml.Serialization.dll".
             Reference found at search path location "{RawFileName}".
             This reference is not "CopyLocal" because at least one source item had "Private" set to "false" and no source items had "Private" set to "true".
         Unified primary reference "System.Xml.XDocument, Version=10.0.0.0, Culture=neutral, PublicKeyToken=b03f5f7f11d50a3a".
             Using this version instead of original version "6.0.0.0" in "C:\Users\ShShohruz\.nuget\packages\newtonsoft.json\13.0.4\lib\net6.0\Newtonsoft.Json.dll" because AutoUnify is 'true'.
             Resolved file path is "C:\Program Files\dotnet\packs\Microsoft.NETCore.App.Ref\10.0.2\ref\net10.0\System.Xml.XDocument.dll".
             Reference found at search path location "{RawFileName}".
             This reference is not "CopyLocal" because at least one source item had "Private" set to "false" and no source items had "Private" set to "true".
         Primary reference "System.Xml.XPath.XDocument, Version=10.0.0.0, Culture=neutral, PublicKeyToken=b03f5f7f11d50a3a".
             Resolved file path is "C:\Program Files\dotnet\packs\Microsoft.NETCore.App.Ref\10.0.2\ref\net10.0\System.Xml.XPath.XDocument.dll".
             Reference found at search path location "{RawFileName}".
             This reference is not "CopyLocal" because at least one source item had "Private" set to "false" and no source items had "Private" set to "true".
         Primary reference "System.Xml.XPath, Version=10.0.0.0, Culture=neutral, PublicKeyToken=b03f5f7f11d50a3a".
             Resolved file path is "C:\Program Files\dotnet\packs\Microsoft.NETCore.App.Ref\10.0.2\ref\net10.0\System.Xml.XPath.dll".
             Reference found at search path location "{RawFileName}".
             This reference is not "CopyLocal" because at least one source item had "Private" set to "false" and no source items had "Private" set to "true".
         Primary reference "System.Xml.XmlDocument, Version=10.0.0.0, Culture=neutral, PublicKeyToken=b03f5f7f11d50a3a".
             Resolved file path is "C:\Program Files\dotnet\packs\Microsoft.NETCore.App.Ref\10.0.2\ref\net10.0\System.Xml.XmlDocument.dll".
             Reference found at search path location "{RawFileName}".
             This reference is not "CopyLocal" because at least one source item had "Private" set to "false" and no source items had "Private" set to "true".
         Primary reference "System.Xml.XmlSerializer, Version=10.0.0.0, Culture=neutral, PublicKeyToken=b03f5f7f11d50a3a".
             Resolved file path is "C:\Program Files\dotnet\packs\Microsoft.NETCore.App.Ref\10.0.2\ref\net10.0\System.Xml.XmlSerializer.dll".
             Reference found at search path location "{RawFileName}".
             This reference is not "CopyLocal" because at least one source item had "Private" set to "false" and no source items had "Private" set to "true".
         Primary reference "System.Xml, Version=4.0.0.0, Culture=neutral, PublicKeyToken=b77a5c561934e089".
             Resolved file path is "C:\Program Files\dotnet\packs\Microsoft.NETCore.App.Ref\10.0.2\ref\net10.0\System.Xml.dll".
             Reference found at search path location "{RawFileName}".
             This reference is not "CopyLocal" because at least one source item had "Private" set to "false" and no source items had "Private" set to "true".
         Primary reference "System, Version=4.0.0.0, Culture=neutral, PublicKeyToken=b77a5c561934e089".
             Resolved file path is "C:\Program Files\dotnet\packs\Microsoft.NETCore.App.Ref\10.0.2\ref\net10.0\System.dll".
             Reference found at search path location "{RawFileName}".
             This reference is not "CopyLocal" because at least one source item had "Private" set to "false" and no source items had "Private" set to "true".
         Primary reference "WindowsBase, Version=4.0.0.0, Culture=neutral, PublicKeyToken=31bf3856ad364e35".
             Resolved file path is "C:\Program Files\dotnet\packs\Microsoft.NETCore.App.Ref\10.0.2\ref\net10.0\WindowsBase.dll".
             Reference found at search path location "{RawFileName}".
             This reference is not "CopyLocal" because at least one source item had "Private" set to "false" and no source items had "Private" set to "true".
         Primary reference "mscorlib, Version=4.0.0.0, Culture=neutral, PublicKeyToken=b77a5c561934e089".
             Resolved file path is "C:\Program Files\dotnet\packs\Microsoft.NETCore.App.Ref\10.0.2\ref\net10.0\mscorlib.dll".
             Reference found at search path location "{RawFileName}".
             This reference is not "CopyLocal" because at least one source item had "Private" set to "false" and no source items had "Private" set to "true".
         Primary reference "netstandard, Version=2.1.0.0, Culture=neutral, PublicKeyToken=cc7b13ffcd2ddd51".
             Resolved file path is "C:\Program Files\dotnet\packs\Microsoft.NETCore.App.Ref\10.0.2\ref\net10.0\netstandard.dll".
             Reference found at search path location "{RawFileName}".
             This reference is not "CopyLocal" because at least one source item had "Private" set to "false" and no source items had "Private" set to "true".
         Unified primary reference "Microsoft.Windows.SDK.NET, Version=10.0.19041.38, Culture=neutral, PublicKeyToken=31bf3856ad364e35".
             Using this version instead of original version "10.0.17763.38" in "C:\Users\ShShohruz\.nuget\packages\microsoft.web.webview2\1.0.3179.45\lib_manual\net8.0-windows10.0.17763.0\Microsoft.Web.WebView2.Core.Projection.dll" because AutoUnify is 'true'.
             Using this version instead of original version "10.0.17763.38" in "C:\Users\ShShohruz\.nuget\packages\microsoft.windowsappsdk.ai\1.8.47\lib\net6.0-windows10.0.17763.0\Microsoft.Graphics.Imaging.Projection.dll" because AutoUnify is 'true'.
             Using this version instead of original version "10.0.17763.38" in "C:\Users\ShShohruz\.nuget\packages\microsoft.windowsappsdk.ai\1.8.47\lib\net6.0-windows10.0.17763.0\Microsoft.Windows.AI.ContentSafety.Projection.dll" because AutoUnify is 'true'.
             Using this version instead of original version "10.0.17763.38" in "C:\Users\ShShohruz\.nuget\packages\microsoft.windowsappsdk.ai\1.8.47\lib\net6.0-windows10.0.17763.0\Microsoft.Windows.AI.Foundation.Projection.dll" because AutoUnify is 'true'.
             Using this version instead of original version "10.0.17763.38" in "C:\Users\ShShohruz\.nuget\packages\microsoft.windowsappsdk.ai\1.8.47\lib\net6.0-windows10.0.17763.0\Microsoft.Windows.AI.Imaging.Projection.dll" because AutoUnify is 'true'.
             Using this version instead of original version "10.0.17763.38" in "C:\Users\ShShohruz\.nuget\packages\microsoft.windowsappsdk.ai\1.8.47\lib\net6.0-windows10.0.17763.0\Microsoft.Windows.AI.Projection.dll" because AutoUnify is 'true'.
             Using this version instead of original version "10.0.17763.38" in "C:\Users\ShShohruz\.nuget\packages\microsoft.windowsappsdk.ai\1.8.47\lib\net6.0-windows10.0.17763.0\Microsoft.Windows.AI.Text.Projection.dll" because AutoUnify is 'true'.
             Using this version instead of original version "10.0.17763.38" in "C:\Users\ShShohruz\.nuget\packages\microsoft.windowsappsdk.foundation\1.8.260203002\lib\net6.0-windows10.0.17763.0\Microsoft.Security.Authentication.OAuth.Projection.dll" because AutoUnify is 'true'.
             Using this version instead of original version "10.0.17763.38" in "C:\Users\ShShohruz\.nuget\packages\microsoft.windowsappsdk.foundation\1.8.260203002\lib\net6.0-windows10.0.17763.0\Microsoft.Windows.AppLifecycle.Projection.dll" because AutoUnify is 'true'.
             Using this version instead of original version "10.0.17763.38" in "C:\Users\ShShohruz\.nuget\packages\microsoft.windowsappsdk.foundation\1.8.260203002\lib\net6.0-windows10.0.17763.0\Microsoft.Windows.AppNotifications.Builder.Projection.dll" because AutoUnify is 'true'.
             Using this version instead of original version "10.0.17763.38" in "C:\Users\ShShohruz\.nuget\packages\microsoft.windowsappsdk.foundation\1.8.260203002\lib\net6.0-windows10.0.17763.0\Microsoft.Windows.AppNotifications.Projection.dll" because AutoUnify is 'true'.
             Using this version instead of original version "10.0.17763.38" in "C:\Users\ShShohruz\.nuget\packages\microsoft.windowsappsdk.foundation\1.8.260203002\lib\net6.0-windows10.0.17763.0\Microsoft.Windows.ApplicationModel.Background.Projection.dll" because AutoUnify is 'true'.
             Using this version instead of original version "10.0.17763.38" in "C:\Users\ShShohruz\.nuget\packages\microsoft.windowsappsdk.foundation\1.8.260203002\lib\net6.0-windows10.0.17763.0\Microsoft.Windows.ApplicationModel.DynamicDependency.Projection.dll" because AutoUnify is 'true'.
             Using this version instead of original version "10.0.17763.38" in "C:\Users\ShShohruz\.nuget\packages\microsoft.windowsappsdk.foundation\1.8.260203002\lib\net6.0-windows10.0.17763.0\Microsoft.Windows.ApplicationModel.Resources.Projection.dll" because AutoUnify is 'true'.
             Using this version instead of original version "10.0.17763.38" in "C:\Users\ShShohruz\.nuget\packages\microsoft.windowsappsdk.foundation\1.8.260203002\lib\net6.0-windows10.0.17763.0\Microsoft.Windows.ApplicationModel.WindowsAppRuntime.Projection.dll" because AutoUnify is 'true'.
             Using this version instead of original version "10.0.17763.38" in "C:\Users\ShShohruz\.nuget\packages\microsoft.windowsappsdk.foundation\1.8.260203002\lib\net6.0-windows10.0.17763.0\Microsoft.Windows.BadgeNotifications.Projection.dll" because AutoUnify is 'true'.
             Using this version instead of original version "10.0.17763.38" in "C:\Users\ShShohruz\.nuget\packages\microsoft.windowsappsdk.foundation\1.8.260203002\lib\net6.0-windows10.0.17763.0\Microsoft.Windows.Foundation.Projection.dll" because AutoUnify is 'true'.
             Using this version instead of original version "10.0.17763.38" in "C:\Users\ShShohruz\.nuget\packages\microsoft.windowsappsdk.foundation\1.8.260203002\lib\net6.0-windows10.0.17763.0\Microsoft.Windows.Management.Deployment.Projection.dll" because AutoUnify is 'true'.
             Using this version instead of original version "10.0.17763.38" in "C:\Users\ShShohruz\.nuget\packages\microsoft.windowsappsdk.foundation\1.8.260203002\lib\net6.0-windows10.0.17763.0\Microsoft.Windows.Media.Capture.Projection.dll" because AutoUnify is 'true'.
             Using this version instead of original version "10.0.17763.38" in "C:\Users\ShShohruz\.nuget\packages\microsoft.windowsappsdk.foundation\1.8.260203002\lib\net6.0-windows10.0.17763.0\Microsoft.Windows.PushNotifications.Projection.dll" because AutoUnify is 'true'.
             Using this version instead of original version "10.0.17763.38" in "C:\Users\ShShohruz\.nuget\packages\microsoft.windowsappsdk.foundation\1.8.260203002\lib\net6.0-windows10.0.17763.0\Microsoft.Windows.Security.AccessControl.Projection.dll" because AutoUnify is 'true'.
             Using this version instead of original version "10.0.17763.38" in "C:\Users\ShShohruz\.nuget\packages\microsoft.windowsappsdk.foundation\1.8.260203002\lib\net6.0-windows10.0.17763.0\Microsoft.Windows.Storage.Pickers.Projection.dll" because AutoUnify is 'true'.
             Using this version instead of original version "10.0.17763.38" in "C:\Users\ShShohruz\.nuget\packages\microsoft.windowsappsdk.foundation\1.8.260203002\lib\net6.0-windows10.0.17763.0\Microsoft.Windows.Storage.Projection.dll" because AutoUnify is 'true'.
             Using this version instead of original version "10.0.17763.38" in "C:\Users\ShShohruz\.nuget\packages\microsoft.windowsappsdk.foundation\1.8.260203002\lib\net6.0-windows10.0.17763.0\Microsoft.Windows.System.Power.Projection.dll" because AutoUnify is 'true'.
             Using this version instead of original version "10.0.17763.38" in "C:\Users\ShShohruz\.nuget\packages\microsoft.windowsappsdk.foundation\1.8.260203002\lib\net6.0-windows10.0.17763.0\Microsoft.Windows.System.Projection.dll" because AutoUnify is 'true'.
             Using this version instead of original version "10.0.18362.38" in "C:\Users\ShShohruz\.nuget\packages\microsoft.windowsappsdk.interactiveexperiences\1.8.260125001\lib\net6.0-windows10.0.18362.0\Microsoft.InteractiveExperiences.Projection.dll" because AutoUnify is 'true'.
             Using this version instead of original version "10.0.17763.38" in "C:\Users\ShShohruz\.nuget\packages\microsoft.windowsappsdk.ml\1.8.2124\lib\net8.0-windows10.0.17763.0\Microsoft.Windows.AI.MachineLearning.Projection.dll" because AutoUnify is 'true'.
             Using this version instead of original version "10.0.17763.38" in "C:\Users\ShShohruz\.nuget\packages\microsoft.windowsappsdk.widgets\1.8.251231004\lib\net6.0-windows10.0.17763.0\Microsoft.Windows.Widgets.Projection.dll" because AutoUnify is 'true'.
             Using this version instead of original version "10.0.17763.38" in "C:\Users\ShShohruz\.nuget\packages\microsoft.windowsappsdk.winui\1.8.260204000\lib\net6.0-windows10.0.17763.0\Microsoft.WinUI.dll" because AutoUnify is 'true'.
             Resolved file path is "C:\Users\ShShohruz\.nuget\packages\microsoft.windows.sdk.net.ref\10.0.19041.57\lib\net8.0\Microsoft.Windows.SDK.NET.dll".
             Reference found at search path location "{RawFileName}".
             This reference is not "CopyLocal" because at least one source item had "Private" set to "false" and no source items had "Private" set to "true".
         Unified primary reference "WinRT.Runtime, Version=2.2.0.0, Culture=neutral, PublicKeyToken=99ea127f02d97709".
             Using this version instead of original version "2.1.0.0" in "C:\Users\ShShohruz\.nuget\packages\microsoft.web.webview2\1.0.3179.45\lib_manual\net8.0-windows10.0.17763.0\Microsoft.Web.WebView2.Core.Projection.dll" because AutoUnify is 'true'.
             Using this version instead of original version "2.1.0.0" in "C:\Users\ShShohruz\.nuget\packages\microsoft.windowsappsdk.ai\1.8.47\lib\net6.0-windows10.0.17763.0\Microsoft.Graphics.Imaging.Projection.dll" because AutoUnify is 'true'.
             Using this version instead of original version "2.1.0.0" in "C:\Users\ShShohruz\.nuget\packages\microsoft.windowsappsdk.ai\1.8.47\lib\net6.0-windows10.0.17763.0\Microsoft.Windows.AI.ContentSafety.Projection.dll" because AutoUnify is 'true'.
             Using this version instead of original version "2.1.0.0" in "C:\Users\ShShohruz\.nuget\packages\microsoft.windowsappsdk.ai\1.8.47\lib\net6.0-windows10.0.17763.0\Microsoft.Windows.AI.Foundation.Projection.dll" because AutoUnify is 'true'.
             Using this version instead of original version "2.1.0.0" in "C:\Users\ShShohruz\.nuget\packages\microsoft.windowsappsdk.ai\1.8.47\lib\net6.0-windows10.0.17763.0\Microsoft.Windows.AI.Imaging.Projection.dll" because AutoUnify is 'true'.
             Using this version instead of original version "2.1.0.0" in "C:\Users\ShShohruz\.nuget\packages\microsoft.windowsappsdk.ai\1.8.47\lib\net6.0-windows10.0.17763.0\Microsoft.Windows.AI.Projection.dll" because AutoUnify is 'true'.
             Using this version instead of original version "2.1.0.0" in "C:\Users\ShShohruz\.nuget\packages\microsoft.windowsappsdk.ai\1.8.47\lib\net6.0-windows10.0.17763.0\Microsoft.Windows.AI.Text.Projection.dll" because AutoUnify is 'true'.
             Using this version instead of original version "2.1.0.0" in "C:\Users\ShShohruz\.nuget\packages\microsoft.windowsappsdk.foundation\1.8.260203002\lib\net6.0-windows10.0.17763.0\Microsoft.Security.Authentication.OAuth.Projection.dll" because AutoUnify is 'true'.
             Using this version instead of original version "2.1.0.0" in "C:\Users\ShShohruz\.nuget\packages\microsoft.windowsappsdk.foundation\1.8.260203002\lib\net6.0-windows10.0.17763.0\Microsoft.Windows.AppLifecycle.Projection.dll" because AutoUnify is 'true'.
             Using this version instead of original version "2.1.0.0" in "C:\Users\ShShohruz\.nuget\packages\microsoft.windowsappsdk.foundation\1.8.260203002\lib\net6.0-windows10.0.17763.0\Microsoft.Windows.AppNotifications.Builder.Projection.dll" because AutoUnify is 'true'.
             Using this version instead of original version "2.1.0.0" in "C:\Users\ShShohruz\.nuget\packages\microsoft.windowsappsdk.foundation\1.8.260203002\lib\net6.0-windows10.0.17763.0\Microsoft.Windows.AppNotifications.Projection.dll" because AutoUnify is 'true'.
             Using this version instead of original version "2.1.0.0" in "C:\Users\ShShohruz\.nuget\packages\microsoft.windowsappsdk.foundation\1.8.260203002\lib\net6.0-windows10.0.17763.0\Microsoft.Windows.ApplicationModel.Background.Projection.dll" because AutoUnify is 'true'.
             Using this version instead of original version "2.1.0.0" in "C:\Users\ShShohruz\.nuget\packages\microsoft.windowsappsdk.foundation\1.8.260203002\lib\net6.0-windows10.0.17763.0\Microsoft.Windows.ApplicationModel.DynamicDependency.Projection.dll" because AutoUnify is 'true'.
             Using this version instead of original version "2.1.0.0" in "C:\Users\ShShohruz\.nuget\packages\microsoft.windowsappsdk.foundation\1.8.260203002\lib\net6.0-windows10.0.17763.0\Microsoft.Windows.ApplicationModel.Resources.Projection.dll" because AutoUnify is 'true'.
             Using this version instead of original version "2.1.0.0" in "C:\Users\ShShohruz\.nuget\packages\microsoft.windowsappsdk.foundation\1.8.260203002\lib\net6.0-windows10.0.17763.0\Microsoft.Windows.ApplicationModel.WindowsAppRuntime.Projection.dll" because AutoUnify is 'true'.
             Using this version instead of original version "2.1.0.0" in "C:\Users\ShShohruz\.nuget\packages\microsoft.windowsappsdk.foundation\1.8.260203002\lib\net6.0-windows10.0.17763.0\Microsoft.Windows.BadgeNotifications.Projection.dll" because AutoUnify is 'true'.
             Using this version instead of original version "2.1.0.0" in "C:\Users\ShShohruz\.nuget\packages\microsoft.windowsappsdk.foundation\1.8.260203002\lib\net6.0-windows10.0.17763.0\Microsoft.Windows.Foundation.Projection.dll" because AutoUnify is 'true'.
             Using this version instead of original version "2.1.0.0" in "C:\Users\ShShohruz\.nuget\packages\microsoft.windowsappsdk.foundation\1.8.260203002\lib\net6.0-windows10.0.17763.0\Microsoft.Windows.Management.Deployment.Projection.dll" because AutoUnify is 'true'.
             Using this version instead of original version "2.1.0.0" in "C:\Users\ShShohruz\.nuget\packages\microsoft.windowsappsdk.foundation\1.8.260203002\lib\net6.0-windows10.0.17763.0\Microsoft.Windows.Media.Capture.Projection.dll" because AutoUnify is 'true'.
             Using this version instead of original version "2.1.0.0" in "C:\Users\ShShohruz\.nuget\packages\microsoft.windowsappsdk.foundation\1.8.260203002\lib\net6.0-windows10.0.17763.0\Microsoft.Windows.PushNotifications.Projection.dll" because AutoUnify is 'true'.
             Using this version instead of original version "2.1.0.0" in "C:\Users\ShShohruz\.nuget\packages\microsoft.windowsappsdk.foundation\1.8.260203002\lib\net6.0-windows10.0.17763.0\Microsoft.Windows.Security.AccessControl.Projection.dll" because AutoUnify is 'true'.
             Using this version instead of original version "2.1.0.0" in "C:\Users\ShShohruz\.nuget\packages\microsoft.windowsappsdk.foundation\1.8.260203002\lib\net6.0-windows10.0.17763.0\Microsoft.Windows.Storage.Pickers.Projection.dll" because AutoUnify is 'true'.
             Using this version instead of original version "2.1.0.0" in "C:\Users\ShShohruz\.nuget\packages\microsoft.windowsappsdk.foundation\1.8.260203002\lib\net6.0-windows10.0.17763.0\Microsoft.Windows.Storage.Projection.dll" because AutoUnify is 'true'.
             Using this version instead of original version "2.1.0.0" in "C:\Users\ShShohruz\.nuget\packages\microsoft.windowsappsdk.foundation\1.8.260203002\lib\net6.0-windows10.0.17763.0\Microsoft.Windows.System.Power.Projection.dll" because AutoUnify is 'true'.
             Using this version instead of original version "2.1.0.0" in "C:\Users\ShShohruz\.nuget\packages\microsoft.windowsappsdk.foundation\1.8.260203002\lib\net6.0-windows10.0.17763.0\Microsoft.Windows.System.Projection.dll" because AutoUnify is 'true'.
             Using this version instead of original version "2.1.0.0" in "C:\Users\ShShohruz\.nuget\packages\microsoft.windowsappsdk.interactiveexperiences\1.8.260125001\lib\net6.0-windows10.0.18362.0\Microsoft.InteractiveExperiences.Projection.dll" because AutoUnify is 'true'.
             Using this version instead of original version "2.1.0.0" in "C:\Users\ShShohruz\.nuget\packages\microsoft.windowsappsdk.ml\1.8.2124\lib\net8.0-windows10.0.17763.0\Microsoft.Windows.AI.MachineLearning.Projection.dll" because AutoUnify is 'true'.
             Using this version instead of original version "2.1.0.0" in "C:\Users\ShShohruz\.nuget\packages\microsoft.windowsappsdk.widgets\1.8.251231004\lib\net6.0-windows10.0.17763.0\Microsoft.Windows.Widgets.Projection.dll" because AutoUnify is 'true'.
             Using this version instead of original version "2.1.0.0" in "C:\Users\ShShohruz\.nuget\packages\microsoft.windowsappsdk.winui\1.8.260204000\lib\net6.0-windows10.0.17763.0\Microsoft.WinUI.dll" because AutoUnify is 'true'.
             Resolved file path is "C:\Users\ShShohruz\.nuget\packages\microsoft.windows.sdk.net.ref\10.0.19041.57\lib\net8.0\WinRT.Runtime.dll".
             Reference found at search path location "{RawFileName}".
             This reference is not "CopyLocal" because at least one source item had "Private" set to "false" and no source items had "Private" set to "true".
       Done executing task "ResolveAssemblyReference".
   2:6>Done building target "ResolveAssemblyReferences" in project "ChatmeWindows.csproj".
   2:6>Target "AfterResolveReferences" in file "C:\Program Files\dotnet\sdk\10.0.200-preview.0.26103.119\Microsoft.Common.CurrentVersion.targets" from project "D:\ChatmeLast\windows\ChatmeWindows\ChatmeWindows.csproj" (target "ResolveReferences" depends on it):
   2:6>Done building target "AfterResolveReferences" in project "ChatmeWindows.csproj".
       Target "ResolveAssemblyReferences" skipped. Previously built successfully.
   2:6>Target "WindowsAppSDKVerifyCsWinRtVersions" in file "C:\Users\ShShohruz\.nuget\packages\microsoft.windowsappsdk.base\1.8.251216001\buildTransitive\Microsoft.WindowsAppSDK.Base.targets" from project "D:\ChatmeLast\windows\ChatmeWindows\ChatmeWindows.csproj" (target "ResolveReferences" depends on it):
   2:6>Done building target "WindowsAppSDKVerifyCsWinRtVersions" in project "ChatmeWindows.csproj".
   2:6>Target "ResolveReferences" in file "C:\Program Files\dotnet\sdk\10.0.200-preview.0.26103.119\Microsoft.Common.CurrentVersion.targets" from project "D:\ChatmeLast\windows\ChatmeWindows\ChatmeWindows.csproj" (target "_BlockWinMDsOnUnsupportedTFMs" depends on it):
   2:6>Done building target "ResolveReferences" in project "ChatmeWindows.csproj".
   2:6>Target "_BlockWinMDsOnUnsupportedTFMs" in file "C:\Program Files\dotnet\sdk\10.0.200-preview.0.26103.119\Sdks\Microsoft.NET.Sdk\targets\Microsoft.NET.Sdk.targets" from project "D:\ChatmeLast\windows\ChatmeWindows\ChatmeWindows.csproj" (target "CoreBuild" depends on it):
       Using "CheckForUnsupportedWinMDReferences" task from assembly "C:\Program Files\dotnet\sdk\10.0.200-preview.0.26103.119\Sdks\Microsoft.NET.Sdk\targets\..\tools\net10.0\Microsoft.NET.Build.Tasks.dll".
       Task "CheckForUnsupportedWinMDReferences"
       Done executing task "CheckForUnsupportedWinMDReferences".
   2:6>Done building target "_BlockWinMDsOnUnsupportedTFMs" in project "ChatmeWindows.csproj".
       Target "ResolveReferences" skipped. Previously built successfully.
       Target "ResolvePackageDependenciesForBuild" skipped. Previously built successfully.
       Target "_HandlePackageFileConflicts" skipped. Previously built successfully.
       Target "AddImplicitDefineConstants" skipped. Previously built successfully.
   2:6>Target "GetVCInstallPath" in file "C:\Users\ShShohruz\.nuget\packages\microsoft.windowsappsdk.winui\1.8.260204000\buildTransitive\Microsoft.UI.Xaml.Markup.Compiler.interop.targets" from project "D:\ChatmeLast\windows\ChatmeWindows\ChatmeWindows.csproj" (target "MarkupCompilePass1" depends on it):
   2:6>Done building target "GetVCInstallPath" in project "ChatmeWindows.csproj".
   2:6>Target "GetPriIndexName" in file "C:\Users\ShShohruz\.nuget\packages\microsoft.windowsappsdk.winui\1.8.260204000\buildTransitive\Microsoft.UI.Xaml.Markup.Compiler.interop.targets" from project "D:\ChatmeLast\windows\ChatmeWindows\ChatmeWindows.csproj" (target "MarkupCompilePass1" depends on it):
   2:6>Done building target "GetPriIndexName" in project "ChatmeWindows.csproj".
   2:6>Target "GetPrecompiledHeaderFile" in file "C:\Users\ShShohruz\.nuget\packages\microsoft.windowsappsdk.winui\1.8.260204000\buildTransitive\Microsoft.UI.Xaml.Markup.Compiler.interop.targets" from project "D:\ChatmeLast\windows\ChatmeWindows\ChatmeWindows.csproj" (target "MarkupCompilePass1" depends on it):
   2:6>Done building target "GetPrecompiledHeaderFile" in project "ChatmeWindows.csproj".
   2:6>Target "MarkupCompilePass1" in file "C:\Users\ShShohruz\.nuget\packages\microsoft.windowsappsdk.winui\1.8.260204000\buildTransitive\Microsoft.UI.Xaml.Markup.Compiler.interop.targets" from project "D:\ChatmeLast\windows\ChatmeWindows\ChatmeWindows.csproj" (target "PrepareResources" depends on it):
       Task "MakeDir"
       Done executing task "MakeDir".
       Assembly loaded during TaskRun: Microsoft.UI.Xaml.Markup.Compiler.IO, Version=3.0.0.2602, Culture=neutral, PublicKeyToken=de31ebe4ad15742b (location: C:\Users\ShShohruz\.nuget\packages\microsoft.windowsappsdk.winui\1.8.260204000\tools\net6.0\Microsoft.UI.Xaml.Markup.Compiler.IO.dll, MVID: fe57a96f-6581-4ae7-a551-fdfef15acb61, AssemblyLoadContext: MSBuild plugin C:\Users\ShShohruz\.nuget\packages\microsoft.windowsappsdk.winui\1.8.260204000\tools\net6.0\Microsoft.UI.Xaml.Markup.Compiler.IO.dll)
       Assembly loaded during TaskRun: Microsoft.UI.Xaml.Markup.Compiler.MSBuildInterop, Version=3.0.0.2602, Culture=neutral, PublicKeyToken=de31ebe4ad15742b (location: C:\Users\ShShohruz\.nuget\packages\microsoft.windowsappsdk.winui\1.8.260204000\tools\net6.0\Microsoft.UI.Xaml.Markup.Compiler.MSBuildInterop.dll, MVID: 7e5ecee1-b719-4813-8ec7-fe2119b9fadd, AssemblyLoadContext: MSBuild plugin C:\Users\ShShohruz\.nuget\packages\microsoft.windowsappsdk.winui\1.8.260204000\tools\net6.0\Microsoft.UI.Xaml.Markup.Compiler.IO.dll)
       Using "InputSerializer" task from assembly "C:\Users\ShShohruz\.nuget\packages\microsoft.windowsappsdk.winui\1.8.260204000\buildTransitive\..\tools\net6.0\Microsoft.UI.Xaml.Markup.Compiler.IO.dll".
       Task "InputSerializer"
         Assembly loaded during TaskRun (Microsoft.UI.Xaml.Markup.Compiler.IO.InputSerializer): System.Text.Json, Version=6.0.0.0, Culture=neutral, PublicKeyToken=cc7b13ffcd2ddd51 (location: C:\Users\ShShohruz\.nuget\packages\microsoft.windowsappsdk.winui\1.8.260204000\tools\net6.0\System.Text.Json.dll, MVID: 18286260-1922-4a47-ab1c-75627396fd30, AssemblyLoadContext: MSBuild plugin C:\Users\ShShohruz\.nuget\packages\microsoft.windowsappsdk.winui\1.8.260204000\tools\net6.0\Microsoft.UI.Xaml.Markup.Compiler.IO.dll)
         Assembly loaded during TaskRun (Microsoft.UI.Xaml.Markup.Compiler.IO.InputSerializer): Microsoft.Bcl.AsyncInterfaces, Version=6.0.0.0, Culture=neutral, PublicKeyToken=cc7b13ffcd2ddd51 (location: C:\Users\ShShohruz\.nuget\packages\microsoft.windowsappsdk.winui\1.8.260204000\tools\net6.0\Microsoft.Bcl.AsyncInterfaces.dll, MVID: b2422c07-7a9d-4584-af3f-f1d7011f6a5a, AssemblyLoadContext: MSBuild plugin C:\Users\ShShohruz\.nuget\packages\microsoft.windowsappsdk.winui\1.8.260204000\tools\net6.0\Microsoft.UI.Xaml.Markup.Compiler.IO.dll)
         Assembly loaded during TaskRun (Microsoft.UI.Xaml.Markup.Compiler.IO.InputSerializer): System.Text.Encodings.Web, Version=6.0.0.0, Culture=neutral, PublicKeyToken=cc7b13ffcd2ddd51 (location: C:\Users\ShShohruz\.nuget\packages\microsoft.windowsappsdk.winui\1.8.260204000\tools\net6.0\System.Text.Encodings.Web.dll, MVID: c7521d8a-f0e7-4fc7-b157-923bd9b7a91e, AssemblyLoadContext: MSBuild plugin C:\Users\ShShohruz\.nuget\packages\microsoft.windowsappsdk.winui\1.8.260204000\tools\net6.0\Microsoft.UI.Xaml.Markup.Compiler.IO.dll)
         Assembly loaded during TaskRun (Microsoft.UI.Xaml.Markup.Compiler.IO.InputSerializer): mscorlib, Version=4.0.0.0, Culture=neutral, PublicKeyToken=b77a5c561934e089 (location: C:\Program Files\dotnet\shared\Microsoft.NETCore.App\10.0.2\mscorlib.dll, MVID: 8ecd1646-5a61-4d09-b6cd-383158656d2e, AssemblyLoadContext: Default)
         Assembly loaded during TaskRun (Microsoft.UI.Xaml.Markup.Compiler.IO.InputSerializer): System.Core, Version=4.0.0.0, Culture=neutral, PublicKeyToken=b77a5c561934e089 (location: C:\Program Files\dotnet\shared\Microsoft.NETCore.App\10.0.2\System.Core.dll, MVID: 478b52e1-3778-46ef-b3ed-abd3bf7f8455, AssemblyLoadContext: Default)
         Assembly loaded during TaskRun (Microsoft.UI.Xaml.Markup.Compiler.IO.InputSerializer): System.Threading.Tasks.Extensions, Version=10.0.0.0, Culture=neutral, PublicKeyToken=cc7b13ffcd2ddd51 (location: C:\Program Files\dotnet\shared\Microsoft.NETCore.App\10.0.2\System.Threading.Tasks.Extensions.dll, MVID: 53577ae7-d514-42f8-9681-c37190079001, AssemblyLoadContext: Default)
         Assembly loaded during TaskRun (Microsoft.UI.Xaml.Markup.Compiler.IO.InputSerializer): System.Buffers, Version=10.0.0.0, Culture=neutral, PublicKeyToken=cc7b13ffcd2ddd51 (location: C:\Program Files\dotnet\shared\Microsoft.NETCore.App\10.0.2\System.Buffers.dll, MVID: 9968321e-d391-4c70-9fab-120cf676aeec, AssemblyLoadContext: Default)
       Done executing task "InputSerializer".
       Using "Exec" task from assembly "Microsoft.Build.Tasks.Core, Version=15.1.0.0, Culture=neutral, PublicKeyToken=b03f5f7f11d50a3a".
       Task "Exec"
         "C:\Users\ShShohruz\.nuget\packages\microsoft.windowsappsdk.winui\1.8.260204000\buildTransitive\..\tools\net6.0\..\net472\XamlCompiler.exe" "obj\x64\Debug\net10.0-windows10.0.19041.0\win-x64\\input.json" "obj\x64\Debug\net10.0-windows10.0.19041.0\win-x64\\output.json"
   2:6>C:\Users\ShShohruz\.nuget\packages\microsoft.windowsappsdk.winui\1.8.260204000\buildTransitive\Microsoft.UI.Xaml.Markup.Compiler.interop.targets(594,9): error MSB3073: The command ""C:\Users\ShShohruz\.nuget\packages\microsoft.windowsappsdk.winui\1.8.260204000\buildTransitive\..\tools\net6.0\..\net472\XamlCompiler.exe" "obj\x64\Debug\net10.0-windows10.0.19041.0\win-x64\\input.json" "obj\x64\Debug\net10.0-windows10.0.19041.0\win-x64\\output.json"" exited with code 1. [D:\ChatmeLast\windows\ChatmeWindows\ChatmeWindows.csproj]
       Done executing task "Exec" -- FAILED.
   2:6>Done building target "MarkupCompilePass1" in project "ChatmeWindows.csproj" -- FAILED.
   2:6>Target "_CheckForCompileOutputs" in file "C:\Program Files\dotnet\sdk\10.0.200-preview.0.26103.119\Microsoft.Common.CurrentVersion.targets" from project "D:\ChatmeLast\windows\ChatmeWindows\ChatmeWindows.csproj" (target "_CleanGetCurrentAndPriorFileWrites" depends on it):
       C:\Program Files\dotnet\sdk\10.0.200-preview.0.26103.119\Microsoft.Common.CurrentVersion.targets(5590,7): message : Property reassignment: $(_DebugSymbolsProduced)="false" (previous value: "true") at C:\Program Files\dotnet\sdk\10.0.200-preview.0.26103.119\Microsoft.Common.CurrentVersion.targets (5590,7) [D:\ChatmeLast\windows\ChatmeWindows\ChatmeWindows.csproj]
   2:6>Done building target "_CheckForCompileOutputs" in project "ChatmeWindows.csproj".
   2:6>Target "_CleanGetCurrentAndPriorFileWrites" in file "C:\Program Files\dotnet\sdk\10.0.200-preview.0.26103.119\Microsoft.Common.CurrentVersion.targets" from project "D:\ChatmeLast\windows\ChatmeWindows\ChatmeWindows.csproj" (target "_CleanRecordFileWrites" depends on it):
       Using "ReadLinesFromFile" task from assembly "Microsoft.Build.Tasks.Core, Version=15.1.0.0, Culture=neutral, PublicKeyToken=b03f5f7f11d50a3a".
       Task "ReadLinesFromFile"
       Done executing task "ReadLinesFromFile".
       Task "ConvertToAbsolutePath"
       Done executing task "ConvertToAbsolutePath".
       Using "FindUnderPath" task from assembly "Microsoft.Build.Tasks.Core, Version=15.1.0.0, Culture=neutral, PublicKeyToken=b03f5f7f11d50a3a".
       Task "FindUnderPath"
         Comparison path is "D:\ChatmeLast\windows\ChatmeWindows".
       Done executing task "FindUnderPath".
       Task "FindUnderPath"
         Comparison path is "bin\x64\Debug\net10.0-windows10.0.19041.0\win-x64\".
       Done executing task "FindUnderPath".
       Task "FindUnderPath"
         Comparison path is "obj\x64\Debug\net10.0-windows10.0.19041.0\win-x64\".
       Done executing task "FindUnderPath".
       Task "RemoveDuplicates"
       Done executing task "RemoveDuplicates".
   2:6>Done building target "_CleanGetCurrentAndPriorFileWrites" in project "ChatmeWindows.csproj".
   2:6>Target "_CleanRecordFileWrites" in file "C:\Program Files\dotnet\sdk\10.0.200-preview.0.26103.119\Microsoft.Common.CurrentVersion.targets" from project "D:\ChatmeLast\windows\ChatmeWindows\ChatmeWindows.csproj" (target "CoreBuild" depends on it):
       Task "RemoveDuplicates"
       Done executing task "RemoveDuplicates".
       Task "MakeDir"
       Done executing task "MakeDir".
       Task "WriteLinesToFile"
         Skipping write to file "D:\ChatmeLast\windows\ChatmeWindows\obj\x64\Debug\net10.0-windows10.0.19041.0\win-x64\ChatmeWindows.csproj.FileListAbsolute.txt" because content would not change.
       Done executing task "WriteLinesToFile".
   2:6>Done building target "_CleanRecordFileWrites" in project "ChatmeWindows.csproj".
   2:6>Done Building Project "D:\ChatmeLast\windows\ChatmeWindows\ChatmeWindows.csproj" (default targets) -- FAILED.
   1:2>Done executing task "MSBuild" -- FAILED.
   1:2>Done building target "Build" in project "ChatmeWindows.slnx" -- FAILED.
   1:2>Done Building Project "D:\ChatmeLast\windows\ChatmeWindows\ChatmeWindows.slnx" (default targets) -- FAILED.

Build FAILED.

       "D:\ChatmeLast\windows\ChatmeWindows\ChatmeWindows.slnx" (default target) (1:2) ->
       "D:\ChatmeLast\windows\ChatmeWindows\ChatmeWindows.csproj" (default target) (2:6) ->
       (MarkupCompilePass1 target) -> 
         C:\Users\ShShohruz\.nuget\packages\microsoft.windowsappsdk.winui\1.8.260204000\buildTransitive\Microsoft.UI.Xaml.Markup.Compiler.interop.targets(594,9): error MSB3073: The command ""C:\Users\ShShohruz\.nuget\packages\microsoft.windowsappsdk.winui\1.8.260204000\buildTransitive\..\tools\net6.0\..\net472\XamlCompiler.exe" "obj\x64\Debug\net10.0-windows10.0.19041.0\win-x64\\input.json" "obj\x64\Debug\net10.0-windows10.0.19041.0\win-x64\\output.json"" exited with code 1. [D:\ChatmeLast\windows\ChatmeWindows\ChatmeWindows.csproj]

    0 Warning(s)
    1 Error(s)

Time Elapsed 00:00:11.96
